timestamp,temperature,pressure,humidity,ground_truth_label,faulty_sensor,is_sensor_fault
2026-06-01 00:00:00,23.23,1008.96,80.8,NORMAL,,False
2026-06-01 00:01:00,23.26,1008.91,80.9,NORMAL,,False
2026-06-01 00:02:00,23.22,1008.95,80.9,NORMAL,,False
2026-06-01 00:03:00,23.2,1008.99,81.1,NORMAL,,False
2026-06-01 00:04:00,23.21,1008.93,81.1,NORMAL,,False
2026-06-01 00:05:00,23.11,1008.99,81.2,NORMAL,,False
2026-06-01 00:06:00,23.15,1008.96,81.2,NORMAL,,False
2026-06-01 00:07:00,23.06,1008.96,81.2,NORMAL,,False
2026-06-01 00:08:00,23.16,1008.95,81.2,NORMAL,,False
2026-06-01 00:09:00,23.11,1008.9,81.5,NORMAL,,False
2026-06-01 00:10:00,23.11,1008.86,81.1,NORMAL,,False
2026-06-01 00:11:00,23.04,1008.96,81.2,NORMAL,,False
2026-06-01 00:12:00,23.09,1008.96,81.2,NORMAL,,False
2026-06-01 00:13:00,22.99,1008.92,81.5,NORMAL,,False
2026-06-01 00:14:00,23.03,1008.95,81.7,NORMAL,,False
2026-06-01 00:15:00,23.03,1008.94,81.8,NORMAL,,False
2026-06-01 00:16:00,22.97,1008.91,81.5,NORMAL,,False
2026-06-01 00:17:00,23.01,1008.99,81.7,NORMAL,,False
2026-06-01 00:18:00,22.93,1008.94,81.6,NORMAL,,False
2026-06-01 00:19:00,23.02,1008.94,81.9,NORMAL,,False
2026-06-01 00:20:00,23.01,1008.87,81.8,NORMAL,,False
2026-06-01 00:21:00,22.9,1008.87,82.1,NORMAL,,False
2026-06-01 00:22:00,22.91,1008.9,82.0,NORMAL,,False
2026-06-01 00:23:00,22.93,1008.98,82.1,NORMAL,,False
2026-06-01 00:24:00,22.92,1008.89,81.9,NORMAL,,False
2026-06-01 00:25:00,22.83,1008.89,82.3,NORMAL,,False
2026-06-01 00:26:00,22.85,1008.89,82.3,NORMAL,,False
2026-06-01 00:27:00,22.83,1008.88,81.8,NORMAL,,False
2026-06-01 00:28:00,22.8,1008.94,82.3,NORMAL,,False
2026-06-01 00:29:00,22.82,1008.91,82.3,NORMAL,,False
2026-06-01 00:30:00,22.86,1008.91,82.5,NORMAL,,False
2026-06-01 00:31:00,22.74,1008.92,82.5,NORMAL,,False
2026-06-01 00:32:00,22.84,1008.96,82.4,NORMAL,,False
2026-06-01 00:33:00,22.75,1008.91,82.8,NORMAL,,False
2026-06-01 00:34:00,22.73,1008.9,82.3,NORMAL,,False
2026-06-01 00:35:00,22.81,1008.93,82.7,NORMAL,,False
2026-06-01 00:36:00,22.61,1008.92,82.7,NORMAL,,False
2026-06-01 00:37:00,22.69,1008.9,82.5,NORMAL,,False
2026-06-01 00:38:00,22.79,1008.89,82.4,NORMAL,,False
2026-06-01 00:39:00,22.76,1008.89,82.6,NORMAL,,False
2026-06-01 00:40:00,22.68,1008.91,82.5,NORMAL,,False
2026-06-01 00:41:00,22.61,1008.91,83.0,NORMAL,,False
2026-06-01 00:42:00,22.77,1008.95,82.9,NORMAL,,False
2026-06-01 00:43:00,22.58,1008.92,82.8,NORMAL,,False
2026-06-01 00:44:00,22.72,1008.94,82.6,NORMAL,,False
2026-06-01 00:45:00,22.65,1008.93,83.2,NORMAL,,False
2026-06-01 00:46:00,22.61,1008.87,82.9,NORMAL,,False
2026-06-01 00:47:00,22.61,1008.97,83.0,NORMAL,,False
2026-06-01 00:48:00,22.55,1008.86,83.1,NORMAL,,False
2026-06-01 00:49:00,22.55,1008.94,83.1,NORMAL,,False
2026-06-01 00:50:00,22.63,1008.88,83.1,NORMAL,,False
2026-06-01 00:51:00,22.57,1008.93,83.3,NORMAL,,False
2026-06-01 00:52:00,22.51,1008.92,83.4,NORMAL,,False
2026-06-01 00:53:00,22.56,1008.94,83.5,NORMAL,,False
2026-06-01 00:54:00,22.53,1008.93,83.7,NORMAL,,False
2026-06-01 00:55:00,22.49,1008.97,83.3,NORMAL,,False
2026-06-01 00:56:00,22.5,1008.96,83.4,NORMAL,,False
2026-06-01 00:57:00,22.46,1008.93,83.0,NORMAL,,False
2026-06-01 00:58:00,22.49,1008.95,83.3,NORMAL,,False
2026-06-01 00:59:00,22.5,1008.94,83.2,NORMAL,,False
2026-06-01 01:00:00,22.45,1008.94,83.2,NORMAL,,False
2026-06-01 01:01:00,22.44,1008.95,83.4,NORMAL,,False
2026-06-01 01:02:00,22.46,1008.95,83.4,NORMAL,,False
2026-06-01 01:03:00,22.48,1008.95,83.4,NORMAL,,False
2026-06-01 01:04:00,22.42,1008.88,84.1,NORMAL,,False
2026-06-01 01:05:00,22.44,1008.94,83.6,NORMAL,,False
2026-06-01 01:06:00,22.49,1009.01,83.7,NORMAL,,False
2026-06-01 01:07:00,22.37,1008.93,83.8,NORMAL,,False
2026-06-01 01:08:00,22.35,1008.94,83.7,NORMAL,,False
2026-06-01 01:09:00,22.38,1009.01,83.3,NORMAL,,False
2026-06-01 01:10:00,22.35,1008.93,84.1,NORMAL,,False
2026-06-01 01:11:00,22.37,1008.93,84.5,NORMAL,,False
2026-06-01 01:12:00,22.27,1008.98,83.7,NORMAL,,False
2026-06-01 01:13:00,22.37,1008.96,84.1,NORMAL,,False
2026-06-01 01:14:00,22.25,1009.01,83.8,NORMAL,,False
2026-06-01 01:15:00,22.34,1008.97,83.5,NORMAL,,False
2026-06-01 01:16:00,22.38,1008.99,84.4,NORMAL,,False
2026-06-01 01:17:00,22.32,1008.96,83.7,NORMAL,,False
2026-06-01 01:18:00,22.3,1009.0,84.1,NORMAL,,False
2026-06-01 01:19:00,22.26,1008.97,83.8,NORMAL,,False
2026-06-01 01:20:00,22.22,1008.92,84.2,NORMAL,,False
2026-06-01 01:21:00,22.25,1009.04,84.2,NORMAL,,False
2026-06-01 01:22:00,22.27,1008.99,84.3,NORMAL,,False
2026-06-01 01:23:00,22.22,1009.05,84.0,NORMAL,,False
2026-06-01 01:24:00,22.3,1009.11,84.3,NORMAL,,False
2026-06-01 01:25:00,22.24,1009.02,84.3,NORMAL,,False
2026-06-01 01:26:00,22.22,1009.06,84.7,NORMAL,,False
2026-06-01 01:27:00,22.16,1009.04,84.2,NORMAL,,False
2026-06-01 01:28:00,22.26,1008.96,84.0,NORMAL,,False
2026-06-01 01:29:00,22.12,1009.03,84.3,NORMAL,,False
2026-06-01 01:30:00,22.22,1009.0,84.2,NORMAL,,False
2026-06-01 01:31:00,22.1,1009.05,84.4,NORMAL,,False
2026-06-01 01:32:00,22.24,1009.04,84.5,NORMAL,,False
2026-06-01 01:33:00,22.25,1009.03,84.4,NORMAL,,False
2026-06-01 01:34:00,22.15,1008.99,84.3,NORMAL,,False
2026-06-01 01:35:00,22.18,1009.05,84.5,NORMAL,,False
2026-06-01 01:36:00,22.13,1009.12,84.5,NORMAL,,False
2026-06-01 01:37:00,22.16,1009.06,84.4,NORMAL,,False
2026-06-01 01:38:00,22.15,1009.08,84.2,NORMAL,,False
2026-06-01 01:39:00,22.15,1009.11,84.9,NORMAL,,False
2026-06-01 01:40:00,22.19,1009.11,84.4,NORMAL,,False
2026-06-01 01:41:00,22.08,1009.11,84.6,NORMAL,,False
2026-06-01 01:42:00,22.09,1009.12,85.0,NORMAL,,False
2026-06-01 01:43:00,22.03,1009.1,84.7,NORMAL,,False
2026-06-01 01:44:00,22.12,1009.13,84.7,NORMAL,,False
2026-06-01 01:45:00,22.01,1009.14,84.4,NORMAL,,False
2026-06-01 01:46:00,22.18,1009.18,85.0,NORMAL,,False
2026-06-01 01:47:00,22.0,1009.07,84.8,NORMAL,,False
2026-06-01 01:48:00,22.18,1009.1,84.7,NORMAL,,False
2026-06-01 01:49:00,22.2,1009.09,84.8,NORMAL,,False
2026-06-01 01:50:00,22.11,1009.16,84.5,NORMAL,,False
2026-06-01 01:51:00,22.06,1009.12,85.0,NORMAL,,False
2026-06-01 01:52:00,22.1,1009.14,85.1,NORMAL,,False
2026-06-01 01:53:00,22.09,1009.15,84.8,NORMAL,,False
2026-06-01 01:54:00,22.11,1009.15,84.8,NORMAL,,False
2026-06-01 01:55:00,22.16,1009.18,84.9,NORMAL,,False
2026-06-01 01:56:00,22.03,1009.23,84.6,NORMAL,,False
2026-06-01 01:57:00,22.05,1009.19,84.9,NORMAL,,False
2026-06-01 01:58:00,22.09,1009.23,84.8,NORMAL,,False
2026-06-01 01:59:00,22.05,1009.23,85.0,NORMAL,,False
2026-06-01 02:00:00,22.05,1009.19,84.7,NORMAL,,False
2026-06-01 02:01:00,22.01,1009.26,84.6,NORMAL,,False
2026-06-01 02:02:00,22.04,1009.31,85.2,NORMAL,,False
2026-06-01 02:03:00,22.04,1009.23,84.6,NORMAL,,False
2026-06-01 02:04:00,22.03,1009.24,84.6,NORMAL,,False
2026-06-01 02:05:00,22.05,1009.24,84.8,NORMAL,,False
2026-06-01 02:06:00,21.99,1009.26,85.2,NORMAL,,False
2026-06-01 02:07:00,21.99,1009.3,84.8,NORMAL,,False
2026-06-01 02:08:00,21.99,1009.31,85.0,NORMAL,,False
2026-06-01 02:09:00,22.06,1009.28,85.2,NORMAL,,False
2026-06-01 02:10:00,22.08,1009.29,84.8,NORMAL,,False
2026-06-01 02:11:00,22.08,1009.31,85.1,NORMAL,,False
2026-06-01 02:12:00,21.96,1009.3,85.1,NORMAL,,False
2026-06-01 02:13:00,21.97,1009.33,84.8,NORMAL,,False
2026-06-01 02:14:00,21.91,1009.34,85.0,NORMAL,,False
2026-06-01 02:15:00,21.98,1009.36,85.2,NORMAL,,False
2026-06-01 02:16:00,21.98,1009.37,84.8,NORMAL,,False
2026-06-01 02:17:00,21.93,1009.34,84.9,NORMAL,,False
2026-06-01 02:18:00,22.01,1009.37,85.0,NORMAL,,False
2026-06-01 02:19:00,22.06,1009.37,85.0,NORMAL,,False
2026-06-01 02:20:00,21.95,1009.4,85.1,NORMAL,,False
2026-06-01 02:21:00,22.08,1009.39,84.8,NORMAL,,False
2026-06-01 02:22:00,22.0,1009.4,85.0,NORMAL,,False
2026-06-01 02:23:00,21.92,1009.43,85.2,NORMAL,,False
2026-06-01 02:24:00,22.06,1009.41,85.4,NORMAL,,False
2026-06-01 02:25:00,22.0,1009.49,85.0,NORMAL,,False
2026-06-01 02:26:00,21.91,1009.4,85.1,NORMAL,,False
2026-06-01 02:27:00,21.87,1009.41,84.6,NORMAL,,False
2026-06-01 02:28:00,22.05,1009.45,84.8,NORMAL,,False
2026-06-01 02:29:00,21.94,1009.43,85.1,NORMAL,,False
2026-06-01 02:30:00,22.07,1009.45,84.8,NORMAL,,False
2026-06-01 02:31:00,22.01,1009.53,85.0,NORMAL,,False
2026-06-01 02:32:00,22.01,1009.48,84.8,NORMAL,,False
2026-06-01 02:33:00,21.97,1009.52,85.1,NORMAL,,False
2026-06-01 02:34:00,21.99,1009.5,85.2,NORMAL,,False
2026-06-01 02:35:00,21.99,1009.57,85.0,NORMAL,,False
2026-06-01 02:36:00,22.0,1009.5,84.9,NORMAL,,False
2026-06-01 02:37:00,22.04,1009.56,84.9,NORMAL,,False
2026-06-01 02:38:00,21.91,1009.52,85.2,NORMAL,,False
2026-06-01 02:39:00,21.97,1009.53,85.2,NORMAL,,False
2026-06-01 02:40:00,22.0,1009.55,85.0,NORMAL,,False
2026-06-01 02:41:00,22.07,1009.53,85.3,NORMAL,,False
2026-06-01 02:42:00,21.94,1009.56,85.1,NORMAL,,False
2026-06-01 02:43:00,21.99,1009.63,85.0,NORMAL,,False
2026-06-01 02:44:00,22.0,1009.59,85.0,NORMAL,,False
2026-06-01 02:45:00,22.08,1009.64,84.9,NORMAL,,False
2026-06-01 02:46:00,21.99,1009.63,85.0,NORMAL,,False
2026-06-01 02:47:00,22.01,1009.67,84.7,NORMAL,,False
2026-06-01 02:48:00,22.09,1009.68,85.0,NORMAL,,False
2026-06-01 02:49:00,22.06,1009.68,85.1,NORMAL,,False
2026-06-01 02:50:00,22.03,1009.68,85.1,NORMAL,,False
2026-06-01 02:51:00,21.98,1009.63,84.9,NORMAL,,False
2026-06-01 02:52:00,22.03,1009.74,85.0,NORMAL,,False
2026-06-01 02:53:00,22.04,1009.71,85.1,NORMAL,,False
2026-06-01 02:54:00,21.98,1009.69,84.6,NORMAL,,False
2026-06-01 02:55:00,21.97,1009.73,85.0,NORMAL,,False
2026-06-01 02:56:00,22.07,1009.78,84.9,NORMAL,,False
2026-06-01 02:57:00,22.09,1009.75,84.7,NORMAL,,False
2026-06-01 02:58:00,22.02,1009.79,84.5,NORMAL,,False
2026-06-01 02:59:00,22.11,1009.76,84.8,NORMAL,,False
2026-06-01 03:00:00,22.11,1009.8,84.4,NORMAL,,False
2026-06-01 03:01:00,22.06,1009.84,84.7,NORMAL,,False
2026-06-01 03:02:00,22.11,1009.81,84.8,NORMAL,,False
2026-06-01 03:03:00,22.04,1009.78,84.7,NORMAL,,False
2026-06-01 03:04:00,22.13,1009.86,85.0,NORMAL,,False
2026-06-01 03:05:00,22.02,1009.91,85.2,NORMAL,,False
2026-06-01 03:06:00,22.08,1009.83,84.6,NORMAL,,False
2026-06-01 03:07:00,22.1,1009.87,84.6,NORMAL,,False
2026-06-01 03:08:00,22.14,1009.94,84.4,NORMAL,,False
2026-06-01 03:09:00,22.16,1009.85,84.5,NORMAL,,False
2026-06-01 03:10:00,22.08,1009.9,84.5,NORMAL,,False
2026-06-01 03:11:00,21.97,1009.97,84.6,NORMAL,,False
2026-06-01 03:12:00,22.04,1009.88,84.6,NORMAL,,False
2026-06-01 03:13:00,22.14,1010.0,84.6,NORMAL,,False
2026-06-01 03:14:00,22.12,1009.97,84.6,NORMAL,,False
2026-06-01 03:15:00,22.09,1009.97,84.3,NORMAL,,False
2026-06-01 03:16:00,22.11,1009.99,84.6,NORMAL,,False
2026-06-01 03:17:00,22.1,1010.04,84.7,NORMAL,,False
2026-06-01 03:18:00,22.08,1009.99,84.9,NORMAL,,False
2026-06-01 03:19:00,22.1,1010.02,85.0,NORMAL,,False
2026-06-01 03:20:00,22.21,1009.97,84.7,NORMAL,,False
2026-06-01 03:21:00,22.15,1009.99,84.4,NORMAL,,False
2026-06-01 03:22:00,22.07,1010.06,84.5,NORMAL,,False
2026-06-01 03:23:00,22.18,1010.03,84.4,NORMAL,,False
2026-06-01 03:24:00,22.12,1010.04,84.3,NORMAL,,False
2026-06-01 03:25:00,22.16,1010.06,84.4,NORMAL,,False
2026-06-01 03:26:00,22.17,1010.09,84.3,NORMAL,,False
2026-06-01 03:27:00,22.21,1010.12,84.4,NORMAL,,False
2026-06-01 03:28:00,22.11,1010.13,84.3,NORMAL,,False
2026-06-01 03:29:00,22.23,1010.14,84.0,NORMAL,,False
2026-06-01 03:30:00,22.26,1010.14,84.3,NORMAL,,False
2026-06-01 03:31:00,22.23,1010.18,84.3,NORMAL,,False
2026-06-01 03:32:00,22.22,1010.14,84.3,NORMAL,,False
2026-06-01 03:33:00,22.22,1010.17,84.5,NORMAL,,False
2026-06-01 03:34:00,22.22,1010.22,84.1,NORMAL,,False
2026-06-01 03:35:00,22.2,1010.18,84.4,NORMAL,,False
2026-06-01 03:36:00,22.19,1010.22,84.2,NORMAL,,False
2026-06-01 03:37:00,22.27,1010.22,84.4,NORMAL,,False
2026-06-01 03:38:00,22.28,1010.28,83.9,NORMAL,,False
2026-06-01 03:39:00,22.3,1010.26,84.2,NORMAL,,False
2026-06-01 03:40:00,22.24,1010.28,84.0,NORMAL,,False
2026-06-01 03:41:00,22.28,1010.24,84.1,NORMAL,,False
2026-06-01 03:42:00,22.3,1010.26,83.9,NORMAL,,False
2026-06-01 03:43:00,22.29,1010.33,83.6,NORMAL,,False
2026-06-01 03:44:00,22.35,1010.29,84.0,NORMAL,,False
2026-06-01 03:45:00,22.27,1010.26,83.9,NORMAL,,False
2026-06-01 03:46:00,22.34,1010.33,84.0,NORMAL,,False
2026-06-01 03:47:00,22.31,1010.36,83.9,NORMAL,,False
2026-06-01 03:48:00,22.4,1010.35,83.9,NORMAL,,False
2026-06-01 03:49:00,22.33,1010.43,83.9,NORMAL,,False
2026-06-01 03:50:00,22.35,1010.37,83.6,NORMAL,,False
2026-06-01 03:51:00,22.27,1010.36,83.8,NORMAL,,False
2026-06-01 03:52:00,22.32,1010.38,83.3,NORMAL,,False
2026-06-01 03:53:00,22.42,1010.38,83.4,NORMAL,,False
2026-06-01 03:54:00,22.41,1010.46,83.6,NORMAL,,False
2026-06-01 03:55:00,22.44,1010.42,83.6,NORMAL,,False
2026-06-01 03:56:00,22.41,1010.45,83.7,NORMAL,,False
2026-06-01 03:57:00,22.36,1010.47,83.8,NORMAL,,False
2026-06-01 03:58:00,22.42,1010.52,83.5,NORMAL,,False
2026-06-01 03:59:00,22.46,1010.53,83.4,NORMAL,,False
2026-06-01 04:00:00,22.56,1010.54,83.8,NORMAL,,False
2026-06-01 04:01:00,22.41,1010.49,84.2,NORMAL,,False
2026-06-01 04:02:00,22.46,1010.59,83.3,NORMAL,,False
2026-06-01 04:03:00,22.51,1010.56,83.1,NORMAL,,False
2026-06-01 04:04:00,22.52,1010.53,83.3,NORMAL,,False
2026-06-01 04:05:00,22.47,1010.58,83.2,NORMAL,,False
2026-06-01 04:06:00,22.49,1010.56,83.4,NORMAL,,False
2026-06-01 04:07:00,22.44,1010.65,83.1,NORMAL,,False
2026-06-01 04:08:00,22.51,1010.63,83.7,NORMAL,,False
2026-06-01 04:09:00,22.49,1010.64,83.0,NORMAL,,False
2026-06-01 04:10:00,22.5,1010.61,83.6,NORMAL,,False
2026-06-01 04:11:00,22.61,1010.65,83.4,NORMAL,,False
2026-06-01 04:12:00,22.53,1010.68,83.0,NORMAL,,False
2026-06-01 04:13:00,22.64,1010.64,83.0,NORMAL,,False
2026-06-01 04:14:00,22.61,1010.63,82.8,NORMAL,,False
2026-06-01 04:15:00,22.58,1010.72,82.7,NORMAL,,False
2026-06-01 04:16:00,22.73,1010.7,83.3,NORMAL,,False
2026-06-01 04:17:00,22.62,1010.76,83.0,NORMAL,,False
2026-06-01 04:18:00,22.63,1010.81,82.8,NORMAL,,False
2026-06-01 04:19:00,22.66,1010.76,82.7,NORMAL,,False
2026-06-01 04:20:00,22.71,1010.76,82.5,NORMAL,,False
2026-06-01 04:21:00,22.63,1010.84,82.6,NORMAL,,False
2026-06-01 04:22:00,22.74,1010.76,82.6,NORMAL,,False
2026-06-01 04:23:00,22.7,1010.79,82.8,NORMAL,,False
2026-06-01 04:24:00,22.8,1010.81,82.3,NORMAL,,False
2026-06-01 04:25:00,22.83,1010.87,82.1,NORMAL,,False
2026-06-01 04:26:00,22.66,1010.84,82.5,NORMAL,,False
2026-06-01 04:27:00,22.81,1010.8,81.8,NORMAL,,False
2026-06-01 04:28:00,22.75,1010.84,82.4,NORMAL,,False
2026-06-01 04:29:00,22.78,1010.87,82.1,NORMAL,,False
2026-06-01 04:30:00,22.76,1010.91,82.4,NORMAL,,False
2026-06-01 04:31:00,22.89,1010.89,82.1,NORMAL,,False
2026-06-01 04:32:00,22.83,1010.91,82.2,NORMAL,,False
2026-06-01 04:33:00,22.77,1010.9,82.3,NORMAL,,False
2026-06-01 04:34:00,22.81,1010.97,81.8,NORMAL,,False
2026-06-01 04:35:00,22.86,1010.96,82.3,NORMAL,,False
2026-06-01 04:36:00,22.8,1010.99,81.8,NORMAL,,False
2026-06-01 04:37:00,22.86,1010.97,81.8,NORMAL,,False
2026-06-01 04:38:00,22.9,1010.98,81.8,NORMAL,,False
2026-06-01 04:39:00,22.9,1011.01,81.4,NORMAL,,False
2026-06-01 04:40:00,22.9,1010.98,82.1,NORMAL,,False
2026-06-01 04:41:00,22.87,1010.98,82.1,NORMAL,,False
2026-06-01 04:42:00,22.94,1011.03,81.9,NORMAL,,False
2026-06-01 04:43:00,22.9,1011.04,81.8,NORMAL,,False
2026-06-01 04:44:00,23.06,1011.15,81.8,NORMAL,,False
2026-06-01 04:45:00,22.93,1011.04,81.6,NORMAL,,False
2026-06-01 04:46:00,23.08,1011.11,81.7,NORMAL,,False
2026-06-01 04:47:00,23.0,1011.03,81.4,NORMAL,,False
2026-06-01 04:48:00,23.14,1011.1,81.6,NORMAL,,False
2026-06-01 04:49:00,23.12,1011.15,81.6,NORMAL,,False
2026-06-01 04:50:00,23.0,1011.14,81.2,NORMAL,,False
2026-06-01 04:51:00,23.12,1011.11,81.5,NORMAL,,False
2026-06-01 04:52:00,23.12,1011.17,81.7,NORMAL,,False
2026-06-01 04:53:00,23.17,1011.19,81.2,NORMAL,,False
2026-06-01 04:54:00,23.24,1011.21,81.2,NORMAL,,False
2026-06-01 04:55:00,23.12,1011.21,81.2,NORMAL,,False
2026-06-01 04:56:00,23.14,1011.18,81.3,NORMAL,,False
2026-06-01 04:57:00,23.15,1011.27,81.0,NORMAL,,False
2026-06-01 04:58:00,23.22,1011.2,81.2,NORMAL,,False
2026-06-01 04:59:00,23.23,1011.21,80.7,NORMAL,,False
2026-06-01 05:00:00,23.28,1011.29,80.9,NORMAL,,False
2026-06-01 05:01:00,23.25,1011.29,80.8,NORMAL,,False
2026-06-01 05:02:00,23.24,1011.3,80.5,NORMAL,,False
2026-06-01 05:03:00,23.31,1011.28,80.3,NORMAL,,False
2026-06-01 05:04:00,23.28,1011.27,81.0,NORMAL,,False
2026-06-01 05:05:00,23.29,1011.27,80.4,NORMAL,,False
2026-06-01 05:06:00,23.3,1011.28,80.3,NORMAL,,False
2026-06-01 05:07:00,23.27,1011.27,80.2,NORMAL,,False
2026-06-01 05:08:00,23.34,1011.29,80.3,NORMAL,,False
2026-06-01 05:09:00,23.41,1011.33,80.4,NORMAL,,False
2026-06-01 05:10:00,23.38,1011.36,80.6,NORMAL,,False
2026-06-01 05:11:00,23.44,1011.34,79.7,NORMAL,,False
2026-06-01 05:12:00,23.33,1011.38,80.1,NORMAL,,False
2026-06-01 05:13:00,23.42,1011.35,80.3,NORMAL,,False
2026-06-01 05:14:00,23.5,1011.39,79.8,NORMAL,,False
2026-06-01 05:15:00,23.51,1011.4,80.1,NORMAL,,False
2026-06-01 05:16:00,23.6,1011.4,79.9,NORMAL,,False
2026-06-01 05:17:00,23.39,1011.41,80.3,NORMAL,,False
2026-06-01 05:18:00,23.48,1011.47,80.1,NORMAL,,False
2026-06-01 05:19:00,23.56,1011.46,79.5,NORMAL,,False
2026-06-01 05:20:00,23.55,1011.49,79.5,NORMAL,,False
2026-06-01 05:21:00,23.49,1011.48,79.8,NORMAL,,False
2026-06-01 05:22:00,23.71,1011.41,79.7,NORMAL,,False
2026-06-01 05:23:00,23.59,1011.5,79.6,NORMAL,,False
2026-06-01 05:24:00,23.7,1011.49,79.1,NORMAL,,False
2026-06-01 05:25:00,23.71,1011.56,79.8,NORMAL,,False
2026-06-01 05:26:00,23.66,1011.57,79.6,NORMAL,,False
2026-06-01 05:27:00,23.76,1011.55,79.5,NORMAL,,False
2026-06-01 05:28:00,23.68,1011.56,79.0,NORMAL,,False
2026-06-01 05:29:00,23.72,1011.53,79.2,NORMAL,,False
2026-06-01 05:30:00,23.74,1011.52,79.2,NORMAL,,False
2026-06-01 05:31:00,23.78,1011.56,79.1,NORMAL,,False
2026-06-01 05:32:00,23.76,1011.63,79.2,NORMAL,,False
2026-06-01 05:33:00,23.78,1011.61,79.2,NORMAL,,False
2026-06-01 05:34:00,23.7,1011.57,78.7,NORMAL,,False
2026-06-01 05:35:00,23.89,1011.61,78.9,NORMAL,,False
2026-06-01 05:36:00,23.9,1011.59,78.6,NORMAL,,False
2026-06-01 05:37:00,23.83,1011.61,78.7,NORMAL,,False
2026-06-01 05:38:00,23.92,1011.65,78.5,NORMAL,,False
2026-06-01 05:39:00,23.97,1011.66,78.9,NORMAL,,False
2026-06-01 05:40:00,23.96,1011.66,78.6,NORMAL,,False
2026-06-01 05:41:00,23.93,1011.7,78.7,NORMAL,,False
2026-06-01 05:42:00,24.08,1011.67,78.4,NORMAL,,False
2026-06-01 05:43:00,24.03,1011.69,78.3,NORMAL,,False
2026-06-01 05:44:00,24.02,1011.73,78.2,NORMAL,,False
2026-06-01 05:45:00,24.05,1011.71,78.2,NORMAL,,False
2026-06-01 05:46:00,24.07,1011.69,78.2,NORMAL,,False
2026-06-01 05:47:00,24.02,1011.67,78.0,NORMAL,,False
2026-06-01 05:48:00,24.11,1011.74,77.8,NORMAL,,False
2026-06-01 05:49:00,24.16,1011.72,78.0,NORMAL,,False
2026-06-01 05:50:00,24.16,1011.7,77.5,NORMAL,,False
2026-06-01 05:51:00,24.16,1011.73,77.9,NORMAL,,False
2026-06-01 05:52:00,24.13,1011.73,77.7,NORMAL,,False
2026-06-01 05:53:00,24.15,1011.75,77.7,NORMAL,,False
2026-06-01 05:54:00,24.28,1011.78,77.7,NORMAL,,False
2026-06-01 05:55:00,24.26,1011.74,77.3,NORMAL,,False
2026-06-01 05:56:00,24.19,1011.74,78.0,NORMAL,,False
2026-06-01 05:57:00,24.27,1011.77,77.3,NORMAL,,False
2026-06-01 05:58:00,24.28,1011.76,76.9,NORMAL,,False
2026-06-01 05:59:00,24.26,1011.78,77.2,NORMAL,,False
2026-06-01 06:00:00,24.31,1011.79,77.2,NORMAL,,False
2026-06-01 06:01:00,24.41,1011.82,77.0,NORMAL,,False
2026-06-01 06:02:00,24.32,1011.81,77.2,NORMAL,,False
2026-06-01 06:03:00,24.43,1011.82,77.0,NORMAL,,False
2026-06-01 06:04:00,24.44,1011.87,76.8,NORMAL,,False
2026-06-01 06:05:00,24.5,1011.8,76.9,NORMAL,,False
2026-06-01 06:06:00,24.42,1011.84,76.6,NORMAL,,False
2026-06-01 06:07:00,24.52,1011.89,76.5,NORMAL,,False
2026-06-01 06:08:00,24.52,1011.85,76.2,NORMAL,,False
2026-06-01 06:09:00,24.41,1011.85,76.4,NORMAL,,False
2026-06-01 06:10:00,24.53,1011.86,76.4,NORMAL,,False
2026-06-01 06:11:00,24.55,1011.92,76.7,NORMAL,,False
2026-06-01 06:12:00,24.54,1011.84,76.6,NORMAL,,False
2026-06-01 06:13:00,24.58,1011.82,76.6,NORMAL,,False
2026-06-01 06:14:00,24.67,1011.89,75.9,NORMAL,,False
2026-06-01 06:15:00,24.66,1011.88,76.5,NORMAL,,False
2026-06-01 06:16:00,24.68,1011.9,76.2,NORMAL,,False
2026-06-01 06:17:00,24.67,1011.92,76.0,NORMAL,,False
2026-06-01 06:18:00,24.78,1011.91,75.7,NORMAL,,False
2026-06-01 06:19:00,24.77,1011.92,75.8,NORMAL,,False
2026-06-01 06:20:00,24.78,1011.91,75.6,NORMAL,,False
2026-06-01 06:21:00,24.82,1011.97,75.5,NORMAL,,False
2026-06-01 06:22:00,24.83,1011.95,75.3,NORMAL,,False
2026-06-01 06:23:00,24.85,1011.98,75.7,NORMAL,,False
2026-06-01 06:24:00,24.85,1011.94,75.3,NORMAL,,False
2026-06-01 06:25:00,24.84,1011.97,75.2,NORMAL,,False
2026-06-01 06:26:00,24.91,1011.94,75.2,NORMAL,,False
2026-06-01 06:27:00,24.95,1011.94,75.1,NORMAL,,False
2026-06-01 06:28:00,24.95,1011.94,75.1,NORMAL,,False
2026-06-01 06:29:00,25.02,1011.98,75.2,NORMAL,,False
2026-06-01 06:30:00,25.01,1011.98,75.1,NORMAL,,False
2026-06-01 06:31:00,25.07,1011.99,75.3,NORMAL,,False
2026-06-01 06:32:00,25.07,1011.98,75.0,NORMAL,,False
2026-06-01 06:33:00,25.01,1011.95,75.0,NORMAL,,False
2026-06-01 06:34:00,25.18,1012.01,74.9,NORMAL,,False
2026-06-01 06:35:00,25.12,1011.98,75.0,NORMAL,,False
2026-06-01 06:36:00,25.08,1012.0,74.4,NORMAL,,False
2026-06-01 06:37:00,25.11,1012.02,74.5,NORMAL,,False
2026-06-01 06:38:00,25.14,1011.98,74.7,NORMAL,,False
2026-06-01 06:39:00,25.14,1012.02,74.4,NORMAL,,False
2026-06-01 06:40:00,25.25,1012.0,74.1,NORMAL,,False
2026-06-01 06:41:00,25.22,1012.05,74.0,NORMAL,,False
2026-06-01 06:42:00,25.25,1012.05,74.2,NORMAL,,False
2026-06-01 06:43:00,25.35,1012.06,74.2,NORMAL,,False
2026-06-01 06:44:00,25.36,1012.03,73.8,NORMAL,,False
2026-06-01 06:45:00,25.25,1012.02,73.9,NORMAL,,False
2026-06-01 06:46:00,25.39,1012.01,73.9,NORMAL,,False
2026-06-01 06:47:00,25.34,1012.04,73.6,NORMAL,,False
2026-06-01 06:48:00,25.43,1012.06,73.4,NORMAL,,False
2026-06-01 06:49:00,25.36,1012.08,73.1,NORMAL,,False
2026-06-01 06:50:00,25.4,1012.02,73.3,NORMAL,,False
2026-06-01 06:51:00,25.42,1012.05,73.3,NORMAL,,False
2026-06-01 06:52:00,25.56,1012.06,73.4,NORMAL,,False
2026-06-01 06:53:00,25.57,1012.08,73.4,NORMAL,,False
2026-06-01 06:54:00,25.54,1012.12,73.3,NORMAL,,False
2026-06-01 06:55:00,25.62,1012.1,73.4,NORMAL,,False
2026-06-01 06:56:00,25.65,1012.04,72.8,NORMAL,,False
2026-06-01 06:57:00,25.63,1012.06,72.6,NORMAL,,False
2026-06-01 06:58:00,25.7,1012.1,72.7,NORMAL,,False
2026-06-01 06:59:00,25.61,1012.11,72.6,NORMAL,,False
2026-06-01 07:00:00,25.71,1012.14,72.7,NORMAL,,False
2026-06-01 07:01:00,25.79,1012.13,72.4,NORMAL,,False
2026-06-01 07:02:00,25.72,1012.09,72.5,NORMAL,,False
2026-06-01 07:03:00,25.83,1012.1,72.2,NORMAL,,False
2026-06-01 07:04:00,25.83,1012.09,72.5,NORMAL,,False
2026-06-01 07:05:00,25.88,1012.13,72.1,NORMAL,,False
2026-06-01 07:06:00,25.87,1012.11,71.9,NORMAL,,False
2026-06-01 07:07:00,25.88,1012.07,72.0,NORMAL,,False
2026-06-01 07:08:00,25.89,1012.15,71.7,NORMAL,,False
2026-06-01 07:09:00,25.87,1012.13,71.8,NORMAL,,False
2026-06-01 07:10:00,25.98,1012.15,72.0,NORMAL,,False
2026-06-01 07:11:00,25.96,1012.13,71.5,NORMAL,,False
2026-06-01 07:12:00,26.04,1012.06,71.6,NORMAL,,False
2026-06-01 07:13:00,26.08,1012.06,71.7,NORMAL,,False
2026-06-01 07:14:00,26.09,1012.09,71.2,NORMAL,,False
2026-06-01 07:15:00,26.02,1012.08,71.3,NORMAL,,False
2026-06-01 07:16:00,26.07,1012.11,71.5,NORMAL,,False
2026-06-01 07:17:00,26.15,1012.09,71.5,NORMAL,,False
2026-06-01 07:18:00,26.15,1012.16,71.3,NORMAL,,False
2026-06-01 07:19:00,26.22,1012.14,71.4,NORMAL,,False
2026-06-01 07:20:00,26.25,1012.13,70.7,NORMAL,,False
2026-06-01 07:21:00,26.23,1012.09,70.9,NORMAL,,False
2026-06-01 07:22:00,26.22,1012.13,70.9,NORMAL,,False
2026-06-01 07:23:00,26.2,1012.09,70.8,NORMAL,,False
2026-06-01 07:24:00,26.25,1012.1,70.8,NORMAL,,False
2026-06-01 07:25:00,26.29,1012.11,70.4,NORMAL,,False
2026-06-01 07:26:00,26.35,1012.08,70.3,NORMAL,,False
2026-06-01 07:27:00,26.36,1012.07,70.5,NORMAL,,False
2026-06-01 07:28:00,26.42,1012.19,70.2,NORMAL,,False
2026-06-01 07:29:00,26.37,1012.11,70.1,NORMAL,,False
2026-06-01 07:30:00,26.4,1012.16,70.3,NORMAL,,False
2026-06-01 07:31:00,26.45,1012.09,70.1,NORMAL,,False
2026-06-01 07:32:00,26.5,1012.13,70.3,NORMAL,,False
2026-06-01 07:33:00,26.48,1012.13,70.2,NORMAL,,False
2026-06-01 07:34:00,26.57,1012.1,69.7,NORMAL,,False
2026-06-01 07:35:00,26.53,1012.09,69.8,NORMAL,,False
2026-06-01 07:36:00,26.49,1012.1,69.9,NORMAL,,False
2026-06-01 07:37:00,26.68,1012.1,69.6,NORMAL,,False
2026-06-01 07:38:00,26.71,1012.1,69.6,NORMAL,,False
2026-06-01 07:39:00,26.84,1012.1,69.4,NORMAL,,False
2026-06-01 07:40:00,26.79,1012.06,69.2,NORMAL,,False
2026-06-01 07:41:00,26.66,1012.11,69.4,NORMAL,,False
2026-06-01 07:42:00,26.79,1012.12,68.9,NORMAL,,False
2026-06-01 07:43:00,26.84,1012.09,69.1,NORMAL,,False
2026-06-01 07:44:00,26.84,1012.1,69.1,NORMAL,,False
2026-06-01 07:45:00,26.78,1012.04,68.9,NORMAL,,False
2026-06-01 07:46:00,26.89,1012.08,68.9,NORMAL,,False
2026-06-01 07:47:00,26.9,1012.1,68.4,NORMAL,,False
2026-06-01 07:48:00,26.88,1012.11,68.7,NORMAL,,False
2026-06-01 07:49:00,26.89,1012.07,68.8,NORMAL,,False
2026-06-01 07:50:00,26.96,1012.03,68.6,NORMAL,,False
2026-06-01 07:51:00,27.01,1012.1,68.4,NORMAL,,False
2026-06-01 07:52:00,27.0,1012.07,68.2,NORMAL,,False
2026-06-01 07:53:00,27.03,1012.05,68.0,NORMAL,,False
2026-06-01 07:54:00,27.12,1012.03,68.1,NORMAL,,False
2026-06-01 07:55:00,27.12,1011.99,67.7,NORMAL,,False
2026-06-01 07:56:00,27.11,1012.06,68.0,NORMAL,,False
2026-06-01 07:57:00,27.09,1012.01,67.8,NORMAL,,False
2026-06-01 07:58:00,27.18,1012.04,67.5,NORMAL,,False
2026-06-01 07:59:00,27.2,1012.03,67.3,NORMAL,,False
2026-06-01 08:00:00,27.26,1011.99,67.9,NORMAL,,False
2026-06-01 08:01:00,27.26,1012.0,67.3,NORMAL,,False
2026-06-01 08:02:00,27.35,1012.01,67.6,NORMAL,,False
2026-06-01 08:03:00,27.31,1012.03,67.5,NORMAL,,False
2026-06-01 08:04:00,27.43,1011.94,67.4,NORMAL,,False
2026-06-01 08:05:00,27.33,1012.02,67.0,NORMAL,,False
2026-06-01 08:06:00,27.37,1011.99,67.0,NORMAL,,False
2026-06-01 08:07:00,27.47,1011.99,67.1,NORMAL,,False
2026-06-01 08:08:00,27.46,1012.05,67.1,NORMAL,,False
2026-06-01 08:09:00,27.4,1011.99,67.0,NORMAL,,False
2026-06-01 08:10:00,27.53,1011.93,66.7,NORMAL,,False
2026-06-01 08:11:00,27.5,1011.99,66.3,NORMAL,,False
2026-06-01 08:12:00,27.53,1011.95,66.5,NORMAL,,False
2026-06-01 08:13:00,27.5,1011.98,66.3,NORMAL,,False
2026-06-01 08:14:00,27.65,1011.97,66.5,NORMAL,,False
2026-06-01 08:15:00,27.67,1012.0,66.0,NORMAL,,False
2026-06-01 08:16:00,27.62,1011.99,66.3,NORMAL,,False
2026-06-01 08:17:00,27.63,1011.97,66.3,NORMAL,,False
2026-06-01 08:18:00,27.81,1012.0,66.0,NORMAL,,False
2026-06-01 08:19:00,27.74,1012.0,65.7,NORMAL,,False
2026-06-01 08:20:00,27.69,1011.98,65.4,NORMAL,,False
2026-06-01 08:21:00,27.82,1011.94,65.8,NORMAL,,False
2026-06-01 08:22:00,27.87,1011.93,65.8,NORMAL,,False
2026-06-01 08:23:00,27.85,1011.93,65.4,NORMAL,,False
2026-06-01 08:24:00,27.79,1011.9,65.1,NORMAL,,False
2026-06-01 08:25:00,27.93,1011.92,65.2,NORMAL,,False
2026-06-01 08:26:00,27.84,1011.93,65.5,NORMAL,,False
2026-06-01 08:27:00,27.95,1011.89,65.2,NORMAL,,False
2026-06-01 08:28:00,27.9,1011.91,65.3,NORMAL,,False
2026-06-01 08:29:00,28.01,1011.94,64.5,NORMAL,,False
2026-06-01 08:30:00,27.98,1011.89,65.4,NORMAL,,False
2026-06-01 08:31:00,28.03,1011.87,65.0,NORMAL,,False
2026-06-01 08:32:00,28.1,1011.93,64.7,NORMAL,,False
2026-06-01 08:33:00,28.12,1011.87,64.8,NORMAL,,False
2026-06-01 08:34:00,28.09,1011.82,64.7,NORMAL,,False
2026-06-01 08:35:00,28.1,1011.84,64.8,NORMAL,,False
2026-06-01 08:36:00,28.22,1011.88,64.4,NORMAL,,False
2026-06-01 08:37:00,28.13,1011.88,64.5,NORMAL,,False
2026-06-01 08:38:00,28.27,1011.9,64.6,NORMAL,,False
2026-06-01 08:39:00,28.25,1011.89,64.0,NORMAL,,False
2026-06-01 08:40:00,28.2,1011.87,64.0,NORMAL,,False
2026-06-01 08:41:00,28.31,1011.84,64.4,NORMAL,,False
2026-06-01 08:42:00,28.23,1011.84,63.9,NORMAL,,False
2026-06-01 08:43:00,28.32,1011.82,64.1,NORMAL,,False
2026-06-01 08:44:00,28.29,1011.79,63.9,NORMAL,,False
2026-06-01 08:45:00,28.48,1011.77,63.7,NORMAL,,False
2026-06-01 08:46:00,28.47,1011.75,64.1,NORMAL,,False
2026-06-01 08:47:00,28.49,1011.81,63.6,NORMAL,,False
2026-06-01 08:48:00,28.49,1011.77,63.5,NORMAL,,False
2026-06-01 08:49:00,28.57,1011.85,63.1,NORMAL,,False
2026-06-01 08:50:00,28.6,1011.78,63.0,NORMAL,,False
2026-06-01 08:51:00,28.62,1011.77,63.1,NORMAL,,False
2026-06-01 08:52:00,28.55,1011.75,63.3,NORMAL,,False
2026-06-01 08:53:00,28.6,1011.75,63.1,NORMAL,,False
2026-06-01 08:54:00,28.58,1011.71,62.6,NORMAL,,False
2026-06-01 08:55:00,28.59,1011.73,62.5,NORMAL,,False
2026-06-01 08:56:00,28.69,1011.71,62.7,NORMAL,,False
2026-06-01 08:57:00,28.65,1011.69,62.5,NORMAL,,False
2026-06-01 08:58:00,28.67,1011.68,62.7,NORMAL,,False
2026-06-01 08:59:00,28.76,1011.79,62.4,NORMAL,,False
2026-06-01 09:00:00,28.69,1011.7,62.4,NORMAL,,False
2026-06-01 09:01:00,28.77,1011.71,62.4,NORMAL,,False
2026-06-01 09:02:00,28.78,1011.71,62.3,NORMAL,,False
2026-06-01 09:03:00,28.93,1011.73,62.0,NORMAL,,False
2026-06-01 09:04:00,28.88,1011.7,61.6,NORMAL,,False
2026-06-01 09:05:00,28.91,1011.7,61.8,NORMAL,,False
2026-06-01 09:06:00,28.92,1011.66,62.1,NORMAL,,False
2026-06-01 09:07:00,29.0,1011.67,61.9,NORMAL,,False
2026-06-01 09:08:00,28.94,1011.65,61.9,NORMAL,,False
2026-06-01 09:09:00,29.12,1011.67,61.7,NORMAL,,False
2026-06-01 09:10:00,29.0,1011.64,61.4,NORMAL,,False
2026-06-01 09:11:00,29.01,1011.63,61.2,NORMAL,,False
2026-06-01 09:12:00,29.09,1011.65,61.4,NORMAL,,False
2026-06-01 09:13:00,29.1,1011.61,61.4,NORMAL,,False
2026-06-01 09:14:00,29.14,1011.54,61.2,NORMAL,,False
2026-06-01 09:15:00,29.17,1011.57,61.0,NORMAL,,False
2026-06-01 09:16:00,29.1,1011.53,60.9,NORMAL,,False
2026-06-01 09:17:00,29.27,1011.53,60.9,NORMAL,,False
2026-06-01 09:18:00,29.21,1011.56,61.0,NORMAL,,False
2026-06-01 09:19:00,29.26,1011.56,60.7,NORMAL,,False
2026-06-01 09:20:00,29.21,1011.54,60.7,NORMAL,,False
2026-06-01 09:21:00,29.47,1011.54,60.5,NORMAL,,False
2026-06-01 09:22:00,29.4,1011.55,60.5,NORMAL,,False
2026-06-01 09:23:00,29.33,1011.51,60.7,NORMAL,,False
2026-06-01 09:24:00,29.42,1011.52,60.6,NORMAL,,False
2026-06-01 09:25:00,29.43,1011.54,60.4,NORMAL,,False
2026-06-01 09:26:00,29.4,1011.48,60.2,NORMAL,,False
2026-06-01 09:27:00,29.44,1011.54,59.9,NORMAL,,False
2026-06-01 09:28:00,29.58,1011.49,60.5,NORMAL,,False
2026-06-01 09:29:00,29.49,1011.53,59.7,NORMAL,,False
2026-06-01 09:30:00,29.48,1011.46,59.8,NORMAL,,False
2026-06-01 09:31:00,29.67,1011.5,59.5,NORMAL,,False
2026-06-01 09:32:00,29.67,1011.47,59.6,NORMAL,,False
2026-06-01 09:33:00,29.55,1011.44,59.6,NORMAL,,False
2026-06-01 09:34:00,29.52,1011.45,59.6,NORMAL,,False
2026-06-01 09:35:00,29.59,1011.41,59.1,NORMAL,,False
2026-06-01 09:36:00,29.68,1011.4,59.3,NORMAL,,False
2026-06-01 09:37:00,29.68,1011.4,59.3,NORMAL,,False
2026-06-01 09:38:00,29.75,1011.42,59.1,NORMAL,,False
2026-06-01 09:39:00,29.77,1011.4,59.2,NORMAL,,False
2026-06-01 09:40:00,29.85,1011.35,59.2,NORMAL,,False
2026-06-01 09:41:00,29.88,1011.35,59.3,NORMAL,,False
2026-06-01 09:42:00,29.85,1011.39,58.7,NORMAL,,False
2026-06-01 09:43:00,29.9,1011.4,58.6,NORMAL,,False
2026-06-01 09:44:00,29.86,1011.39,58.6,NORMAL,,False
2026-06-01 09:45:00,30.03,1011.37,58.5,NORMAL,,False
2026-06-01 09:46:00,29.96,1011.31,58.2,NORMAL,,False
2026-06-01 09:47:00,29.92,1011.32,58.3,NORMAL,,False
2026-06-01 09:48:00,30.0,1011.33,58.6,NORMAL,,False
2026-06-01 09:49:00,30.16,1011.34,58.2,NORMAL,,False
2026-06-01 09:50:00,30.07,1011.29,58.5,NORMAL,,False
2026-06-01 09:51:00,30.12,1011.27,58.4,NORMAL,,False
2026-06-01 09:52:00,30.1,1011.27,58.1,NORMAL,,False
2026-06-01 09:53:00,30.08,1011.27,58.3,NORMAL,,False
2026-06-01 09:54:00,30.24,1011.26,57.7,NORMAL,,False
2026-06-01 09:55:00,30.21,1011.23,57.7,NORMAL,,False
2026-06-01 09:56:00,30.16,1011.23,57.7,NORMAL,,False
2026-06-01 09:57:00,30.23,1011.23,57.1,NORMAL,,False
2026-06-01 09:58:00,30.24,1011.21,57.4,NORMAL,,False
2026-06-01 09:59:00,30.23,1011.27,57.4,NORMAL,,False
2026-06-01 10:00:00,30.23,1011.25,57.3,NORMAL,,False
2026-06-01 10:01:00,30.34,1011.2,57.2,NORMAL,,False
2026-06-01 10:02:00,30.35,1011.13,57.2,NORMAL,,False
2026-06-01 10:03:00,30.33,1011.23,56.7,NORMAL,,False
2026-06-01 10:04:00,30.43,1011.21,56.9,NORMAL,,False
2026-06-01 10:05:00,30.54,1011.21,56.8,NORMAL,,False
2026-06-01 10:06:00,30.46,1011.13,56.8,NORMAL,,False
2026-06-01 10:07:00,30.44,1011.09,56.7,NORMAL,,False
2026-06-01 10:08:00,30.51,1011.16,56.6,NORMAL,,False
2026-06-01 10:09:00,30.49,1011.09,57.2,NORMAL,,False
2026-06-01 10:10:00,30.49,1011.2,56.7,NORMAL,,False
2026-06-01 10:11:00,30.51,1011.09,56.8,NORMAL,,False
2026-06-01 10:12:00,30.65,1011.18,56.4,NORMAL,,False
2026-06-01 10:13:00,30.7,1011.19,56.2,NORMAL,,False
2026-06-01 10:14:00,30.57,1011.15,56.2,NORMAL,,False
2026-06-01 10:15:00,30.62,1011.09,56.0,NORMAL,,False
2026-06-01 10:16:00,30.7,1011.06,56.2,NORMAL,,False
2026-06-01 10:17:00,30.71,1011.11,56.1,NORMAL,,False
2026-06-01 10:18:00,30.74,1011.06,55.7,NORMAL,,False
2026-06-01 10:19:00,30.72,1011.0,56.1,NORMAL,,False
2026-06-01 10:20:00,30.8,1011.08,55.6,NORMAL,,False
2026-06-01 10:21:00,30.83,1011.05,55.7,NORMAL,,False
2026-06-01 10:22:00,30.8,1011.02,55.7,NORMAL,,False
2026-06-01 10:23:00,30.88,1010.94,55.5,NORMAL,,False
2026-06-01 10:24:00,30.84,1011.05,55.8,NORMAL,,False
2026-06-01 10:25:00,30.89,1010.99,55.4,NORMAL,,False
2026-06-01 10:26:00,30.94,1010.96,55.4,NORMAL,,False
2026-06-01 10:27:00,30.96,1010.95,55.5,NORMAL,,False
2026-06-01 10:28:00,30.95,1011.0,55.2,NORMAL,,False
2026-06-01 10:29:00,30.96,1010.95,55.0,NORMAL,,False
2026-06-01 10:30:00,31.02,1010.96,55.1,NORMAL,,False
2026-06-01 10:31:00,30.95,1010.97,54.7,NORMAL,,False
2026-06-01 10:32:00,30.98,1010.93,54.9,NORMAL,,False
2026-06-01 10:33:00,31.04,1010.98,54.8,NORMAL,,False
2026-06-01 10:34:00,31.1,1010.88,54.6,NORMAL,,False
2026-06-01 10:35:00,31.14,1010.93,54.9,NORMAL,,False
2026-06-01 10:36:00,31.19,1010.87,54.6,NORMAL,,False
2026-06-01 10:37:00,31.16,1010.92,54.6,NORMAL,,False
2026-06-01 10:38:00,31.15,1010.9,54.4,NORMAL,,False
2026-06-01 10:39:00,31.27,1010.9,54.5,NORMAL,,False
2026-06-01 10:40:00,31.24,1010.84,54.0,NORMAL,,False
2026-06-01 10:41:00,31.24,1010.88,54.4,NORMAL,,False
2026-06-01 10:42:00,31.3,1010.82,53.8,NORMAL,,False
2026-06-01 10:43:00,31.35,1010.81,54.0,NORMAL,,False
2026-06-01 10:44:00,31.36,1010.93,54.0,NORMAL,,False
2026-06-01 10:45:00,31.4,1010.83,54.0,NORMAL,,False
2026-06-01 10:46:00,31.37,1010.78,53.8,NORMAL,,False
2026-06-01 10:47:00,31.42,1010.74,53.8,NORMAL,,False
2026-06-01 10:48:00,31.37,1010.84,53.5,NORMAL,,False
2026-06-01 10:49:00,31.42,1010.76,53.9,NORMAL,,False
2026-06-01 10:50:00,31.39,1010.78,53.7,NORMAL,,False
2026-06-01 10:51:00,31.41,1010.76,53.4,NORMAL,,False
2026-06-01 10:52:00,31.51,1010.73,53.6,NORMAL,,False
2026-06-01 10:53:00,31.49,1010.77,53.3,NORMAL,,False
2026-06-01 10:54:00,31.57,1010.75,53.3,NORMAL,,False
2026-06-01 10:55:00,31.49,1010.75,52.8,NORMAL,,False
2026-06-01 10:56:00,31.57,1010.74,53.3,NORMAL,,False
2026-06-01 10:57:00,31.71,1010.73,53.0,NORMAL,,False
2026-06-01 10:58:00,31.63,1010.74,52.8,NORMAL,,False
2026-06-01 10:59:00,31.53,1010.73,53.0,NORMAL,,False
2026-06-01 11:00:00,31.66,1010.68,52.9,NORMAL,,False
2026-06-01 11:01:00,31.63,1010.73,53.1,NORMAL,,False
2026-06-01 11:02:00,31.66,1010.72,52.8,NORMAL,,False
2026-06-01 11:03:00,31.81,1010.71,52.8,NORMAL,,False
2026-06-01 11:04:00,31.71,1010.69,52.9,NORMAL,,False
2026-06-01 11:05:00,31.71,1010.66,52.2,NORMAL,,False
2026-06-01 11:06:00,31.76,1010.7,52.6,NORMAL,,False
2026-06-01 11:07:00,31.85,1010.69,52.4,NORMAL,,False
2026-06-01 11:08:00,31.93,1010.71,52.5,NORMAL,,False
2026-06-01 11:09:00,31.76,1010.63,52.1,NORMAL,,False
2026-06-01 11:10:00,31.72,1010.69,52.2,NORMAL,,False
2026-06-01 11:11:00,31.85,1010.61,52.1,NORMAL,,False
2026-06-01 11:12:00,31.87,1010.6,52.1,NORMAL,,False
2026-06-01 11:13:00,31.98,1010.64,51.6,NORMAL,,False
2026-06-01 11:14:00,31.91,1010.64,52.2,NORMAL,,False
2026-06-01 11:15:00,31.85,1010.58,51.3,NORMAL,,False
2026-06-01 11:16:00,31.95,1010.61,51.7,NORMAL,,False
2026-06-01 11:17:00,32.03,1010.55,51.4,NORMAL,,False
2026-06-01 11:18:00,32.03,1010.59,51.5,NORMAL,,False
2026-06-01 11:19:00,32.0,1010.63,51.5,NORMAL,,False
2026-06-01 11:20:00,31.97,1010.6,51.2,NORMAL,,False
2026-06-01 11:21:00,32.15,1010.54,51.4,NORMAL,,False
2026-06-01 11:22:00,31.99,1010.53,51.4,NORMAL,,False
2026-06-01 11:23:00,32.22,1010.57,51.8,NORMAL,,False
2026-06-01 11:24:00,32.15,1010.59,51.2,NORMAL,,False
2026-06-01 11:25:00,32.15,1010.59,51.2,NORMAL,,False
2026-06-01 11:26:00,32.2,1010.49,51.5,NORMAL,,False
2026-06-01 11:27:00,32.16,1010.56,50.9,NORMAL,,False
2026-06-01 11:28:00,32.18,1010.5,51.1,NORMAL,,False
2026-06-01 11:29:00,32.22,1010.57,51.4,NORMAL,,False
2026-06-01 11:30:00,32.15,1010.54,50.9,NORMAL,,False
2026-06-01 11:31:00,32.24,1010.53,50.6,NORMAL,,False
2026-06-01 11:32:00,32.28,1010.5,50.8,NORMAL,,False
2026-06-01 11:33:00,32.41,1010.49,50.5,NORMAL,,False
2026-06-01 11:34:00,32.34,1010.45,50.8,NORMAL,,False
2026-06-01 11:35:00,32.4,1010.49,50.3,NORMAL,,False
2026-06-01 11:36:00,32.34,1010.52,50.4,NORMAL,,False
2026-06-01 11:37:00,32.25,1010.45,50.3,NORMAL,,False
2026-06-01 11:38:00,32.43,1010.5,50.7,NORMAL,,False
2026-06-01 11:39:00,32.48,1010.47,49.9,NORMAL,,False
2026-06-01 11:40:00,32.35,1010.47,50.2,NORMAL,,False
2026-06-01 11:41:00,32.45,1010.4,50.5,NORMAL,,False
2026-06-01 11:42:00,32.42,1010.4,49.8,NORMAL,,False
2026-06-01 11:43:00,32.53,1010.5,50.1,NORMAL,,False
2026-06-01 11:44:00,32.55,1010.41,50.0,NORMAL,,False
2026-06-01 11:45:00,32.56,1010.4,49.8,NORMAL,,False
2026-06-01 11:46:00,32.47,1010.47,49.9,NORMAL,,False
2026-06-01 11:47:00,32.55,1010.43,50.1,NORMAL,,False
2026-06-01 11:48:00,32.54,1010.48,50.3,NORMAL,,False
2026-06-01 11:49:00,32.59,1010.37,49.6,NORMAL,,False
2026-06-01 11:50:00,32.62,1010.43,49.6,NORMAL,,False
2026-06-01 11:51:00,32.63,1010.45,49.7,NORMAL,,False
2026-06-01 11:52:00,32.65,1010.38,49.4,NORMAL,,False
2026-06-01 11:53:00,32.68,1010.42,49.3,NORMAL,,False
2026-06-01 11:54:00,32.7,1010.38,49.4,NORMAL,,False
2026-06-01 11:55:00,32.59,1010.35,49.2,NORMAL,,False
2026-06-01 11:56:00,32.7,1010.36,49.3,NORMAL,,False
2026-06-01 11:57:00,32.76,1010.39,49.3,NORMAL,,False
2026-06-01 11:58:00,32.76,1010.33,49.4,NORMAL,,False
2026-06-01 11:59:00,32.78,1010.35,48.8,NORMAL,,False
2026-06-01 12:00:00,32.81,1010.39,49.3,NORMAL,,False
2026-06-01 12:01:00,32.79,1010.33,49.4,NORMAL,,False
2026-06-01 12:02:00,32.78,1010.43,49.0,NORMAL,,False
2026-06-01 12:03:00,32.86,1010.34,49.2,NORMAL,,False
2026-06-01 12:04:00,32.94,1010.33,49.0,NORMAL,,False
2026-06-01 12:05:00,32.96,1010.33,48.6,NORMAL,,False
2026-06-01 12:06:00,32.84,1010.37,48.6,NORMAL,,False
2026-06-01 12:07:00,32.88,1010.41,48.8,NORMAL,,False
2026-06-01 12:08:00,32.8,1010.32,49.0,NORMAL,,False
2026-06-01 12:09:00,32.97,1010.41,49.0,NORMAL,,False
2026-06-01 12:10:00,32.91,1010.35,48.4,NORMAL,,False
2026-06-01 12:11:00,32.93,1010.36,48.2,NORMAL,,False
2026-06-01 12:12:00,32.9,1010.37,48.8,NORMAL,,False
2026-06-01 12:13:00,32.95,1010.33,48.5,NORMAL,,False
2026-06-01 12:14:00,32.95,1010.3,49.0,NORMAL,,False
2026-06-01 12:15:00,32.99,1010.32,48.6,NORMAL,,False
2026-06-01 12:16:00,32.97,1010.36,48.1,NORMAL,,False
2026-06-01 12:17:00,33.05,1010.28,48.4,NORMAL,,False
2026-06-01 12:18:00,33.06,1010.31,48.3,NORMAL,,False
2026-06-01 12:19:00,32.98,1010.29,48.2,NORMAL,,False
2026-06-01 12:20:00,33.06,1010.31,48.1,NORMAL,,False
2026-06-01 12:21:00,33.12,1010.33,48.1,NORMAL,,False
2026-06-01 12:22:00,33.11,1010.28,48.2,NORMAL,,False
2026-06-01 12:23:00,33.08,1010.32,48.2,NORMAL,,False
2026-06-01 12:24:00,33.17,1010.3,48.1,NORMAL,,False
2026-06-01 12:25:00,33.17,1010.34,47.9,NORMAL,,False
2026-06-01 12:26:00,33.24,1010.37,48.1,NORMAL,,False
2026-06-01 12:27:00,33.08,1010.3,47.7,NORMAL,,False
2026-06-01 12:28:00,33.15,1010.29,47.8,NORMAL,,False
2026-06-01 12:29:00,33.24,1010.31,47.9,NORMAL,,False
2026-06-01 12:30:00,33.15,1010.32,47.8,NORMAL,,False
2026-06-01 12:31:00,33.23,1010.34,47.6,NORMAL,,False
2026-06-01 12:32:00,33.19,1010.32,47.5,NORMAL,,False
2026-06-01 12:33:00,33.26,1010.29,47.7,NORMAL,,False
2026-06-01 12:34:00,33.18,1010.28,47.3,NORMAL,,False
2026-06-01 12:35:00,33.3,1010.24,47.6,NORMAL,,False
2026-06-01 12:36:00,33.3,1010.26,47.4,NORMAL,,False
2026-06-01 12:37:00,33.39,1010.32,47.4,NORMAL,,False
2026-06-01 12:38:00,33.43,1010.28,47.2,NORMAL,,False
2026-06-01 12:39:00,33.38,1010.3,47.0,NORMAL,,False
2026-06-01 12:40:00,33.32,1010.3,47.5,NORMAL,,False
2026-06-01 12:41:00,33.29,1010.32,47.4,NORMAL,,False
2026-06-01 12:42:00,33.29,1010.28,47.0,NORMAL,,False
2026-06-01 12:43:00,33.3,1010.28,47.4,NORMAL,,False
2026-06-01 12:44:00,33.36,1010.28,46.9,NORMAL,,False
2026-06-01 12:45:00,33.46,1010.24,47.2,NORMAL,,False
2026-06-01 12:46:00,33.34,1010.28,47.2,NORMAL,,False
2026-06-01 12:47:00,33.38,1010.25,46.8,NORMAL,,False
2026-06-01 12:48:00,33.42,1010.33,46.9,NORMAL,,False
2026-06-01 12:49:00,33.42,1010.31,46.7,NORMAL,,False
2026-06-01 12:50:00,33.51,1010.24,46.7,NORMAL,,False
2026-06-01 12:51:00,33.42,1010.34,46.6,NORMAL,,False
2026-06-01 12:52:00,33.39,1010.34,46.7,NORMAL,,False
2026-06-01 12:53:00,33.51,1010.27,46.7,NORMAL,,False
2026-06-01 12:54:00,33.47,1010.34,46.7,NORMAL,,False
2026-06-01 12:55:00,33.48,1010.33,46.4,NORMAL,,False
2026-06-01 12:56:00,33.55,1010.32,46.6,NORMAL,,False
2026-06-01 12:57:00,33.52,1010.3,46.4,NORMAL,,False
2026-06-01 12:58:00,33.47,1010.27,46.5,NORMAL,,False
2026-06-01 12:59:00,33.55,1010.26,46.6,NORMAL,,False
2026-06-01 13:00:00,33.5,1010.32,46.5,NORMAL,,False
2026-06-01 13:01:00,33.56,1010.34,46.0,NORMAL,,False
2026-06-01 13:02:00,33.65,1010.32,46.8,NORMAL,,False
2026-06-01 13:03:00,33.61,1010.31,46.3,NORMAL,,False
2026-06-01 13:04:00,33.53,1010.27,46.4,NORMAL,,False
2026-06-01 13:05:00,33.62,1010.34,46.3,NORMAL,,False
2026-06-01 13:06:00,33.61,1010.34,46.2,NORMAL,,False
2026-06-01 13:07:00,33.55,1010.3,46.2,NORMAL,,False
2026-06-01 13:08:00,33.66,1010.33,46.3,NORMAL,,False
2026-06-01 13:09:00,33.66,1010.29,45.8,NORMAL,,False
2026-06-01 13:10:00,33.64,1010.34,46.4,NORMAL,,False
2026-06-01 13:11:00,33.71,1010.33,46.1,NORMAL,,False
2026-06-01 13:12:00,33.63,1010.3,46.1,NORMAL,,False
2026-06-01 13:13:00,33.64,1010.31,46.1,NORMAL,,False
2026-06-01 13:14:00,33.67,1010.35,45.7,NORMAL,,False
2026-06-01 13:15:00,33.69,1010.32,46.2,NORMAL,,False
2026-06-01 13:16:00,33.66,1010.33,46.2,NORMAL,,False
2026-06-01 13:17:00,33.8,1010.33,45.7,NORMAL,,False
2026-06-01 13:18:00,33.65,1010.32,45.8,NORMAL,,False
2026-06-01 13:19:00,33.69,1010.31,46.1,NORMAL,,False
2026-06-01 13:20:00,33.75,1010.34,45.6,NORMAL,,False
2026-06-01 13:21:00,33.8,1010.36,46.0,NORMAL,,False
2026-06-01 13:22:00,33.77,1010.38,46.0,NORMAL,,False
2026-06-01 13:23:00,33.82,1010.36,45.6,NORMAL,,False
2026-06-01 13:24:00,33.78,1010.38,46.0,NORMAL,,False
2026-06-01 13:25:00,33.83,1010.33,45.7,NORMAL,,False
2026-06-01 13:26:00,33.83,1010.35,45.8,NORMAL,,False
2026-06-01 13:27:00,33.78,1010.41,45.7,NORMAL,,False
2026-06-01 13:28:00,33.83,1010.4,45.8,NORMAL,,False
2026-06-01 13:29:00,33.79,1010.31,45.9,NORMAL,,False
2026-06-01 13:30:00,33.74,1010.37,45.7,NORMAL,,False
2026-06-01 13:31:00,33.75,1010.36,45.8,NORMAL,,False
2026-06-01 13:32:00,33.82,1010.4,45.7,NORMAL,,False
2026-06-01 13:33:00,33.77,1010.44,45.6,NORMAL,,False
2026-06-01 13:34:00,33.85,1010.4,45.8,NORMAL,,False
2026-06-01 13:35:00,33.74,1010.4,45.5,NORMAL,,False
2026-06-01 13:36:00,33.9,1010.43,45.8,NORMAL,,False
2026-06-01 13:37:00,33.8,1010.41,45.6,NORMAL,,False
2026-06-01 13:38:00,33.83,1010.44,45.3,NORMAL,,False
2026-06-01 13:39:00,33.85,1010.38,45.7,NORMAL,,False
2026-06-01 13:40:00,33.8,1010.41,46.2,NORMAL,,False
2026-06-01 13:41:00,33.88,1010.41,45.5,NORMAL,,False
2026-06-01 13:42:00,33.96,1010.45,45.4,NORMAL,,False
2026-06-01 13:43:00,33.97,1010.43,45.3,NORMAL,,False
2026-06-01 13:44:00,33.86,1010.46,45.1,NORMAL,,False
2026-06-01 13:45:00,33.91,1010.48,45.4,NORMAL,,False
2026-06-01 13:46:00,33.93,1010.46,45.4,NORMAL,,False
2026-06-01 13:47:00,33.96,1010.51,45.2,NORMAL,,False
2026-06-01 13:48:00,33.89,1010.53,45.5,NORMAL,,False
2026-06-01 13:49:00,33.79,1010.47,45.3,NORMAL,,False
2026-06-01 13:50:00,33.99,1010.57,45.2,NORMAL,,False
2026-06-01 13:51:00,33.84,1010.48,45.4,NORMAL,,False
2026-06-01 13:52:00,33.94,1010.48,45.2,NORMAL,,False
2026-06-01 13:53:00,33.83,1010.46,45.3,NORMAL,,False
2026-06-01 13:54:00,33.86,1010.51,45.3,NORMAL,,False
2026-06-01 13:55:00,33.98,1010.53,45.0,NORMAL,,False
2026-06-01 13:56:00,33.95,1010.5,45.2,NORMAL,,False
2026-06-01 13:57:00,33.93,1010.52,45.4,NORMAL,,False
2026-06-01 13:58:00,33.98,1010.59,45.1,NORMAL,,False
2026-06-01 13:59:00,33.95,1010.49,45.1,NORMAL,,False
2026-06-01 14:00:00,33.88,1010.54,45.2,NORMAL,,False
2026-06-01 14:01:00,33.97,1010.55,45.0,NORMAL,,False
2026-06-01 14:02:00,33.92,1010.55,45.2,NORMAL,,False
2026-06-01 14:03:00,34.05,1010.6,45.0,NORMAL,,False
2026-06-01 14:04:00,33.91,1010.55,45.0,NORMAL,,False
2026-06-01 14:05:00,34.03,1010.59,45.2,NORMAL,,False
2026-06-01 14:06:00,33.98,1010.63,44.9,NORMAL,,False
2026-06-01 14:07:00,34.04,1010.6,45.1,NORMAL,,False
2026-06-01 14:08:00,34.0,1010.6,45.1,NORMAL,,False
2026-06-01 14:09:00,33.95,1010.6,45.0,NORMAL,,False
2026-06-01 14:10:00,34.01,1010.6,45.0,NORMAL,,False
2026-06-01 14:11:00,33.95,1010.67,44.8,NORMAL,,False
2026-06-01 14:12:00,34.01,1010.62,45.2,NORMAL,,False
2026-06-01 14:13:00,34.06,1010.68,45.1,NORMAL,,False
2026-06-01 14:14:00,33.98,1010.63,45.0,NORMAL,,False
2026-06-01 14:15:00,33.99,1010.7,45.1,NORMAL,,False
2026-06-01 14:16:00,34.07,1010.7,45.1,NORMAL,,False
2026-06-01 14:17:00,33.85,1010.68,44.9,NORMAL,,False
2026-06-01 14:18:00,34.04,1010.68,45.1,NORMAL,,False
2026-06-01 14:19:00,33.97,1010.74,44.9,NORMAL,,False
2026-06-01 14:20:00,34.05,1010.69,45.3,NORMAL,,False
2026-06-01 14:21:00,33.97,1010.7,45.1,NORMAL,,False
2026-06-01 14:22:00,33.99,1010.69,45.0,NORMAL,,False
2026-06-01 14:23:00,33.95,1010.68,45.0,NORMAL,,False
2026-06-01 14:24:00,34.03,1010.7,45.2,NORMAL,,False
2026-06-01 14:25:00,33.91,1010.74,45.1,NORMAL,,False
2026-06-01 14:26:00,34.0,1010.69,44.7,NORMAL,,False
2026-06-01 14:27:00,34.09,1010.77,45.0,NORMAL,,False
2026-06-01 14:28:00,34.0,1010.72,45.1,NORMAL,,False
2026-06-01 14:29:00,33.98,1010.74,44.7,NORMAL,,False
2026-06-01 14:30:00,33.96,1010.76,44.6,NORMAL,,False
2026-06-01 14:31:00,33.96,1010.78,44.8,NORMAL,,False
2026-06-01 14:32:00,34.0,1010.86,44.8,NORMAL,,False
2026-06-01 14:33:00,34.04,1010.79,45.2,NORMAL,,False
2026-06-01 14:34:00,34.04,1010.78,45.2,NORMAL,,False
2026-06-01 14:35:00,33.96,1010.81,45.6,NORMAL,,False
2026-06-01 14:36:00,34.02,1010.86,45.0,NORMAL,,False
2026-06-01 14:37:00,33.95,1010.87,44.8,NORMAL,,False
2026-06-01 14:38:00,34.01,1010.85,44.5,NORMAL,,False
2026-06-01 14:39:00,33.99,1010.87,45.2,NORMAL,,False
2026-06-01 14:40:00,34.01,1010.88,45.0,NORMAL,,False
2026-06-01 14:41:00,33.94,1010.85,44.9,NORMAL,,False
2026-06-01 14:42:00,33.92,1010.92,45.2,NORMAL,,False
2026-06-01 14:43:00,34.02,1010.88,44.9,NORMAL,,False
2026-06-01 14:44:00,33.97,1010.92,45.3,NORMAL,,False
2026-06-01 14:45:00,34.07,1010.91,44.8,NORMAL,,False
2026-06-01 14:46:00,33.92,1010.92,44.8,NORMAL,,False
2026-06-01 14:47:00,33.97,1010.89,45.0,NORMAL,,False
2026-06-01 14:48:00,33.99,1010.97,45.0,NORMAL,,False
2026-06-01 14:49:00,34.01,1010.96,44.8,NORMAL,,False
2026-06-01 14:50:00,33.95,1010.96,45.4,NORMAL,,False
2026-06-01 14:51:00,33.95,1010.93,45.0,NORMAL,,False
2026-06-01 14:52:00,34.04,1010.93,45.5,NORMAL,,False
2026-06-01 14:53:00,33.96,1010.97,45.1,NORMAL,,False
2026-06-01 14:54:00,34.03,1010.99,45.4,NORMAL,,False
2026-06-01 14:55:00,34.07,1011.0,45.1,NORMAL,,False
2026-06-01 14:56:00,33.98,1011.07,45.0,NORMAL,,False
2026-06-01 14:57:00,33.99,1011.03,45.1,NORMAL,,False
2026-06-01 14:58:00,33.91,1011.0,45.2,NORMAL,,False
2026-06-01 14:59:00,33.95,1011.07,45.1,NORMAL,,False
2026-06-01 15:00:00,34.0,1011.06,45.3,NORMAL,,False
2026-06-01 15:01:00,33.91,1011.07,45.1,NORMAL,,False
2026-06-01 15:02:00,33.97,1011.05,45.1,NORMAL,,False
2026-06-01 15:03:00,33.95,1011.15,45.5,NORMAL,,False
2026-06-01 15:04:00,33.97,1011.15,45.0,NORMAL,,False
2026-06-01 15:05:00,33.89,1011.13,45.1,NORMAL,,False
2026-06-01 15:06:00,33.86,1011.12,45.4,NORMAL,,False
2026-06-01 15:07:00,33.94,1011.16,45.1,NORMAL,,False
2026-06-01 15:08:00,33.94,1011.17,45.2,NORMAL,,False
2026-06-01 15:09:00,33.78,1011.15,45.4,NORMAL,,False
2026-06-01 15:10:00,33.87,1011.18,45.3,NORMAL,,False
2026-06-01 15:11:00,33.87,1011.18,45.3,NORMAL,,False
2026-06-01 15:12:00,33.92,1011.18,45.6,NORMAL,,False
2026-06-01 15:13:00,33.96,1011.21,45.1,NORMAL,,False
2026-06-01 15:14:00,33.8,1011.23,45.4,NORMAL,,False
2026-06-01 15:15:00,33.99,1011.2,45.4,NORMAL,,False
2026-06-01 15:16:00,33.93,1011.24,45.4,NORMAL,,False
2026-06-01 15:17:00,33.92,1011.19,45.6,NORMAL,,False
2026-06-01 15:18:00,33.87,1011.22,45.4,NORMAL,,False
2026-06-01 15:19:00,33.78,1011.25,45.4,NORMAL,,False
2026-06-01 15:20:00,33.82,1011.27,45.4,NORMAL,,False
2026-06-01 15:21:00,33.85,1011.29,45.8,NORMAL,,False
2026-06-01 15:22:00,33.94,1011.33,45.8,NORMAL,,False
2026-06-01 15:23:00,33.8,1011.28,45.5,NORMAL,,False
2026-06-01 15:24:00,33.86,1011.33,45.5,NORMAL,,False
2026-06-01 15:25:00,33.84,1011.32,45.6,NORMAL,,False
2026-06-01 15:26:00,33.77,1011.36,45.5,NORMAL,,False
2026-06-01 15:27:00,33.81,1011.38,45.6,NORMAL,,False
2026-06-01 15:28:00,33.83,1011.36,45.3,NORMAL,,False
2026-06-01 15:29:00,33.76,1011.39,45.6,NORMAL,,False
2026-06-01 15:30:00,33.82,1011.37,46.0,NORMAL,,False
2026-06-01 15:31:00,33.77,1011.43,45.8,NORMAL,,False
2026-06-01 15:32:00,33.73,1011.43,45.9,NORMAL,,False
2026-06-01 15:33:00,33.77,1011.44,45.7,NORMAL,,False
2026-06-01 15:34:00,33.79,1011.41,45.9,NORMAL,,False
2026-06-01 15:35:00,33.67,1011.44,45.8,NORMAL,,False
2026-06-01 15:36:00,33.78,1011.47,45.7,NORMAL,,False
2026-06-01 15:37:00,33.77,1011.5,45.7,NORMAL,,False
2026-06-01 15:38:00,33.72,1011.49,45.7,NORMAL,,False
2026-06-01 15:39:00,33.73,1011.51,45.7,NORMAL,,False
2026-06-01 15:40:00,33.72,1011.45,45.8,NORMAL,,False
2026-06-01 15:41:00,33.74,1011.52,46.0,NORMAL,,False
2026-06-01 15:42:00,33.78,1011.56,45.5,NORMAL,,False
2026-06-01 15:43:00,33.77,1011.57,45.8,NORMAL,,False
2026-06-01 15:44:00,33.65,1011.54,45.8,NORMAL,,False
2026-06-01 15:45:00,33.77,1011.56,46.1,NORMAL,,False
2026-06-01 15:46:00,33.72,1011.62,46.0,NORMAL,,False
2026-06-01 15:47:00,33.74,1011.56,46.2,NORMAL,,False
2026-06-01 15:48:00,33.71,1011.61,46.2,NORMAL,,False
2026-06-01 15:49:00,33.7,1011.58,46.3,NORMAL,,False
2026-06-01 15:50:00,33.71,1011.63,46.3,NORMAL,,False
2026-06-01 15:51:00,33.66,1011.65,46.3,NORMAL,,False
2026-06-01 15:52:00,33.63,1011.62,46.2,NORMAL,,False
2026-06-01 15:53:00,33.59,1011.68,46.2,NORMAL,,False
2026-06-01 15:54:00,33.58,1011.66,46.3,NORMAL,,False
2026-06-01 15:55:00,33.62,1011.73,46.5,NORMAL,,False
2026-06-01 15:56:00,33.51,1011.7,46.3,NORMAL,,False
2026-06-01 15:57:00,33.49,1011.69,46.8,NORMAL,,False
2026-06-01 15:58:00,33.52,1011.64,46.7,NORMAL,,False
2026-06-01 15:59:00,33.56,1011.72,46.3,NORMAL,,False
2026-06-01 16:00:00,33.56,1011.74,46.7,GENUINE_WEATHER_EVENT,,False
2026-06-01 16:01:00,33.05734449212768,1011.4790099350704,49.737375811620176,GENUINE_WEATHER_EVENT,,False
2026-06-01 16:02:00,32.41938018380886,1011.2700406945638,52.849491317952285,GENUINE_WEATHER_EVENT,,False
2026-06-01 16:03:00,31.59076050381661,1011.0150968324133,56.011289594833634,GENUINE_WEATHER_EVENT,,False
2026-06-01 16:04:00,31.19606364347127,1010.8261504925722,58.798118842846996,GENUINE_WEATHER_EVENT,,False
2026-06-01 16:05:00,30.56975569573587,1010.6051255304709,62.48593086911453,GENUINE_WEATHER_EVENT,,False
2026-06-01 16:06:00,30.16615469686161,1010.3738820232634,65.05147470920672,GENUINE_WEATHER_EVENT,,False
2026-06-01 16:07:00,29.609395860098925,1010.1142012935811,67.57248383023656,GENUINE_WEATHER_EVENT,,False
2026-06-01 16:08:00,29.21339828139187,1009.9977715673689,70.02785540788994,GENUINE_WEATHER_EVENT,,False
2026-06-01 16:09:00,28.68183338512196,1009.8061743812833,72.1978202339587,GENUINE_WEATHER_EVENT,,False
2026-06-01 16:10:00,28.318095363957806,1009.6208718490894,73.76410188638104,GENUINE_WEATHER_EVENT,,False
2026-06-01 16:11:00,27.975273850811533,1009.6031948895804,76.3100638802456,GENUINE_WEATHER_EVENT,,False
2026-06-01 16:12:00,27.736129042931204,1009.3943325108012,77.62084361498583,GENUINE_WEATHER_EVENT,,False
2026-06-01 16:13:00,27.483069478415572,1009.3153222368559,79.28347203930076,GENUINE_WEATHER_EVENT,,False
2026-06-01 16:14:00,27.2181326440815,1009.2970417543736,80.58697807033036,GENUINE_WEATHER_EVENT,,False
2026-06-01 16:15:00,27.04296857081815,1009.1902018458909,81.22247692636383,GENUINE_WEATHER_EVENT,,False
2026-06-01 16:16:00,26.908826548508426,1009.1553406670497,81.38324166187772,GENUINE_WEATHER_EVENT,,False
2026-06-01 16:17:00,26.826545067481455,1009.1328194136843,82.36475732894601,GENUINE_WEATHER_EVENT,,False
2026-06-01 16:18:00,26.926545067481456,1009.1728194136844,81.964757328946,GENUINE_WEATHER_EVENT,,False
2026-06-01 16:19:00,26.808826548508424,1009.1653406670498,82.08324166187771,GENUINE_WEATHER_EVENT,,False
2026-06-01 16:20:00,27.032968570818145,1009.250201845891,81.32247692636383,GENUINE_WEATHER_EVENT,,False
2026-06-01 16:21:00,27.158132644081505,1009.3270417543736,80.68697807033038,GENUINE_WEATHER_EVENT,,False
2026-06-01 16:22:00,27.403069478415574,1009.4553222368559,79.38347203930078,GENUINE_WEATHER_EVENT,,False
2026-06-01 16:23:00,27.546129042931206,1009.6043325108012,78.42084361498583,GENUINE_WEATHER_EVENT,,False
2026-06-01 16:24:00,27.80527385081153,1009.6731948895804,76.2100638802456,GENUINE_WEATHER_EVENT,,False
2026-06-01 16:25:00,28.1480953639578,1009.8208718490895,74.76410188638104,GENUINE_WEATHER_EVENT,,False
2026-06-01 16:26:00,28.521833385121955,1010.0361743812832,73.0978202339587,GENUINE_WEATHER_EVENT,,False
2026-06-01 16:27:00,29.013398281391865,1010.1777715673688,71.02785540788994,GENUINE_WEATHER_EVENT,,False
2026-06-01 16:28:00,29.279395860098926,1010.4142012935811,68.57248383023656,GENUINE_WEATHER_EVENT,,False
2026-06-01 16:29:00,29.87615469686161,1010.5838820232634,65.25147470920672,GENUINE_WEATHER_EVENT,,False
2026-06-01 16:30:00,30.409755695735868,1010.7951255304708,62.88593086911454,GENUINE_WEATHER_EVENT,,False
2026-06-01 16:31:00,30.856063643471273,1011.1361504925723,60.198118842846995,GENUINE_WEATHER_EVENT,,False
2026-06-01 16:32:00,31.45076050381661,1011.3850968324133,57.61128959483363,GENUINE_WEATHER_EVENT,,False
2026-06-01 16:33:00,32.08938018380886,1011.6300406945638,54.349491317952285,GENUINE_WEATHER_EVENT,,False
2026-06-01 16:34:00,32.49734449212768,1011.8490099350704,50.637375811620174,GENUINE_WEATHER_EVENT,,False
2026-06-01 16:35:00,33.14,1012.14,47.9,NORMAL,,False
2026-06-01 16:36:00,33.11,1012.17,48.0,NORMAL,,False
2026-06-01 16:37:00,33.1,1012.07,47.9,NORMAL,,False
2026-06-01 16:38:00,33.13,1012.14,47.9,NORMAL,,False
2026-06-01 16:39:00,33.12,1012.19,48.3,NORMAL,,False
2026-06-01 16:40:00,33.11,1012.18,47.9,NORMAL,,False
2026-06-01 16:41:00,33.02,1012.22,48.5,NORMAL,,False
2026-06-01 16:42:00,33.02,1012.22,48.4,NORMAL,,False
2026-06-01 16:43:00,33.01,1012.24,48.4,NORMAL,,False
2026-06-01 16:44:00,33.0,1012.24,48.1,NORMAL,,False
2026-06-01 16:45:00,32.98,1012.22,48.1,NORMAL,,False
2026-06-01 16:46:00,32.96,1012.27,48.4,NORMAL,,False
2026-06-01 16:47:00,32.95,1012.25,48.6,NORMAL,,False
2026-06-01 16:48:00,32.97,1012.29,48.6,NORMAL,,False
2026-06-01 16:49:00,33.0,1012.23,48.5,NORMAL,,False
2026-06-01 16:50:00,32.91,1012.29,48.8,NORMAL,,False
2026-06-01 16:51:00,32.92,1012.28,48.3,NORMAL,,False
2026-06-01 16:52:00,32.91,1012.29,48.9,NORMAL,,False
2026-06-01 16:53:00,32.89,1012.29,48.6,NORMAL,,False
2026-06-01 16:54:00,32.86,1012.34,48.9,NORMAL,,False
2026-06-01 16:55:00,32.88,1012.37,49.2,NORMAL,,False
2026-06-01 16:56:00,32.81,1012.31,49.1,NORMAL,,False
2026-06-01 16:57:00,32.81,1012.38,49.2,NORMAL,,False
2026-06-01 16:58:00,32.83,1012.35,49.4,NORMAL,,False
2026-06-01 16:59:00,32.82,1012.42,49.1,NORMAL,,False
2026-06-01 17:00:00,32.77,1012.44,49.3,NORMAL,,False
2026-06-01 17:01:00,32.78,1012.39,49.1,NORMAL,,False
2026-06-01 17:02:00,32.69,1012.45,49.4,NORMAL,,False
2026-06-01 17:03:00,32.7,1012.4,48.9,NORMAL,,False
2026-06-01 17:04:00,32.72,1012.37,49.2,NORMAL,,False
2026-06-01 17:05:00,32.66,1012.45,49.0,NORMAL,,False
2026-06-01 17:06:00,32.64,1012.49,49.5,NORMAL,,False
2026-06-01 17:07:00,32.6,1012.46,49.1,NORMAL,,False
2026-06-01 17:08:00,32.65,1012.46,49.3,NORMAL,,False
2026-06-01 17:09:00,32.6,1012.46,49.6,NORMAL,,False
2026-06-01 17:10:00,32.73,1012.5,49.6,NORMAL,,False
2026-06-01 17:11:00,32.56,1012.54,49.2,NORMAL,,False
2026-06-01 17:12:00,32.4,1012.47,50.1,NORMAL,,False
2026-06-01 17:13:00,32.48,1012.59,49.8,NORMAL,,False
2026-06-01 17:14:00,32.54,1012.51,49.9,NORMAL,,False
2026-06-01 17:15:00,32.54,1012.56,49.9,NORMAL,,False
2026-06-01 17:16:00,32.4,1012.56,50.1,NORMAL,,False
2026-06-01 17:17:00,32.41,1012.55,49.9,NORMAL,,False
2026-06-01 17:18:00,32.43,1012.52,50.2,NORMAL,,False
2026-06-01 17:19:00,32.4,1012.55,50.6,NORMAL,,False
2026-06-01 17:20:00,32.4,1012.58,50.2,NORMAL,,False
2026-06-01 17:21:00,32.47,1012.62,50.2,NORMAL,,False
2026-06-01 17:22:00,32.35,1012.6,50.5,NORMAL,,False
2026-06-01 17:23:00,32.36,1012.63,50.4,NORMAL,,False
2026-06-01 17:24:00,32.29,1012.68,50.3,NORMAL,,False
2026-06-01 17:25:00,32.36,1012.65,50.5,NORMAL,,False
2026-06-01 17:26:00,32.31,1012.64,50.2,NORMAL,,False
2026-06-01 17:27:00,32.29,1012.62,50.7,NORMAL,,False
2026-06-01 17:28:00,32.27,1012.65,51.0,NORMAL,,False
2026-06-01 17:29:00,32.24,1012.65,50.9,NORMAL,,False
2026-06-01 17:30:00,32.3,1012.68,50.8,NORMAL,,False
2026-06-01 17:31:00,32.19,1012.7,50.7,NORMAL,,False
2026-06-01 17:32:00,32.22,1012.71,51.1,NORMAL,,False
2026-06-01 17:33:00,32.11,1012.63,51.1,NORMAL,,False
2026-06-01 17:34:00,32.19,1012.72,50.9,NORMAL,,False
2026-06-01 17:35:00,32.19,1012.71,51.1,NORMAL,,False
2026-06-01 17:36:00,32.19,1012.74,50.9,NORMAL,,False
2026-06-01 17:37:00,32.12,1012.68,51.5,NORMAL,,False
2026-06-01 17:38:00,32.09,1012.78,51.6,NORMAL,,False
2026-06-01 17:39:00,32.03,1012.8,51.4,NORMAL,,False
2026-06-01 17:40:00,31.98,1012.76,51.5,NORMAL,,False
2026-06-01 17:41:00,32.04,1012.79,51.4,NORMAL,,False
2026-06-01 17:42:00,32.06,1012.74,52.0,NORMAL,,False
2026-06-01 17:43:00,31.97,1012.83,51.9,NORMAL,,False
2026-06-01 17:44:00,31.98,1012.77,51.4,NORMAL,,False
2026-06-01 17:45:00,32.0,1012.82,51.9,NORMAL,,False
2026-06-01 17:46:00,32.03,1012.77,51.8,NORMAL,,False
2026-06-01 17:47:00,31.86,1012.83,51.9,NORMAL,,False
2026-06-01 17:48:00,31.98,1012.81,52.1,NORMAL,,False
2026-06-01 17:49:00,31.87,1012.79,52.3,NORMAL,,False
2026-06-01 17:50:00,31.85,1012.82,52.1,NORMAL,,False
2026-06-01 17:51:00,31.93,1012.9,52.0,NORMAL,,False
2026-06-01 17:52:00,31.78,1012.82,52.1,NORMAL,,False
2026-06-01 17:53:00,31.83,1012.88,52.3,NORMAL,,False
2026-06-01 17:54:00,31.73,1012.84,52.1,NORMAL,,False
2026-06-01 17:55:00,31.77,1012.85,52.2,NORMAL,,False
2026-06-01 17:56:00,31.76,1012.84,52.4,NORMAL,,False
2026-06-01 17:57:00,31.66,1012.88,52.6,NORMAL,,False
2026-06-01 17:58:00,31.83,1012.84,52.9,NORMAL,,False
2026-06-01 17:59:00,31.6,1012.93,52.7,NORMAL,,False
2026-06-01 18:00:00,31.69,1012.92,52.7,NORMAL,,False
2026-06-01 18:01:00,31.7,1012.86,53.2,NORMAL,,False
2026-06-01 18:02:00,31.63,1012.87,52.7,NORMAL,,False
2026-06-01 18:03:00,31.53,1012.86,53.0,NORMAL,,False
2026-06-01 18:04:00,31.61,1012.88,53.1,NORMAL,,False
2026-06-01 18:05:00,31.57,1012.93,53.5,NORMAL,,False
2026-06-01 18:06:00,31.5,1012.92,53.2,NORMAL,,False
2026-06-01 18:07:00,31.47,1012.92,53.0,NORMAL,,False
2026-06-01 18:08:00,31.55,1012.88,53.2,NORMAL,,False
2026-06-01 18:09:00,31.46,1012.89,53.7,NORMAL,,False
2026-06-01 18:10:00,31.45,1012.96,53.6,NORMAL,,False
2026-06-01 18:11:00,31.45,1012.9,53.7,NORMAL,,False
2026-06-01 18:12:00,31.43,1012.95,53.9,NORMAL,,False
2026-06-01 18:13:00,31.4,1013.0,53.5,NORMAL,,False
2026-06-01 18:14:00,31.32,1012.95,54.1,NORMAL,,False
2026-06-01 18:15:00,31.37,1013.03,53.8,NORMAL,,False
2026-06-01 18:16:00,31.21,1012.91,54.0,NORMAL,,False
2026-06-01 18:17:00,31.23,1013.01,54.4,NORMAL,,False
2026-06-01 18:18:00,31.17,1012.96,54.1,NORMAL,,False
2026-06-01 18:19:00,31.27,1013.01,54.6,NORMAL,,False
2026-06-01 18:20:00,31.25,1012.96,54.4,NORMAL,,False
2026-06-01 18:21:00,31.24,1012.98,54.5,NORMAL,,False
2026-06-01 18:22:00,31.15,1013.01,54.7,NORMAL,,False
2026-06-01 18:23:00,31.1,1012.99,54.4,NORMAL,,False
2026-06-01 18:24:00,31.13,1013.0,54.5,NORMAL,,False
2026-06-01 18:25:00,31.2,1013.06,54.8,NORMAL,,False
2026-06-01 18:26:00,31.01,1013.05,54.7,NORMAL,,False
2026-06-01 18:27:00,31.1,1013.0,54.6,NORMAL,,False
2026-06-01 18:28:00,31.09,1013.04,54.8,NORMAL,,False
2026-06-01 18:29:00,31.03,1013.03,54.9,NORMAL,,False
2026-06-01 18:30:00,30.96,1013.05,55.3,NORMAL,,False
2026-06-01 18:31:00,31.05,1013.02,55.0,NORMAL,,False
2026-06-01 18:32:00,30.94,1013.06,55.0,NORMAL,,False
2026-06-01 18:33:00,30.97,1013.03,55.1,NORMAL,,False
2026-06-01 18:34:00,30.93,1013.03,55.2,NORMAL,,False
2026-06-01 18:35:00,30.96,1013.03,55.2,NORMAL,,False
2026-06-01 18:36:00,30.99,1013.01,55.0,NORMAL,,False
2026-06-01 18:37:00,30.93,1013.07,55.5,NORMAL,,False
2026-06-01 18:38:00,30.92,1013.04,55.5,NORMAL,,False
2026-06-01 18:39:00,30.81,1013.04,55.7,NORMAL,,False
2026-06-01 18:40:00,30.76,1013.08,55.5,NORMAL,,False
2026-06-01 18:41:00,30.79,1013.06,55.8,NORMAL,,False
2026-06-01 18:42:00,30.75,1013.06,55.8,NORMAL,,False
2026-06-01 18:43:00,30.7,1013.07,56.3,NORMAL,,False
2026-06-01 18:44:00,30.67,1013.06,56.0,NORMAL,,False
2026-06-01 18:45:00,30.61,1013.1,56.0,NORMAL,,False
2026-06-01 18:46:00,30.6,1013.06,56.3,NORMAL,,False
2026-06-01 18:47:00,30.54,1013.12,56.2,NORMAL,,False
2026-06-01 18:48:00,30.56,1013.07,56.3,NORMAL,,False
2026-06-01 18:49:00,30.54,1013.07,56.5,NORMAL,,False
2026-06-01 18:50:00,30.53,1013.09,56.4,NORMAL,,False
2026-06-01 18:51:00,30.53,1013.1,56.7,NORMAL,,False
2026-06-01 18:52:00,30.48,1013.1,56.9,NORMAL,,False
2026-06-01 18:53:00,30.54,1013.09,56.8,NORMAL,,False
2026-06-01 18:54:00,30.41,1013.11,56.9,NORMAL,,False
2026-06-01 18:55:00,30.4,1013.09,57.2,NORMAL,,False
2026-06-01 18:56:00,30.47,1013.08,56.8,NORMAL,,False
2026-06-01 18:57:00,30.34,1013.11,57.3,NORMAL,,False
2026-06-01 18:58:00,30.34,1013.09,57.1,NORMAL,,False
2026-06-01 18:59:00,30.36,1013.09,57.4,NORMAL,,False
2026-06-01 19:00:00,30.27,1013.1,57.4,NORMAL,,False
2026-06-01 19:01:00,30.28,1013.15,57.3,NORMAL,,False
2026-06-01 19:02:00,30.22,1013.14,57.8,NORMAL,,False
2026-06-01 19:03:00,30.27,1013.11,58.0,NORMAL,,False
2026-06-01 19:04:00,30.18,1013.08,57.6,NORMAL,,False
2026-06-01 19:05:00,30.22,1013.05,57.5,NORMAL,,False
2026-06-01 19:06:00,30.23,1013.11,58.0,NORMAL,,False
2026-06-01 19:07:00,30.17,1013.09,58.1,NORMAL,,False
2026-06-01 19:08:00,30.03,1013.11,58.3,NORMAL,,False
2026-06-01 19:09:00,30.01,1013.08,58.1,NORMAL,,False
2026-06-01 19:10:00,30.05,1013.11,58.1,NORMAL,,False
2026-06-01 19:11:00,30.02,1013.12,58.0,NORMAL,,False
2026-06-01 19:12:00,30.03,1013.11,58.0,NORMAL,,False
2026-06-01 19:13:00,30.02,1013.1,58.4,NORMAL,,False
2026-06-01 19:14:00,29.92,1013.11,58.1,NORMAL,,False
2026-06-01 19:15:00,29.92,1013.09,58.7,NORMAL,,False
2026-06-01 19:16:00,29.89,1013.09,58.7,NORMAL,,False
2026-06-01 19:17:00,29.92,1013.05,58.7,NORMAL,,False
2026-06-01 19:18:00,29.86,1013.02,58.6,NORMAL,,False
2026-06-01 19:19:00,29.77,1013.07,58.8,NORMAL,,False
2026-06-01 19:20:00,29.73,1013.13,58.9,NORMAL,,False
2026-06-01 19:21:00,29.82,1013.12,59.1,NORMAL,,False
2026-06-01 19:22:00,29.73,1013.11,59.0,NORMAL,,False
2026-06-01 19:23:00,29.67,1013.08,59.3,NORMAL,,False
2026-06-01 19:24:00,29.69,1013.12,59.2,NORMAL,,False
2026-06-01 19:25:00,29.6,1013.07,59.5,NORMAL,,False
2026-06-01 19:26:00,29.62,1013.09,59.5,NORMAL,,False
2026-06-01 19:27:00,29.63,1013.12,59.6,NORMAL,,False
2026-06-01 19:28:00,29.57,1013.02,59.7,NORMAL,,False
2026-06-01 19:29:00,29.6,1013.09,59.4,NORMAL,,False
2026-06-01 19:30:00,29.53,1013.03,59.9,NORMAL,,False
2026-06-01 19:31:00,29.53,1013.09,60.1,NORMAL,,False
2026-06-01 19:32:00,29.5,1013.1,60.0,NORMAL,,False
2026-06-01 19:33:00,29.51,1013.05,60.0,NORMAL,,False
2026-06-01 19:34:00,29.42,1013.03,60.2,NORMAL,,False
2026-06-01 19:35:00,29.32,1013.07,60.2,NORMAL,,False
2026-06-01 19:36:00,29.41,1013.02,60.5,NORMAL,,False
2026-06-01 19:37:00,29.35,1013.06,60.1,NORMAL,,False
2026-06-01 19:38:00,29.34,1013.05,60.4,NORMAL,,False
2026-06-01 19:39:00,29.29,1013.1,60.4,NORMAL,,False
2026-06-01 19:40:00,29.34,1013.0,60.6,NORMAL,,False
2026-06-01 19:41:00,29.26,1013.05,60.9,NORMAL,,False
2026-06-01 19:42:00,29.3,1013.04,61.1,NORMAL,,False
2026-06-01 19:43:00,29.2,1013.03,60.8,NORMAL,,False
2026-06-01 19:44:00,29.24,1012.98,60.9,NORMAL,,False
2026-06-01 19:45:00,29.19,1013.02,61.1,NORMAL,,False
2026-06-01 19:46:00,29.05,1013.05,61.4,NORMAL,,False
2026-06-01 19:47:00,29.06,1012.99,61.3,NORMAL,,False
2026-06-01 19:48:00,29.03,1013.04,60.9,NORMAL,,False
2026-06-01 19:49:00,29.11,1013.02,61.4,NORMAL,,False
2026-06-01 19:50:00,29.13,1012.98,61.4,NORMAL,,False
2026-06-01 19:51:00,29.02,1013.0,61.7,NORMAL,,False
2026-06-01 19:52:00,28.92,1013.03,61.5,NORMAL,,False
2026-06-01 19:53:00,29.0,1012.97,61.5,NORMAL,,False
2026-06-01 19:54:00,28.89,1013.06,61.9,NORMAL,,False
2026-06-01 19:55:00,28.9,1012.97,62.0,NORMAL,,False
2026-06-01 19:56:00,29.02,1012.97,61.9,NORMAL,,False
2026-06-01 19:57:00,28.87,1013.01,61.9,NORMAL,,False
2026-06-01 19:58:00,28.83,1012.96,62.0,NORMAL,,False
2026-06-01 19:59:00,28.71,1012.91,62.2,NORMAL,,False
2026-06-01 20:00:00,28.76,1012.95,62.3,NORMAL,,False
2026-06-01 20:01:00,28.73,1013.0,62.3,NORMAL,,False
2026-06-01 20:02:00,28.8,1013.0,62.5,NORMAL,,False
2026-06-01 20:03:00,28.69,1012.93,62.6,NORMAL,,False
2026-06-01 20:04:00,28.71,1012.91,62.9,NORMAL,,False
2026-06-01 20:05:00,28.66,1012.92,62.7,NORMAL,,False
2026-06-01 20:06:00,28.63,1012.93,62.5,NORMAL,,False
2026-06-01 20:07:00,28.7,1012.9,63.1,NORMAL,,False
2026-06-01 20:08:00,28.6,1012.92,63.1,NORMAL,,False
2026-06-01 20:09:00,28.52,1012.91,63.2,NORMAL,,False
2026-06-01 20:10:00,28.51,1012.94,63.4,NORMAL,,False
2026-06-01 20:11:00,28.43,1012.96,63.3,NORMAL,,False
2026-06-01 20:12:00,28.56,1012.96,63.5,NORMAL,,False
2026-06-01 20:13:00,28.51,1012.84,63.5,NORMAL,,False
2026-06-01 20:14:00,28.42,1012.9,63.3,NORMAL,,False
2026-06-01 20:15:00,28.48,1012.87,63.7,NORMAL,,False
2026-06-01 20:16:00,28.31,1012.83,63.4,NORMAL,,False
2026-06-01 20:17:00,28.42,1012.88,64.0,NORMAL,,False
2026-06-01 20:18:00,28.31,1012.87,63.9,NORMAL,,False
2026-06-01 20:19:00,28.36,1012.81,64.1,NORMAL,,False
2026-06-01 20:20:00,28.31,1012.85,63.7,NORMAL,,False
2026-06-01 20:21:00,28.17,1012.82,64.2,NORMAL,,False
2026-06-01 20:22:00,28.14,1012.87,64.1,NORMAL,,False
2026-06-01 20:23:00,28.17,1012.88,64.5,NORMAL,,False
2026-06-01 20:24:00,28.17,1012.81,64.6,NORMAL,,False
2026-06-01 20:25:00,28.13,1012.85,64.3,NORMAL,,False
2026-06-01 20:26:00,28.15,1012.82,64.8,NORMAL,,False
2026-06-01 20:27:00,28.12,1012.8,64.7,NORMAL,,False
2026-06-01 20:28:00,28.08,1012.88,65.0,NORMAL,,False
2026-06-01 20:29:00,28.06,1012.77,64.7,NORMAL,,False
2026-06-01 20:30:00,27.93,1012.76,65.0,NORMAL,,False
2026-06-01 20:31:00,28.04,1012.81,65.0,NORMAL,,False
2026-06-01 20:32:00,27.96,1012.75,65.2,NORMAL,,False
2026-06-01 20:33:00,27.92,1012.77,65.2,NORMAL,,False
2026-06-01 20:34:00,27.9,1012.75,65.5,NORMAL,,False
2026-06-01 20:35:00,27.91,1012.81,65.5,NORMAL,,False
2026-06-01 20:36:00,27.68,1012.79,65.4,NORMAL,,False
2026-06-01 20:37:00,27.69,1012.75,65.9,NORMAL,,False
2026-06-01 20:38:00,27.69,1012.71,65.8,NORMAL,,False
2026-06-01 20:39:00,27.72,1012.72,66.1,NORMAL,,False
2026-06-01 20:40:00,27.69,1012.75,66.3,NORMAL,,False
2026-06-01 20:41:00,27.7,1012.71,65.8,NORMAL,,False
2026-06-01 20:42:00,27.76,1012.67,65.9,NORMAL,,False
2026-06-01 20:43:00,27.72,1012.7,66.1,NORMAL,,False
2026-06-01 20:44:00,27.66,1012.62,66.1,NORMAL,,False
2026-06-01 20:45:00,27.6,1012.75,66.6,NORMAL,,False
2026-06-01 20:46:00,27.58,1012.72,66.4,NORMAL,,False
2026-06-01 20:47:00,27.59,1012.61,66.5,NORMAL,,False
2026-06-01 20:48:00,27.51,1012.62,66.6,NORMAL,,False
2026-06-01 20:49:00,27.48,1012.65,67.0,NORMAL,,False
2026-06-01 20:50:00,27.41,1012.65,66.4,NORMAL,,False
2026-06-01 20:51:00,27.42,1012.64,66.7,NORMAL,,False
2026-06-01 20:52:00,27.44,1012.64,67.0,NORMAL,,False
2026-06-01 20:53:00,27.34,1012.61,66.9,NORMAL,,False
2026-06-01 20:54:00,27.37,1012.59,67.3,NORMAL,,False
2026-06-01 20:55:00,27.31,1012.61,67.5,NORMAL,,False
2026-06-01 20:56:00,27.25,1012.56,67.2,NORMAL,,False
2026-06-01 20:57:00,27.24,1012.56,67.1,NORMAL,,False
2026-06-01 20:58:00,27.37,1012.62,67.6,NORMAL,,False
2026-06-01 20:59:00,27.3,1012.58,67.5,NORMAL,,False
2026-06-01 21:00:00,27.22,1012.53,67.4,NORMAL,,False
2026-06-01 21:01:00,27.24,1012.56,67.5,NORMAL,,False
2026-06-01 21:02:00,27.2,1012.56,67.9,NORMAL,,False
2026-06-01 21:03:00,27.08,1012.53,68.0,NORMAL,,False
2026-06-01 21:04:00,27.06,1012.54,67.6,NORMAL,,False
2026-06-01 21:05:00,27.01,1012.57,67.7,NORMAL,,False
2026-06-01 21:06:00,27.0,1012.51,68.0,NORMAL,,False
2026-06-01 21:07:00,27.04,1012.48,68.0,NORMAL,,False
2026-06-01 21:08:00,27.05,1012.49,68.2,NORMAL,,False
2026-06-01 21:09:00,26.88,1012.51,68.3,NORMAL,,False
2026-06-01 21:10:00,26.92,1012.48,68.3,NORMAL,,False
2026-06-01 21:11:00,26.96,1012.45,68.6,NORMAL,,False
2026-06-01 21:12:00,26.94,1012.49,69.0,NORMAL,,False
2026-06-01 21:13:00,26.8,1012.41,69.3,NORMAL,,False
2026-06-01 21:14:00,26.79,1012.43,68.9,NORMAL,,False
2026-06-01 21:15:00,26.85,1012.45,69.2,NORMAL,,False
2026-06-01 21:16:00,26.76,1012.45,69.0,NORMAL,,False
2026-06-01 21:17:00,26.83,1012.43,69.3,NORMAL,,False
2026-06-01 21:18:00,26.79,1012.36,69.1,NORMAL,,False
2026-06-01 21:19:00,26.75,1012.43,69.2,NORMAL,,False
2026-06-01 21:20:00,26.66,1012.37,69.3,NORMAL,,False
2026-06-01 21:21:00,26.72,1012.37,69.6,NORMAL,,False
2026-06-01 21:22:00,26.66,1012.31,69.8,NORMAL,,False
2026-06-01 21:23:00,26.66,1012.39,69.8,NORMAL,,False
2026-06-01 21:24:00,26.64,1012.33,69.5,NORMAL,,False
2026-06-01 21:25:00,26.61,1012.33,69.6,NORMAL,,False
2026-06-01 21:26:00,26.47,1012.33,69.6,NORMAL,,False
2026-06-01 21:27:00,26.5,1012.31,69.8,NORMAL,,False
2026-06-01 21:28:00,26.51,1012.31,70.0,NORMAL,,False
2026-06-01 21:29:00,26.48,1012.29,70.0,NORMAL,,False
2026-06-01 21:30:00,26.4,1012.23,70.1,NORMAL,,False
2026-06-01 21:31:00,26.36,1012.26,70.0,NORMAL,,False
2026-06-01 21:32:00,26.45,1012.27,70.3,NORMAL,,False
2026-06-01 21:33:00,26.32,1012.31,70.5,NORMAL,,False
2026-06-01 21:34:00,26.34,1012.21,70.3,NORMAL,,False
2026-06-01 21:35:00,26.33,1012.26,70.4,NORMAL,,False
2026-06-01 21:36:00,26.25,1012.24,70.3,NORMAL,,False
2026-06-01 21:37:00,26.21,1012.25,70.9,NORMAL,,False
2026-06-01 21:38:00,26.22,1012.25,70.9,NORMAL,,False
2026-06-01 21:39:00,26.2,1012.19,71.3,NORMAL,,False
2026-06-01 21:40:00,26.15,1012.19,71.0,NORMAL,,False
2026-06-01 21:41:00,26.23,1012.19,71.3,NORMAL,,False
2026-06-01 21:42:00,26.18,1012.19,71.2,NORMAL,,False
2026-06-01 21:43:00,26.1,1012.16,71.0,NORMAL,,False
2026-06-01 21:44:00,26.23,1012.12,71.5,NORMAL,,False
2026-06-01 21:45:00,26.14,1012.13,71.1,NORMAL,,False
2026-06-01 21:46:00,26.07,1012.11,71.4,NORMAL,,False
2026-06-01 21:47:00,26.01,1012.09,71.5,NORMAL,,False
2026-06-01 21:48:00,25.94,1012.08,71.4,NORMAL,,False
2026-06-01 21:49:00,25.97,1012.07,72.0,NORMAL,,False
2026-06-01 21:50:00,25.89,1012.05,72.2,NORMAL,,False
2026-06-01 21:51:00,25.93,1012.05,71.7,NORMAL,,False
2026-06-01 21:52:00,25.92,1012.1,72.1,NORMAL,,False
2026-06-01 21:53:00,25.91,1012.07,72.1,NORMAL,,False
2026-06-01 21:54:00,25.8,1012.06,72.4,NORMAL,,False
2026-06-01 21:55:00,25.85,1011.99,72.4,NORMAL,,False
2026-06-01 21:56:00,25.74,1012.03,72.4,NORMAL,,False
2026-06-01 21:57:00,25.81,1012.01,72.4,NORMAL,,False
2026-06-01 21:58:00,25.82,1012.03,72.6,NORMAL,,False
2026-06-01 21:59:00,25.79,1012.0,72.8,NORMAL,,False
2026-06-01 22:00:00,25.74,1012.02,72.7,NORMAL,,False
2026-06-01 22:01:00,25.79,1011.95,72.5,NORMAL,,False
2026-06-01 22:02:00,25.73,1011.95,72.9,NORMAL,,False
2026-06-01 22:03:00,25.6,1011.97,73.1,NORMAL,,False
2026-06-01 22:04:00,25.71,1011.97,73.0,NORMAL,,False
2026-06-01 22:05:00,25.67,1011.9,72.8,NORMAL,,False
2026-06-01 22:06:00,25.57,1011.91,73.0,NORMAL,,False
2026-06-01 22:07:00,25.5,1011.88,73.2,NORMAL,,False
2026-06-01 22:08:00,25.45,1011.91,73.4,NORMAL,,False
2026-06-01 22:09:00,25.54,1011.9,73.5,NORMAL,,False
2026-06-01 22:10:00,25.5,1011.87,73.3,NORMAL,,False
2026-06-01 22:11:00,25.45,1011.89,73.7,NORMAL,,False
2026-06-01 22:12:00,25.41,1011.87,73.6,NORMAL,,False
2026-06-01 22:13:00,25.34,1011.87,73.9,NORMAL,,False
2026-06-01 22:14:00,25.42,1011.87,74.0,NORMAL,,False
2026-06-01 22:15:00,25.25,1011.79,73.9,NORMAL,,False
2026-06-01 22:16:00,25.28,1011.86,73.9,NORMAL,,False
2026-06-01 22:17:00,25.32,1011.86,74.0,NORMAL,,False
2026-06-01 22:18:00,25.29,1011.76,73.9,NORMAL,,False
2026-06-01 22:19:00,25.21,1011.74,74.2,NORMAL,,False
2026-06-01 22:20:00,25.25,1011.76,74.3,NORMAL,,False
2026-06-01 22:21:00,25.21,1011.75,74.4,NORMAL,,False
2026-06-01 22:22:00,25.22,1011.78,74.2,NORMAL,,False
2026-06-01 22:23:00,25.23,1011.71,74.5,NORMAL,,False
2026-06-01 22:24:00,25.14,1011.71,74.6,NORMAL,,False
2026-06-01 22:25:00,25.05,1011.76,74.5,NORMAL,,False
2026-06-01 22:26:00,25.13,1011.72,74.9,NORMAL,,False
2026-06-01 22:27:00,25.17,1011.72,74.6,NORMAL,,False
2026-06-01 22:28:00,25.03,1011.7,75.1,NORMAL,,False
2026-06-01 22:29:00,24.97,1011.66,75.0,NORMAL,,False
2026-06-01 22:30:00,24.96,1011.68,75.2,NORMAL,,False
2026-06-01 22:31:00,25.02,1011.71,74.9,NORMAL,,False
2026-06-01 22:32:00,24.95,1011.63,74.8,NORMAL,,False
2026-06-01 22:33:00,24.86,1011.67,74.9,NORMAL,,False
2026-06-01 22:34:00,24.93,1011.62,75.4,NORMAL,,False
2026-06-01 22:35:00,24.91,1011.62,75.1,NORMAL,,False
2026-06-01 22:36:00,24.86,1011.62,75.3,NORMAL,,False
2026-06-01 22:37:00,24.84,1011.62,75.6,NORMAL,,False
2026-06-01 22:38:00,24.87,1011.62,75.5,NORMAL,,False
2026-06-01 22:39:00,24.81,1011.6,75.7,NORMAL,,False
2026-06-01 22:40:00,24.67,1011.55,76.1,NORMAL,,False
2026-06-01 22:41:00,24.71,1011.53,75.8,NORMAL,,False
2026-06-01 22:42:00,24.82,1011.54,75.8,NORMAL,,False
2026-06-01 22:43:00,24.67,1011.6,76.1,NORMAL,,False
2026-06-01 22:44:00,24.7,1011.58,75.9,NORMAL,,False
2026-06-01 22:45:00,24.68,1011.53,76.0,NORMAL,,False
2026-06-01 22:46:00,24.65,1011.52,76.2,NORMAL,,False
2026-06-01 22:47:00,24.62,1011.6,76.6,NORMAL,,False
2026-06-01 22:48:00,24.61,1011.47,76.1,NORMAL,,False
2026-06-01 22:49:00,24.62,1011.49,76.1,NORMAL,,False
2026-06-01 22:50:00,24.58,1011.47,76.5,NORMAL,,False
2026-06-01 22:51:00,24.63,1011.46,76.7,NORMAL,,False
2026-06-01 22:52:00,24.55,1011.45,76.6,NORMAL,,False
2026-06-01 22:53:00,24.47,1011.44,76.9,NORMAL,,False
2026-06-01 22:54:00,24.47,1011.46,77.0,NORMAL,,False
2026-06-01 22:55:00,24.46,1011.51,76.7,NORMAL,,False
2026-06-01 22:56:00,24.47,1011.47,76.4,NORMAL,,False
2026-06-01 22:57:00,24.35,1011.4,76.7,NORMAL,,False
2026-06-01 22:58:00,24.45,1011.42,77.0,NORMAL,,False
2026-06-01 22:59:00,24.28,1011.4,77.3,NORMAL,,False
2026-06-01 23:00:00,24.28,1011.41,77.2,NORMAL,,False
2026-06-01 23:01:00,24.33,1011.4,77.5,NORMAL,,False
2026-06-01 23:02:00,24.38,1011.38,77.3,NORMAL,,False
2026-06-01 23:03:00,24.33,1011.36,77.6,NORMAL,,False
2026-06-01 23:04:00,24.36,1011.36,77.5,NORMAL,,False
2026-06-01 23:05:00,24.27,1011.3,77.3,NORMAL,,False
2026-06-01 23:06:00,24.33,1011.32,77.8,NORMAL,,False
2026-06-01 23:07:00,24.21,1011.32,77.8,NORMAL,,False
2026-06-01 23:08:00,24.26,1011.36,77.6,NORMAL,,False
2026-06-01 23:09:00,24.13,1011.36,77.9,NORMAL,,False
2026-06-01 23:10:00,24.17,1011.32,77.8,NORMAL,,False
2026-06-01 23:11:00,24.16,1011.29,77.8,NORMAL,,False
2026-06-01 23:12:00,24.19,1011.27,78.3,NORMAL,,False
2026-06-01 23:13:00,24.02,1011.25,77.8,NORMAL,,False
2026-06-01 23:14:00,24.05,1011.23,78.1,NORMAL,,False
2026-06-01 23:15:00,24.05,1011.27,77.6,NORMAL,,False
2026-06-01 23:16:00,24.1,1011.17,78.0,NORMAL,,False
2026-06-01 23:17:00,24.01,1011.24,78.5,NORMAL,,False
2026-06-01 23:18:00,24.0,1011.29,78.6,NORMAL,,False
2026-06-01 23:19:00,24.0,1011.24,78.2,NORMAL,,False
2026-06-01 23:20:00,23.9,1011.22,78.5,NORMAL,,False
2026-06-01 23:21:00,23.9,1011.21,78.9,NORMAL,,False
2026-06-01 23:22:00,23.83,1011.23,78.7,NORMAL,,False
2026-06-01 23:23:00,23.89,1011.19,78.5,NORMAL,,False
2026-06-01 23:24:00,23.84,1011.17,78.7,NORMAL,,False
2026-06-01 23:25:00,23.84,1011.2,78.6,NORMAL,,False
2026-06-01 23:26:00,23.79,1011.19,79.1,NORMAL,,False
2026-06-01 23:27:00,23.89,1011.22,78.7,NORMAL,,False
2026-06-01 23:28:00,23.79,1011.19,79.1,NORMAL,,False
2026-06-01 23:29:00,23.82,1011.17,79.1,NORMAL,,False
2026-06-01 23:30:00,23.75,1011.12,79.3,NORMAL,,False
2026-06-01 23:31:00,23.76,1011.2,79.5,NORMAL,,False
2026-06-01 23:32:00,23.77,1011.15,79.6,NORMAL,,False
2026-06-01 23:33:00,23.75,1011.13,79.7,NORMAL,,False
2026-06-01 23:34:00,23.6,1011.13,79.4,NORMAL,,False
2026-06-01 23:35:00,23.62,1011.1,79.2,NORMAL,,False
2026-06-01 23:36:00,23.59,1011.16,79.7,NORMAL,,False
2026-06-01 23:37:00,23.66,1011.11,79.3,NORMAL,,False
2026-06-01 23:38:00,23.57,1011.07,79.7,NORMAL,,False
2026-06-01 23:39:00,23.64,1011.08,79.8,NORMAL,,False
2026-06-01 23:40:00,23.6,1011.13,79.8,NORMAL,,False
2026-06-01 23:41:00,23.46,1011.11,79.9,NORMAL,,False
2026-06-01 23:42:00,23.52,1011.07,79.8,NORMAL,,False
2026-06-01 23:43:00,23.48,1011.03,79.8,NORMAL,,False
2026-06-01 23:44:00,23.5,1011.04,79.6,NORMAL,,False
2026-06-01 23:45:00,23.52,1011.04,80.0,NORMAL,,False
2026-06-01 23:46:00,23.52,1011.02,80.4,NORMAL,,False
2026-06-01 23:47:00,23.51,1011.01,79.8,NORMAL,,False
2026-06-01 23:48:00,23.46,1011.03,80.3,NORMAL,,False
2026-06-01 23:49:00,23.46,1011.05,80.2,NORMAL,,False
2026-06-01 23:50:00,23.38,1010.96,80.2,NORMAL,,False
2026-06-01 23:51:00,23.42,1011.04,80.2,NORMAL,,False
2026-06-01 23:52:00,23.42,1011.01,80.4,NORMAL,,False
2026-06-01 23:53:00,23.36,1010.96,80.4,NORMAL,,False
2026-06-01 23:54:00,23.41,1011.01,80.4,NORMAL,,False
2026-06-01 23:55:00,23.34,1010.99,80.7,NORMAL,,False
2026-06-01 23:56:00,23.35,1011.01,80.5,NORMAL,,False
2026-06-01 23:57:00,23.3,1010.96,80.7,NORMAL,,False
2026-06-01 23:58:00,23.27,1010.94,80.9,NORMAL,,False
2026-06-01 23:59:00,23.17,1010.99,80.8,NORMAL,,False
2026-06-02 00:00:00,23.22,1011.0,81.1,NORMAL,,False
2026-06-02 00:01:00,23.29,1010.96,81.2,NORMAL,,False
2026-06-02 00:02:00,23.24,1010.87,80.8,NORMAL,,False
2026-06-02 00:03:00,23.21,1010.94,80.9,NORMAL,,False
2026-06-02 00:04:00,23.05,1010.93,81.3,NORMAL,,False
2026-06-02 00:05:00,23.13,1010.91,80.9,NORMAL,,False
2026-06-02 00:06:00,23.1,1010.89,81.0,NORMAL,,False
2026-06-02 00:07:00,23.12,1010.95,81.2,NORMAL,,False
2026-06-02 00:08:00,23.03,1010.89,81.2,NORMAL,,False
2026-06-02 00:09:00,23.12,1010.94,81.3,NORMAL,,False
2026-06-02 00:10:00,23.18,1010.93,81.4,NORMAL,,False
2026-06-02 00:11:00,23.03,1010.91,81.4,NORMAL,,False
2026-06-02 00:12:00,23.16,1010.9,81.3,NORMAL,,False
2026-06-02 00:13:00,23.04,1010.91,81.4,NORMAL,,False
2026-06-02 00:14:00,23.03,1010.87,81.6,NORMAL,,False
2026-06-02 00:15:00,23.05,1010.88,81.4,NORMAL,,False
2026-06-02 00:16:00,23.04,1010.86,82.0,NORMAL,,False
2026-06-02 00:17:00,23.01,1010.91,81.7,NORMAL,,False
2026-06-02 00:18:00,22.97,1010.93,82.1,NORMAL,,False
2026-06-02 00:19:00,22.91,1010.85,81.8,NORMAL,,False
2026-06-02 00:20:00,22.94,1010.82,81.5,NORMAL,,False
2026-06-02 00:21:00,22.98,1010.89,82.0,NORMAL,,False
2026-06-02 00:22:00,22.87,1010.86,81.8,NORMAL,,False
2026-06-02 00:23:00,22.97,1010.87,82.0,NORMAL,,False
2026-06-02 00:24:00,22.94,1010.86,82.1,NORMAL,,False
2026-06-02 00:25:00,22.89,1010.9,82.1,NORMAL,,False
2026-06-02 00:26:00,22.85,1010.87,82.0,NORMAL,,False
2026-06-02 00:27:00,22.89,1010.87,82.1,NORMAL,,False
2026-06-02 00:28:00,22.88,1010.79,81.6,NORMAL,,False
2026-06-02 00:29:00,22.84,1010.89,82.1,NORMAL,,False
2026-06-02 00:30:00,22.82,1010.84,82.3,NORMAL,,False
2026-06-02 00:31:00,22.77,1010.84,82.2,NORMAL,,False
2026-06-02 00:32:00,22.83,1010.84,82.1,NORMAL,,False
2026-06-02 00:33:00,22.74,1010.81,82.5,NORMAL,,False
2026-06-02 00:34:00,22.76,1010.83,82.3,NORMAL,,False
2026-06-02 00:35:00,22.73,1010.84,82.2,NORMAL,,False
2026-06-02 00:36:00,22.59,1010.78,82.5,NORMAL,,False
2026-06-02 00:37:00,22.73,1010.85,82.6,NORMAL,,False
2026-06-02 00:38:00,22.69,1010.85,82.6,NORMAL,,False
2026-06-02 00:39:00,22.67,1010.86,82.7,NORMAL,,False
2026-06-02 00:40:00,22.71,1010.83,83.1,NORMAL,,False
2026-06-02 00:41:00,22.64,1010.84,83.0,NORMAL,,False
2026-06-02 00:42:00,22.64,1010.81,82.9,NORMAL,,False
2026-06-02 00:43:00,22.67,1010.81,82.9,NORMAL,,False
2026-06-02 00:44:00,22.71,1010.77,83.0,NORMAL,,False
2026-06-02 00:45:00,22.63,1010.82,82.9,NORMAL,,False
2026-06-02 00:46:00,22.62,1010.76,83.0,NORMAL,,False
2026-06-02 00:47:00,22.52,1010.8,83.3,NORMAL,,False
2026-06-02 00:48:00,22.65,1010.79,83.2,NORMAL,,False
2026-06-02 00:49:00,22.49,1010.82,83.2,NORMAL,,False
2026-06-02 00:50:00,22.65,1010.8,83.1,NORMAL,,False
2026-06-02 00:51:00,22.46,1010.81,83.0,NORMAL,,False
2026-06-02 00:52:00,22.52,1010.84,83.0,NORMAL,,False
2026-06-02 00:53:00,22.61,1010.8,83.0,NORMAL,,False
2026-06-02 00:54:00,22.5,1010.81,83.6,NORMAL,,False
2026-06-02 00:55:00,22.54,1010.84,83.1,NORMAL,,False
2026-06-02 00:56:00,22.48,1010.83,83.7,NORMAL,,False
2026-06-02 00:57:00,22.45,1010.8,83.5,NORMAL,,False
2026-06-02 00:58:00,22.47,1010.8,83.6,NORMAL,,False
2026-06-02 00:59:00,22.47,1010.77,83.3,NORMAL,,False
2026-06-02 01:00:00,22.46,1010.83,83.5,NORMAL,,False
2026-06-02 01:01:00,22.38,1010.84,83.5,NORMAL,,False
2026-06-02 01:02:00,22.4,1010.77,83.3,NORMAL,,False
2026-06-02 01:03:00,22.47,1010.8,83.3,NORMAL,,False
2026-06-02 01:04:00,22.38,1010.79,83.5,NORMAL,,False
2026-06-02 01:05:00,22.39,1010.79,83.6,NORMAL,,False
2026-06-02 01:06:00,22.41,1010.81,83.6,NORMAL,,False
2026-06-02 01:07:00,22.37,1010.8,83.6,NORMAL,,False
2026-06-02 01:08:00,22.29,1010.78,83.6,NORMAL,,False
2026-06-02 01:09:00,22.32,1010.78,83.7,NORMAL,,False
2026-06-02 01:10:00,22.32,1010.86,84.0,NORMAL,,False
2026-06-02 01:11:00,22.4,1010.83,83.9,NORMAL,,False
2026-06-02 01:12:00,22.36,1010.8,83.8,NORMAL,,False
2026-06-02 01:13:00,22.32,1010.78,83.4,NORMAL,,False
2026-06-02 01:14:00,22.29,1010.79,84.0,NORMAL,,False
2026-06-02 01:15:00,22.23,1010.81,83.9,NORMAL,,False
2026-06-02 01:16:00,22.35,1010.88,84.0,NORMAL,,False
2026-06-02 01:17:00,22.26,1010.83,84.3,NORMAL,,False
2026-06-02 01:18:00,22.26,1010.79,84.0,NORMAL,,False
2026-06-02 01:19:00,22.28,1010.8,84.0,NORMAL,,False
2026-06-02 01:20:00,22.28,1010.84,83.9,NORMAL,,False
2026-06-02 01:21:00,22.31,1010.84,84.0,NORMAL,,False
2026-06-02 01:22:00,22.21,1010.82,83.8,NORMAL,,False
2026-06-02 01:23:00,22.28,1010.83,84.0,NORMAL,,False
2026-06-02 01:24:00,22.35,1010.79,84.8,NORMAL,,False
2026-06-02 01:25:00,22.26,1010.9,84.0,NORMAL,,False
2026-06-02 01:26:00,22.21,1010.82,84.4,NORMAL,,False
2026-06-02 01:27:00,22.17,1010.78,84.2,NORMAL,,False
2026-06-02 01:28:00,22.19,1010.83,84.2,NORMAL,,False
2026-06-02 01:29:00,22.1,1010.91,84.3,NORMAL,,False
2026-06-02 01:30:00,22.16,1010.82,84.4,NORMAL,,False
2026-06-02 01:31:00,22.06,1010.81,84.1,NORMAL,,False
2026-06-02 01:32:00,22.23,1010.83,84.4,NORMAL,,False
2026-06-02 01:33:00,22.22,1010.83,84.4,NORMAL,,False
2026-06-02 01:34:00,22.21,1010.84,84.1,NORMAL,,False
2026-06-02 01:35:00,22.23,1010.82,84.0,NORMAL,,False
2026-06-02 01:36:00,22.17,1010.84,84.5,NORMAL,,False
2026-06-02 01:37:00,22.18,1010.88,84.3,NORMAL,,False
2026-06-02 01:38:00,22.16,1010.88,84.9,NORMAL,,False
2026-06-02 01:39:00,22.18,1010.83,84.8,NORMAL,,False
2026-06-02 01:40:00,22.13,1010.89,84.2,NORMAL,,False
2026-06-02 01:41:00,22.22,1010.83,84.4,NORMAL,,False
2026-06-02 01:42:00,22.19,1010.85,84.4,NORMAL,,False
2026-06-02 01:43:00,22.2,1010.87,84.5,NORMAL,,False
2026-06-02 01:44:00,22.2,1010.84,84.7,NORMAL,,False
2026-06-02 01:45:00,22.19,1010.91,84.3,NORMAL,,False
2026-06-02 01:46:00,22.13,1010.86,84.5,NORMAL,,False
2026-06-02 01:47:00,22.05,1010.89,85.0,NORMAL,,False
2026-06-02 01:48:00,22.07,1010.93,84.8,NORMAL,,False
2026-06-02 01:49:00,22.11,1010.92,84.8,NORMAL,,False
2026-06-02 01:50:00,22.09,1010.89,84.8,NORMAL,,False
2026-06-02 01:51:00,22.04,1010.92,84.5,NORMAL,,False
2026-06-02 01:52:00,22.05,1010.9,84.7,NORMAL,,False
2026-06-02 01:53:00,22.13,1010.92,84.8,NORMAL,,False
2026-06-02 01:54:00,22.06,1010.91,84.7,NORMAL,,False
2026-06-02 01:55:00,22.08,1010.92,84.4,NORMAL,,False
2026-06-02 01:56:00,22.08,1010.89,84.9,NORMAL,,False
2026-06-02 01:57:00,22.04,1010.91,84.7,NORMAL,,False
2026-06-02 01:58:00,22.0,1010.93,84.6,NORMAL,,False
2026-06-02 01:59:00,22.07,1010.91,84.8,NORMAL,,False
2026-06-02 02:00:00,22.07,1010.93,84.8,NORMAL,,False
2026-06-02 02:01:00,22.0,1010.97,84.7,NORMAL,,False
2026-06-02 02:02:00,22.04,1010.92,84.8,NORMAL,,False
2026-06-02 02:03:00,22.18,1010.9,84.4,NORMAL,,False
2026-06-02 02:04:00,22.01,1011.02,84.9,NORMAL,,False
2026-06-02 02:05:00,22.06,1011.0,84.9,NORMAL,,False
2026-06-02 02:06:00,22.04,1010.98,84.5,NORMAL,,False
2026-06-02 02:07:00,22.04,1010.96,85.3,NORMAL,,False
2026-06-02 02:08:00,22.09,1011.03,84.6,NORMAL,,False
2026-06-02 02:09:00,22.03,1011.01,85.1,NORMAL,,False
2026-06-02 02:10:00,22.06,1010.98,84.9,NORMAL,,False
2026-06-02 02:11:00,22.01,1011.0,84.8,NORMAL,,False
2026-06-02 02:12:00,21.94,1011.04,85.0,NORMAL,,False
2026-06-02 02:13:00,22.08,1011.02,85.2,NORMAL,,False
2026-06-02 02:14:00,22.01,1011.03,84.9,NORMAL,,False
2026-06-02 02:15:00,22.05,1010.99,85.0,NORMAL,,False
2026-06-02 02:16:00,22.08,1011.06,85.1,NORMAL,,False
2026-06-02 02:17:00,22.01,1011.1,84.9,NORMAL,,False
2026-06-02 02:18:00,21.95,1011.1,84.6,NORMAL,,False
2026-06-02 02:19:00,22.02,1011.03,84.9,NORMAL,,False
2026-06-02 02:20:00,21.91,1011.08,85.4,NORMAL,,False
2026-06-02 02:21:00,22.03,1011.04,85.1,NORMAL,,False
2026-06-02 02:22:00,22.03,1011.0,85.2,NORMAL,,False
2026-06-02 02:23:00,22.03,1011.08,85.1,NORMAL,,False
2026-06-02 02:24:00,21.96,1011.07,85.0,NORMAL,,False
2026-06-02 02:25:00,22.02,1011.11,84.9,NORMAL,,False
2026-06-02 02:26:00,21.97,1011.13,84.9,NORMAL,,False
2026-06-02 02:27:00,21.99,1011.06,85.1,NORMAL,,False
2026-06-02 02:28:00,22.08,1011.11,84.7,NORMAL,,False
2026-06-02 02:29:00,21.99,1011.11,84.8,NORMAL,,False
2026-06-02 02:30:00,22.06,1011.12,85.3,NORMAL,,False
2026-06-02 02:31:00,21.98,1011.18,84.6,NORMAL,,False
2026-06-02 02:32:00,21.95,1011.14,84.8,NORMAL,,False
2026-06-02 02:33:00,22.04,1011.21,85.3,NORMAL,,False
2026-06-02 02:34:00,22.04,1011.13,84.9,NORMAL,,False
2026-06-02 02:35:00,21.99,1011.19,85.2,NORMAL,,False
2026-06-02 02:36:00,22.03,1011.15,84.6,NORMAL,,False
2026-06-02 02:37:00,22.08,1011.17,84.9,NORMAL,,False
2026-06-02 02:38:00,22.14,1011.23,85.0,NORMAL,,False
2026-06-02 02:39:00,22.1,1011.18,85.1,NORMAL,,False
2026-06-02 02:40:00,21.89,1011.22,84.8,NORMAL,,False
2026-06-02 02:41:00,22.04,1011.17,85.2,NORMAL,,False
2026-06-02 02:42:00,22.02,1011.19,84.6,NORMAL,,False
2026-06-02 02:43:00,22.04,1011.25,84.5,NORMAL,,False
2026-06-02 02:44:00,22.1,1011.22,84.7,NORMAL,,False
2026-06-02 02:45:00,22.1,1011.25,85.1,NORMAL,,False
2026-06-02 02:46:00,22.02,1011.24,84.7,NORMAL,,False
2026-06-02 02:47:00,22.08,1011.27,85.0,NORMAL,,False
2026-06-02 02:48:00,22.0,1011.25,84.8,NORMAL,,False
2026-06-02 02:49:00,21.97,1011.27,84.7,NORMAL,,False
2026-06-02 02:50:00,22.01,1011.3,84.7,NORMAL,,False
2026-06-02 02:51:00,21.98,1011.3,85.0,NORMAL,,False
2026-06-02 02:52:00,22.11,1011.32,85.0,NORMAL,,False
2026-06-02 02:53:00,22.03,1011.33,84.6,NORMAL,,False
2026-06-02 02:54:00,22.12,1011.37,84.9,NORMAL,,False
2026-06-02 02:55:00,22.08,1011.31,85.3,NORMAL,,False
2026-06-02 02:56:00,21.99,1011.31,84.9,NORMAL,,False
2026-06-02 02:57:00,22.05,1011.34,84.8,NORMAL,,False
2026-06-02 02:58:00,22.04,1011.33,84.7,NORMAL,,False
2026-06-02 02:59:00,22.11,1011.31,84.8,NORMAL,,False
2026-06-02 03:00:00,21.95,1011.37,84.8,NORMAL,,False
2026-06-02 03:01:00,22.0,1011.39,84.5,NORMAL,,False
2026-06-02 03:02:00,22.22,1011.35,85.0,NORMAL,,False
2026-06-02 03:03:00,22.06,1011.35,84.8,NORMAL,,False
2026-06-02 03:04:00,22.0,1011.42,84.8,NORMAL,,False
2026-06-02 03:05:00,22.08,1011.42,84.6,NORMAL,,False
2026-06-02 03:06:00,22.1,1011.38,84.6,NORMAL,,False
2026-06-02 03:07:00,22.11,1011.44,85.0,NORMAL,,False
2026-06-02 03:08:00,22.14,1011.39,85.0,NORMAL,,False
2026-06-02 03:09:00,22.11,1011.48,85.0,NORMAL,,False
2026-06-02 03:10:00,22.16,1011.47,84.6,NORMAL,,False
2026-06-02 03:11:00,22.13,1011.46,84.6,NORMAL,,False
2026-06-02 03:12:00,22.03,1011.48,84.5,NORMAL,,False
2026-06-02 03:13:00,22.16,1011.52,84.6,NORMAL,,False
2026-06-02 03:14:00,22.18,1011.48,84.4,NORMAL,,False
2026-06-02 03:15:00,22.09,1011.52,84.8,NORMAL,,False
2026-06-02 03:16:00,22.08,1011.47,84.8,NORMAL,,False
2026-06-02 03:17:00,22.18,1011.51,84.1,NORMAL,,False
2026-06-02 03:18:00,22.1,1011.53,84.7,NORMAL,,False
2026-06-02 03:19:00,22.03,1011.52,84.3,NORMAL,,False
2026-06-02 03:20:00,22.2,1011.56,84.9,NORMAL,,False
2026-06-02 03:21:00,22.22,1011.56,84.4,NORMAL,,False
2026-06-02 03:22:00,22.16,1011.55,84.3,NORMAL,,False
2026-06-02 03:23:00,22.14,1011.59,84.6,NORMAL,,False
2026-06-02 03:24:00,22.14,1011.52,84.3,NORMAL,,False
2026-06-02 03:25:00,22.2,1011.59,84.4,NORMAL,,False
2026-06-02 03:26:00,22.21,1011.57,84.3,NORMAL,,False
2026-06-02 03:27:00,22.15,1011.61,84.3,NORMAL,,False
2026-06-02 03:28:00,22.16,1011.58,84.3,NORMAL,,False
2026-06-02 03:29:00,22.18,1011.61,84.0,NORMAL,,False
2026-06-02 03:30:00,22.23,1011.63,84.4,NORMAL,,False
2026-06-02 03:31:00,22.2,1011.61,84.5,NORMAL,,False
2026-06-02 03:32:00,22.24,1011.66,84.1,NORMAL,,False
2026-06-02 03:33:00,22.22,1011.68,84.1,NORMAL,,False
2026-06-02 03:34:00,22.2,1011.66,84.0,NORMAL,,False
2026-06-02 03:35:00,22.18,1011.67,84.2,NORMAL,,False
2026-06-02 03:36:00,22.18,1011.71,84.2,NORMAL,,False
2026-06-02 03:37:00,22.25,1011.73,84.1,NORMAL,,False
2026-06-02 03:38:00,22.25,1011.68,84.2,NORMAL,,False
2026-06-02 03:39:00,22.3,1011.74,84.1,NORMAL,,False
2026-06-02 03:40:00,22.26,1011.7,83.9,NORMAL,,False
2026-06-02 03:41:00,22.28,1011.71,84.0,NORMAL,,False
2026-06-02 03:42:00,22.36,1011.69,84.2,NORMAL,,False
2026-06-02 03:43:00,22.19,1011.77,83.7,NORMAL,,False
2026-06-02 03:44:00,22.44,1011.76,83.7,NORMAL,,False
2026-06-02 03:45:00,22.39,1011.82,83.8,NORMAL,,False
2026-06-02 03:46:00,22.37,1011.82,83.9,NORMAL,,False
2026-06-02 03:47:00,22.38,1011.8,83.6,NORMAL,,False
2026-06-02 03:48:00,22.31,1011.78,83.9,NORMAL,,False
2026-06-02 03:49:00,22.3,1011.82,83.8,NORMAL,,False
2026-06-02 03:50:00,22.43,1011.88,83.8,NORMAL,,False
2026-06-02 03:51:00,22.44,1011.74,84.0,NORMAL,,False
2026-06-02 03:52:00,22.34,1011.81,83.8,NORMAL,,False
2026-06-02 03:53:00,22.36,1011.86,83.8,NORMAL,,False
2026-06-02 03:54:00,22.38,1011.86,84.0,NORMAL,,False
2026-06-02 03:55:00,22.46,1011.89,83.6,NORMAL,,False
2026-06-02 03:56:00,22.4,1011.89,83.4,NORMAL,,False
2026-06-02 03:57:00,22.36,1011.91,83.7,NORMAL,,False
2026-06-02 03:58:00,22.41,1011.88,83.7,NORMAL,,False
2026-06-02 03:59:00,22.35,1011.88,83.6,NORMAL,,False
2026-06-02 04:00:00,22.39,1011.96,83.5,NORMAL,,False
2026-06-02 04:01:00,22.43,1011.99,83.3,NORMAL,,False
2026-06-02 04:02:00,22.41,1011.96,83.6,NORMAL,,False
2026-06-02 04:03:00,22.45,1011.94,83.3,NORMAL,,False
2026-06-02 04:04:00,22.46,1011.95,83.3,NORMAL,,False
2026-06-02 04:05:00,22.43,1011.96,83.4,NORMAL,,False
2026-06-02 04:06:00,22.56,1012.08,83.2,NORMAL,,False
2026-06-02 04:07:00,22.56,1011.96,83.0,NORMAL,,False
2026-06-02 04:08:00,22.5,1011.96,83.1,NORMAL,,False
2026-06-02 04:09:00,22.49,1011.97,83.2,NORMAL,,False
2026-06-02 04:10:00,22.56,1012.0,83.2,NORMAL,,False
2026-06-02 04:11:00,22.6,1012.07,83.1,NORMAL,,False
2026-06-02 04:12:00,22.62,1012.05,83.0,NORMAL,,False
2026-06-02 04:13:00,22.62,1012.01,83.1,NORMAL,,False
2026-06-02 04:14:00,22.65,1012.1,82.9,NORMAL,,False
2026-06-02 04:15:00,22.63,1012.08,82.8,NORMAL,,False
2026-06-02 04:16:00,22.7,1012.04,82.7,NORMAL,,False
2026-06-02 04:17:00,22.63,1012.15,83.1,NORMAL,,False
2026-06-02 04:18:00,22.71,1012.1,82.4,NORMAL,,False
2026-06-02 04:19:00,22.64,1012.09,82.7,NORMAL,,False
2026-06-02 04:20:00,22.66,1012.2,82.5,NORMAL,,False
2026-06-02 04:21:00,22.69,1012.1,82.6,NORMAL,,False
2026-06-02 04:22:00,22.75,1012.18,82.8,NORMAL,,False
2026-06-02 04:23:00,22.73,1012.14,82.5,NORMAL,,False
2026-06-02 04:24:00,22.69,1012.19,82.5,NORMAL,,False
2026-06-02 04:25:00,22.71,1012.2,82.6,NORMAL,,False
2026-06-02 04:26:00,22.73,1012.2,82.7,NORMAL,,False
2026-06-02 04:27:00,22.78,1012.2,82.4,NORMAL,,False
2026-06-02 04:28:00,22.73,1012.21,82.2,NORMAL,,False
2026-06-02 04:29:00,22.84,1012.23,82.3,NORMAL,,False
2026-06-02 04:30:00,22.79,1012.22,82.2,NORMAL,,False
2026-06-02 04:31:00,22.84,1012.22,82.1,NORMAL,,False
2026-06-02 04:32:00,22.81,1012.2,82.3,NORMAL,,False
2026-06-02 04:33:00,22.86,1012.26,82.2,NORMAL,,False
2026-06-02 04:34:00,22.83,1012.23,82.2,NORMAL,,False
2026-06-02 04:35:00,22.83,1012.23,82.3,NORMAL,,False
2026-06-02 04:36:00,22.85,1012.3,81.9,NORMAL,,False
2026-06-02 04:37:00,22.83,1012.26,81.9,NORMAL,,False
2026-06-02 04:38:00,22.99,1012.28,81.9,NORMAL,,False
2026-06-02 04:39:00,22.93,1012.25,82.1,NORMAL,,False
2026-06-02 04:40:00,22.89,1012.3,81.9,NORMAL,,False
2026-06-02 04:41:00,22.88,1012.33,81.7,NORMAL,,False
2026-06-02 04:42:00,22.98,1012.29,82.2,NORMAL,,False
2026-06-02 04:43:00,22.91,1012.37,81.5,NORMAL,,False
2026-06-02 04:44:00,22.95,1012.38,81.4,NORMAL,,False
2026-06-02 04:45:00,22.97,1012.37,81.9,NORMAL,,False
2026-06-02 04:46:00,22.99,1012.4,81.8,NORMAL,,False
2026-06-02 04:47:00,23.12,1012.37,81.4,NORMAL,,False
2026-06-02 04:48:00,23.13,1012.4,81.7,NORMAL,,False
2026-06-02 04:49:00,23.03,1012.36,81.2,NORMAL,,False
2026-06-02 04:50:00,23.04,1012.37,81.3,NORMAL,,False
2026-06-02 04:51:00,23.14,1012.39,80.8,NORMAL,,False
2026-06-02 04:52:00,23.08,1012.44,81.4,NORMAL,,False
2026-06-02 04:53:00,23.07,1012.4,81.3,NORMAL,,False
2026-06-02 04:54:00,23.16,1012.45,80.9,NORMAL,,False
2026-06-02 04:55:00,23.23,1012.48,81.5,NORMAL,,False
2026-06-02 04:56:00,23.13,1012.43,81.0,NORMAL,,False
2026-06-02 04:57:00,23.16,1012.45,80.7,NORMAL,,False
2026-06-02 04:58:00,23.26,1012.49,81.4,NORMAL,,False
2026-06-02 04:59:00,23.23,1012.44,81.1,NORMAL,,False
2026-06-02 05:00:00,23.2,1012.49,81.0,NORMAL,,False
2026-06-02 05:01:00,23.24,1012.45,81.0,NORMAL,,False
2026-06-02 05:02:00,23.33,1012.53,80.6,NORMAL,,False
2026-06-02 05:03:00,23.29,1012.55,80.9,NORMAL,,False
2026-06-02 05:04:00,23.25,1012.54,80.8,NORMAL,,False
2026-06-02 05:05:00,23.39,1012.57,80.5,NORMAL,,False
2026-06-02 05:06:00,23.37,1012.57,80.5,NORMAL,,False
2026-06-02 05:07:00,23.34,1012.55,80.7,NORMAL,,False
2026-06-02 05:08:00,23.38,1012.59,80.4,NORMAL,,False
2026-06-02 05:09:00,23.38,1012.59,80.5,NORMAL,,False
2026-06-02 05:10:00,23.36,1012.62,80.5,NORMAL,,False
2026-06-02 05:11:00,23.45,1012.56,80.3,NORMAL,,False
2026-06-02 05:12:00,23.5,1012.59,79.9,NORMAL,,False
2026-06-02 05:13:00,23.53,1012.61,80.0,NORMAL,,False
2026-06-02 05:14:00,23.44,1012.56,80.2,NORMAL,,False
2026-06-02 05:15:00,23.47,1012.62,79.9,NORMAL,,False
2026-06-02 05:16:00,23.42,1012.63,80.3,NORMAL,,False
2026-06-02 05:17:00,23.5,1012.63,80.2,NORMAL,,False
2026-06-02 05:18:00,23.55,1012.68,79.9,NORMAL,,False
2026-06-02 05:19:00,23.57,1012.65,79.6,NORMAL,,False
2026-06-02 05:20:00,23.6,1012.63,79.7,NORMAL,,False
2026-06-02 05:21:00,23.55,1012.67,79.3,NORMAL,,False
2026-06-02 05:22:00,23.57,1012.68,79.5,NORMAL,,False
2026-06-02 05:23:00,23.68,1012.66,79.4,NORMAL,,False
2026-06-02 05:24:00,23.63,1012.65,79.6,NORMAL,,False
2026-06-02 05:25:00,23.63,1012.67,79.5,NORMAL,,False
2026-06-02 05:26:00,23.63,1012.67,79.4,NORMAL,,False
2026-06-02 05:27:00,23.69,1012.69,79.6,NORMAL,,False
2026-06-02 05:28:00,23.71,1012.66,79.2,NORMAL,,False
2026-06-02 05:29:00,23.75,1012.75,79.4,NORMAL,,False
2026-06-02 05:30:00,23.9,1012.73,79.1,NORMAL,,False
2026-06-02 05:31:00,23.72,1012.76,79.5,NORMAL,,False
2026-06-02 05:32:00,23.84,1012.73,79.1,NORMAL,,False
2026-06-02 05:33:00,23.69,1012.76,79.2,NORMAL,,False
2026-06-02 05:34:00,23.84,1012.77,78.7,NORMAL,,False
2026-06-02 05:35:00,23.87,1012.72,78.9,NORMAL,,False
2026-06-02 05:36:00,23.81,1012.76,78.7,NORMAL,,False
2026-06-02 05:37:00,23.84,1012.75,79.1,NORMAL,,False
2026-06-02 05:38:00,23.9,1012.82,78.7,NORMAL,,False
2026-06-02 05:39:00,23.89,1012.74,78.5,NORMAL,,False
2026-06-02 05:40:00,24.0,1012.79,78.6,NORMAL,,False
2026-06-02 05:41:00,23.98,1012.79,78.8,NORMAL,,False
2026-06-02 05:42:00,23.96,1012.83,78.3,NORMAL,,False
2026-06-02 05:43:00,24.03,1012.78,78.4,NORMAL,,False
2026-06-02 05:44:00,24.05,1012.81,78.4,NORMAL,,False
2026-06-02 05:45:00,24.04,1012.82,78.3,NORMAL,,False
2026-06-02 05:46:00,24.04,1012.77,78.1,NORMAL,,False
2026-06-02 05:47:00,24.11,1012.87,78.0,NORMAL,,False
2026-06-02 05:48:00,24.01,1012.85,78.0,NORMAL,,False
2026-06-02 05:49:00,24.09,1012.84,78.0,NORMAL,,False
2026-06-02 05:50:00,24.17,1012.74,77.8,NORMAL,,False
2026-06-02 05:51:00,24.17,1012.82,77.8,NORMAL,,False
2026-06-02 05:52:00,24.12,1012.86,77.8,NORMAL,,False
2026-06-02 05:53:00,24.28,1012.89,77.5,NORMAL,,False
2026-06-02 05:54:00,24.22,1012.87,77.5,NORMAL,,False
2026-06-02 05:55:00,24.29,1012.91,77.4,NORMAL,,False
2026-06-02 05:56:00,24.27,1012.83,77.2,NORMAL,,False
2026-06-02 05:57:00,24.34,1012.88,77.3,NORMAL,,False
2026-06-02 05:58:00,24.31,1012.91,77.3,NORMAL,,False
2026-06-02 05:59:00,24.3,1012.81,77.0,NORMAL,,False
2026-06-02 06:00:00,24.34,1012.92,77.1,NORMAL,,False
2026-06-02 06:01:00,24.33,1012.88,77.3,NORMAL,,False
2026-06-02 06:02:00,24.48,1012.88,76.8,NORMAL,,False
2026-06-02 06:03:00,24.44,1012.93,77.2,NORMAL,,False
2026-06-02 06:04:00,24.36,1012.9,77.1,NORMAL,,False
2026-06-02 06:05:00,24.37,1012.9,76.7,NORMAL,,False
2026-06-02 06:06:00,24.43,1012.93,77.0,NORMAL,,False
2026-06-02 06:07:00,24.55,1012.87,76.5,NORMAL,,False
2026-06-02 06:08:00,24.54,1012.95,76.6,NORMAL,,False
2026-06-02 06:09:00,24.57,1012.95,76.6,NORMAL,,False
2026-06-02 06:10:00,24.56,1012.99,76.5,NORMAL,,False
2026-06-02 06:11:00,24.64,1012.88,76.2,NORMAL,,False
2026-06-02 06:12:00,24.67,1012.93,76.2,NORMAL,,False
2026-06-02 06:13:00,24.6,1012.92,76.3,NORMAL,,False
2026-06-02 06:14:00,24.59,1012.87,75.8,NORMAL,,False
2026-06-02 06:15:00,24.61,1012.92,76.4,NORMAL,,False
2026-06-02 06:16:00,24.69,1012.99,76.3,NORMAL,,False
2026-06-02 06:17:00,24.68,1012.94,76.1,NORMAL,,False
2026-06-02 06:18:00,24.64,1012.96,76.1,NORMAL,,False
2026-06-02 06:19:00,24.71,1012.97,75.9,NORMAL,,False
2026-06-02 06:20:00,24.78,1012.95,75.6,NORMAL,,False
2026-06-02 06:21:00,24.81,1012.95,75.8,NORMAL,,False
2026-06-02 06:22:00,24.77,1013.0,75.7,NORMAL,,False
2026-06-02 06:23:00,24.81,1013.0,75.6,NORMAL,,False
2026-06-02 06:24:00,24.92,1012.98,75.7,NORMAL,,False
2026-06-02 06:25:00,24.96,1012.95,75.6,NORMAL,,False
2026-06-02 06:26:00,24.93,1012.95,75.3,NORMAL,,False
2026-06-02 06:27:00,24.92,1013.0,74.8,NORMAL,,False
2026-06-02 06:28:00,25.0,1013.02,75.4,NORMAL,,False
2026-06-02 06:29:00,24.95,1013.03,75.0,NORMAL,,False
2026-06-02 06:30:00,25.05,1012.91,74.9,NORMAL,,False
2026-06-02 06:31:00,25.01,1012.98,74.7,NORMAL,,False
2026-06-02 06:32:00,25.09,1012.99,74.6,NORMAL,,False
2026-06-02 06:33:00,25.01,1012.99,75.3,NORMAL,,False
2026-06-02 06:34:00,25.11,1012.92,74.5,NORMAL,,False
2026-06-02 06:35:00,25.07,1013.02,74.4,NORMAL,,False
2026-06-02 06:36:00,25.08,1013.0,74.7,NORMAL,,False
2026-06-02 06:37:00,25.15,1012.97,74.0,NORMAL,,False
2026-06-02 06:38:00,25.23,1013.0,74.5,NORMAL,,False
2026-06-02 06:39:00,25.13,1013.0,74.3,NORMAL,,False
2026-06-02 06:40:00,25.21,1012.97,74.3,NORMAL,,False
2026-06-02 06:41:00,25.15,1012.97,74.0,NORMAL,,False
2026-06-02 06:42:00,25.34,1012.99,74.2,NORMAL,,False
2026-06-02 06:43:00,25.27,1013.04,74.1,NORMAL,,False
2026-06-02 06:44:00,25.27,1013.03,73.8,NORMAL,,False
2026-06-02 06:45:00,25.37,1013.03,73.8,NORMAL,,False
2026-06-02 06:46:00,25.4,1013.01,73.6,NORMAL,,False
2026-06-02 06:47:00,25.39,1013.02,74.0,NORMAL,,False
2026-06-02 06:48:00,25.44,1013.01,73.6,NORMAL,,False
2026-06-02 06:49:00,25.37,1013.01,73.2,NORMAL,,False
2026-06-02 06:50:00,25.48,1012.94,73.4,NORMAL,,False
2026-06-02 06:51:00,25.43,1013.0,73.5,NORMAL,,False
2026-06-02 06:52:00,25.48,1013.01,73.1,NORMAL,,False
2026-06-02 06:53:00,25.53,1012.98,73.2,NORMAL,,False
2026-06-02 06:54:00,25.57,1012.98,73.2,NORMAL,,False
2026-06-02 06:55:00,25.67,1013.0,72.9,NORMAL,,False
2026-06-02 06:56:00,25.53,1013.02,72.8,NORMAL,,False
2026-06-02 06:57:00,25.67,1012.98,72.9,NORMAL,,False
2026-06-02 06:58:00,25.67,1013.03,72.6,NORMAL,,False
2026-06-02 06:59:00,25.55,1012.97,72.7,NORMAL,,False
2026-06-02 07:00:00,25.77,1013.03,72.6,NORMAL,,False
2026-06-02 07:01:00,25.8,1012.94,72.7,NORMAL,,False
2026-06-02 07:02:00,25.71,1013.0,72.4,NORMAL,,False
2026-06-02 07:03:00,25.8,1013.01,72.1,NORMAL,,False
2026-06-02 07:04:00,25.75,1013.0,72.3,NORMAL,,False
2026-06-02 07:05:00,25.82,1013.02,72.6,NORMAL,,False
2026-06-02 07:06:00,25.78,1013.02,71.9,NORMAL,,False
2026-06-02 07:07:00,25.88,1012.99,72.2,NORMAL,,False
2026-06-02 07:08:00,25.96,1013.01,72.2,NORMAL,,False
2026-06-02 07:09:00,25.89,1012.93,72.0,NORMAL,,False
2026-06-02 07:10:00,25.94,1012.96,71.7,NORMAL,,False
2026-06-02 07:11:00,25.93,1013.01,71.4,NORMAL,,False
2026-06-02 07:12:00,25.99,1012.99,71.6,NORMAL,,False
2026-06-02 07:13:00,26.08,1012.96,71.9,NORMAL,,False
2026-06-02 07:14:00,26.06,1012.99,71.3,NORMAL,,False
2026-06-02 07:15:00,26.07,1012.99,71.6,NORMAL,,False
2026-06-02 07:16:00,26.14,1012.97,71.5,NORMAL,,False
2026-06-02 07:17:00,26.06,1013.01,71.3,NORMAL,,False
2026-06-02 07:18:00,26.12,1012.98,71.0,NORMAL,,False
2026-06-02 07:19:00,26.25,1012.89,70.9,NORMAL,,False
2026-06-02 07:20:00,26.17,1012.95,71.0,NORMAL,,False
2026-06-02 07:21:00,26.21,1012.93,70.8,NORMAL,,False
2026-06-02 07:22:00,26.2,1012.97,70.9,NORMAL,,False
2026-06-02 07:23:00,26.19,1012.96,71.1,NORMAL,,False
2026-06-02 07:24:00,26.32,1012.95,70.6,NORMAL,,False
2026-06-02 07:25:00,26.26,1012.98,70.9,NORMAL,,False
2026-06-02 07:26:00,26.33,1012.93,70.2,NORMAL,,False
2026-06-02 07:27:00,26.4,1012.91,70.4,NORMAL,,False
2026-06-02 07:28:00,26.4,1012.97,70.2,NORMAL,,False
2026-06-02 07:29:00,26.47,1012.91,70.4,NORMAL,,False
2026-06-02 07:30:00,26.46,1012.86,70.4,NORMAL,,False
2026-06-02 07:31:00,26.48,1012.97,70.4,NORMAL,,False
2026-06-02 07:32:00,26.45,1012.95,70.1,NORMAL,,False
2026-06-02 07:33:00,26.58,1012.85,69.6,NORMAL,,False
2026-06-02 07:34:00,26.56,1012.9,69.9,NORMAL,,False
2026-06-02 07:35:00,26.56,1012.95,70.0,NORMAL,,False
2026-06-02 07:36:00,26.57,1012.86,69.7,NORMAL,,False
2026-06-02 07:37:00,26.71,1012.86,69.3,NORMAL,,False
2026-06-02 07:38:00,26.61,1012.93,69.3,NORMAL,,False
2026-06-02 07:39:00,26.79,1012.88,69.5,NORMAL,,False
2026-06-02 07:40:00,26.74,1012.92,69.1,NORMAL,,False
2026-06-02 07:41:00,26.73,1012.86,69.3,NORMAL,,False
2026-06-02 07:42:00,26.74,1012.87,68.8,NORMAL,,False
2026-06-02 07:43:00,26.82,1012.84,68.7,NORMAL,,False
2026-06-02 07:44:00,26.78,1012.86,68.9,NORMAL,,False
2026-06-02 07:45:00,26.83,1012.86,69.0,NORMAL,,False
2026-06-02 07:46:00,26.77,1012.89,68.9,NORMAL,,False
2026-06-02 07:47:00,26.89,1012.85,68.4,NORMAL,,False
2026-06-02 07:48:00,26.93,1012.84,68.4,NORMAL,,False
2026-06-02 07:49:00,27.0,1012.84,68.9,NORMAL,,False
2026-06-02 07:50:00,26.98,1012.82,68.4,NORMAL,,False
2026-06-02 07:51:00,27.05,1012.84,68.6,NORMAL,,False
2026-06-02 07:52:00,26.98,1012.85,68.6,NORMAL,,False
2026-06-02 07:53:00,26.97,1012.82,68.4,NORMAL,,False
2026-06-02 07:54:00,27.08,1012.76,67.7,NORMAL,,False
2026-06-02 07:55:00,27.14,1012.83,67.9,NORMAL,,False
2026-06-02 07:56:00,27.05,1012.85,67.7,NORMAL,,False
2026-06-02 07:57:00,27.18,1012.8,67.8,NORMAL,,False
2026-06-02 07:58:00,27.13,1012.82,67.9,NORMAL,,False
2026-06-02 07:59:00,27.17,1012.73,67.8,NORMAL,,False
2026-06-02 08:00:00,27.31,1012.77,67.8,NORMAL,,False
2026-06-02 08:01:00,27.23,1012.75,67.8,NORMAL,,False
2026-06-02 08:02:00,27.29,1012.73,67.4,NORMAL,,False
2026-06-02 08:03:00,27.35,1012.77,67.3,NORMAL,,False
2026-06-02 08:04:00,27.3,1012.74,67.2,NORMAL,,False
2026-06-02 08:05:00,27.31,1012.74,67.3,NORMAL,,False
2026-06-02 08:06:00,27.42,1012.77,67.2,NORMAL,,False
2026-06-02 08:07:00,27.37,1012.72,67.1,NORMAL,,False
2026-06-02 08:08:00,27.42,1012.7,66.8,NORMAL,,False
2026-06-02 08:09:00,27.48,1012.69,66.8,NORMAL,,False
2026-06-02 08:10:00,27.52,1012.67,66.8,NORMAL,,False
2026-06-02 08:11:00,27.51,1012.73,66.9,NORMAL,,False
2026-06-02 08:12:00,27.5,1012.68,66.3,NORMAL,,False
2026-06-02 08:13:00,27.62,1012.61,66.6,NORMAL,,False
2026-06-02 08:14:00,27.62,1012.73,66.0,NORMAL,,False
2026-06-02 08:15:00,27.65,1012.67,66.2,NORMAL,,False
2026-06-02 08:16:00,27.67,1012.67,66.1,NORMAL,,False
2026-06-02 08:17:00,27.65,1012.7,66.1,NORMAL,,False
2026-06-02 08:18:00,27.58,1012.6,66.1,NORMAL,,False
2026-06-02 08:19:00,27.7,1012.71,65.8,NORMAL,,False
2026-06-02 08:20:00,27.71,1012.61,65.8,NORMAL,,False
2026-06-02 08:21:00,27.81,1012.6,65.7,NORMAL,,False
2026-06-02 08:22:00,27.88,1012.62,65.9,NORMAL,,False
2026-06-02 08:23:00,27.94,1012.58,65.5,NORMAL,,False
2026-06-02 08:24:00,27.8,1012.58,65.8,NORMAL,,False
2026-06-02 08:25:00,27.93,1012.53,65.3,NORMAL,,False
2026-06-02 08:26:00,27.86,1012.62,65.4,NORMAL,,False
2026-06-02 08:27:00,27.99,1012.59,65.3,NORMAL,,False
2026-06-02 08:28:00,27.82,1012.57,65.2,NORMAL,,False
2026-06-02 08:29:00,27.96,1012.58,65.0,NORMAL,,False
2026-06-02 08:30:00,28.06,1012.54,65.4,NORMAL,,False
2026-06-02 08:31:00,27.99,1012.53,65.3,NORMAL,,False
2026-06-02 08:32:00,28.03,1012.54,64.5,NORMAL,,False
2026-06-02 08:33:00,28.11,1012.53,64.9,NORMAL,,False
2026-06-02 08:34:00,28.13,1012.53,64.8,NORMAL,,False
2026-06-02 08:35:00,28.19,1012.51,64.7,NORMAL,,False
2026-06-02 08:36:00,28.13,1012.48,64.6,NORMAL,,False
2026-06-02 08:37:00,28.18,1012.55,64.2,NORMAL,,False
2026-06-02 08:38:00,28.16,1012.5,64.4,NORMAL,,False
2026-06-02 08:39:00,28.28,1012.47,64.2,NORMAL,,False
2026-06-02 08:40:00,28.25,1012.44,63.6,NORMAL,,False
2026-06-02 08:41:00,28.36,1012.45,63.9,NORMAL,,False
2026-06-02 08:42:00,28.45,1012.42,63.8,NORMAL,,False
2026-06-02 08:43:00,28.33,1012.4,63.5,NORMAL,,False
2026-06-02 08:44:00,28.29,1012.41,63.9,NORMAL,,False
2026-06-02 08:45:00,28.29,1012.44,63.9,NORMAL,,False
2026-06-02 08:46:00,28.4,1012.42,63.8,NORMAL,,False
2026-06-02 08:47:00,28.4,1012.4,63.6,NORMAL,,False
2026-06-02 08:48:00,28.43,1012.39,63.2,NORMAL,,False
2026-06-02 08:49:00,28.61,1012.38,63.3,NORMAL,,False
2026-06-02 08:50:00,28.47,1012.36,63.2,NORMAL,,False
2026-06-02 08:51:00,28.53,1012.35,63.0,NORMAL,,False
2026-06-02 08:52:00,28.55,1012.41,63.3,NORMAL,,False
2026-06-02 08:53:00,28.56,1012.35,62.9,NORMAL,,False
2026-06-02 08:54:00,28.66,1012.31,62.8,NORMAL,,False
2026-06-02 08:55:00,28.68,1012.38,62.5,NORMAL,,False
2026-06-02 08:56:00,28.69,1012.3,62.7,NORMAL,,False
2026-06-02 08:57:00,28.65,1012.29,63.0,NORMAL,,False
2026-06-02 08:58:00,28.71,1012.31,62.9,NORMAL,,False
2026-06-02 08:59:00,28.75,1012.26,62.6,NORMAL,,False
2026-06-02 09:00:00,28.77,1012.27,62.3,NORMAL,,False
2026-06-02 09:01:00,28.86,1012.19,62.7,NORMAL,,False
2026-06-02 09:02:00,28.95,1012.24,62.4,NORMAL,,False
2026-06-02 09:03:00,28.84,1012.27,61.8,NORMAL,,False
2026-06-02 09:04:00,28.83,1012.21,62.2,NORMAL,,False
2026-06-02 09:05:00,28.83,1012.23,62.0,NORMAL,,False
2026-06-02 09:06:00,28.89,1012.25,62.0,NORMAL,,False
2026-06-02 09:07:00,28.99,1012.17,61.9,NORMAL,,False
2026-06-02 09:08:00,28.94,1012.18,61.6,NORMAL,,False
2026-06-02 09:09:00,29.02,1012.24,61.6,NORMAL,,False
2026-06-02 09:10:00,29.07,1012.12,61.3,NORMAL,,False
2026-06-02 09:11:00,28.98,1012.16,61.2,NORMAL,,False
2026-06-02 09:12:00,29.08,1012.15,61.2,NORMAL,,False
2026-06-02 09:13:00,29.15,1012.13,61.3,NORMAL,,False
2026-06-02 09:14:00,29.14,1012.06,60.9,NORMAL,,False
2026-06-02 09:15:00,41.629999999999995,1012.08,60.9,SPIKE,temperature,True
2026-06-02 09:16:00,29.19,1012.05,60.9,NORMAL,,False
2026-06-02 09:17:00,29.22,1012.07,61.0,NORMAL,,False
2026-06-02 09:18:00,29.29,1012.08,60.9,NORMAL,,False
2026-06-02 09:19:00,29.25,1012.08,60.8,NORMAL,,False
2026-06-02 09:20:00,29.2,1012.03,60.9,NORMAL,,False
2026-06-02 09:21:00,29.36,1012.02,60.1,NORMAL,,False
2026-06-02 09:22:00,29.26,1012.03,60.5,NORMAL,,False
2026-06-02 09:23:00,29.4,1011.98,60.4,NORMAL,,False
2026-06-02 09:24:00,29.47,1011.99,60.1,NORMAL,,False
2026-06-02 09:25:00,29.39,1011.95,60.1,NORMAL,,False
2026-06-02 09:26:00,29.51,1011.98,60.3,NORMAL,,False
2026-06-02 09:27:00,29.47,1011.97,59.9,NORMAL,,False
2026-06-02 09:28:00,29.46,1011.97,60.0,NORMAL,,False
2026-06-02 09:29:00,29.52,1011.97,60.0,NORMAL,,False
2026-06-02 09:30:00,29.59,1011.89,60.2,NORMAL,,False
2026-06-02 09:31:00,29.52,1011.92,59.5,NORMAL,,False
2026-06-02 09:32:00,29.52,1011.94,59.5,NORMAL,,False
2026-06-02 09:33:00,29.67,1011.93,59.9,NORMAL,,False
2026-06-02 09:34:00,29.7,1011.88,59.4,NORMAL,,False
2026-06-02 09:35:00,29.72,1011.82,59.6,NORMAL,,False
2026-06-02 09:36:00,29.63,1011.84,59.1,NORMAL,,False
2026-06-02 09:37:00,29.8,1011.87,59.6,NORMAL,,False
2026-06-02 09:38:00,29.77,1011.86,59.5,NORMAL,,False
2026-06-02 09:39:00,29.81,1011.84,59.1,NORMAL,,False
2026-06-02 09:40:00,29.87,1011.82,59.1,NORMAL,,False
2026-06-02 09:41:00,29.81,1011.76,59.0,NORMAL,,False
2026-06-02 09:42:00,29.88,1011.81,58.8,NORMAL,,False
2026-06-02 09:43:00,29.82,1011.79,58.8,NORMAL,,False
2026-06-02 09:44:00,29.9,1011.75,58.7,NORMAL,,False
2026-06-02 09:45:00,29.86,1011.7,58.7,NORMAL,,False
2026-06-02 09:46:00,29.98,1011.76,58.9,NORMAL,,False
2026-06-02 09:47:00,30.02,1011.77,58.7,NORMAL,,False
2026-06-02 09:48:00,30.12,1011.72,58.1,NORMAL,,False
2026-06-02 09:49:00,30.05,1011.72,57.9,NORMAL,,False
2026-06-02 09:50:00,30.06,1011.74,58.4,NORMAL,,False
2026-06-02 09:51:00,30.12,1011.69,58.2,NORMAL,,False
2026-06-02 09:52:00,30.12,1011.71,58.1,NORMAL,,False
2026-06-02 09:53:00,30.09,1011.67,58.0,NORMAL,,False
2026-06-02 09:54:00,30.16,1011.65,58.1,NORMAL,,False
2026-06-02 09:55:00,30.13,1011.63,57.6,NORMAL,,False
2026-06-02 09:56:00,30.23,1011.62,57.6,NORMAL,,False
2026-06-02 09:57:00,30.26,1011.64,57.6,NORMAL,,False
2026-06-02 09:58:00,30.36,1011.62,57.9,NORMAL,,False
2026-06-02 09:59:00,30.29,1011.64,57.6,NORMAL,,False
2026-06-02 10:00:00,30.28,1011.61,57.1,NORMAL,,False
2026-06-02 10:01:00,30.33,1011.59,57.4,NORMAL,,False
2026-06-02 10:02:00,30.31,1011.6,57.1,NORMAL,,False
2026-06-02 10:03:00,30.36,1011.54,56.9,NORMAL,,False
2026-06-02 10:04:00,30.41,1011.59,56.9,NORMAL,,False
2026-06-02 10:05:00,30.46,1011.53,56.6,NORMAL,,False
2026-06-02 10:06:00,30.52,1011.5,57.5,NORMAL,,False
2026-06-02 10:07:00,30.47,1011.52,56.5,NORMAL,,False
2026-06-02 10:08:00,30.51,1011.46,56.8,NORMAL,,False
2026-06-02 10:09:00,30.55,1011.52,57.0,NORMAL,,False
2026-06-02 10:10:00,30.55,1011.5,56.5,NORMAL,,False
2026-06-02 10:11:00,30.55,1011.41,56.0,NORMAL,,False
2026-06-02 10:12:00,30.65,1011.44,56.7,NORMAL,,False
2026-06-02 10:13:00,30.57,1011.39,56.3,NORMAL,,False
2026-06-02 10:14:00,30.62,1011.4,56.6,NORMAL,,False
2026-06-02 10:15:00,30.61,1011.42,55.9,NORMAL,,False
2026-06-02 10:16:00,30.63,1011.39,56.2,NORMAL,,False
2026-06-02 10:17:00,30.78,1011.4,56.1,NORMAL,,False
2026-06-02 10:18:00,30.65,1011.38,55.9,NORMAL,,False
2026-06-02 10:19:00,30.76,1011.37,55.9,NORMAL,,False
2026-06-02 10:20:00,30.71,1011.32,55.3,NORMAL,,False
2026-06-02 10:21:00,30.84,1011.37,55.8,NORMAL,,False
2026-06-02 10:22:00,30.83,1011.33,55.7,NORMAL,,False
2026-06-02 10:23:00,30.75,1011.3,55.6,NORMAL,,False
2026-06-02 10:24:00,30.83,1011.3,55.3,NORMAL,,False
2026-06-02 10:25:00,30.93,1011.26,55.5,NORMAL,,False
2026-06-02 10:26:00,30.92,1011.22,55.3,NORMAL,,False
2026-06-02 10:27:00,30.98,1011.29,55.1,NORMAL,,False
2026-06-02 10:28:00,30.91,1011.3,55.3,NORMAL,,False
2026-06-02 10:29:00,30.99,1011.23,55.2,NORMAL,,False
2026-06-02 10:30:00,30.98,1011.27,54.8,NORMAL,,False
2026-06-02 10:31:00,31.08,1011.23,54.8,NORMAL,,False
2026-06-02 10:32:00,31.01,1011.2,54.6,NORMAL,,False
2026-06-02 10:33:00,31.01,1011.21,54.4,NORMAL,,False
2026-06-02 10:34:00,31.04,1011.11,54.7,NORMAL,,False
2026-06-02 10:35:00,31.12,1011.16,54.5,NORMAL,,False
2026-06-02 10:36:00,31.18,1011.18,54.5,NORMAL,,False
2026-06-02 10:37:00,31.16,1011.13,54.6,NORMAL,,False
2026-06-02 10:38:00,31.18,1011.17,54.4,NORMAL,,False
2026-06-02 10:39:00,31.17,1011.15,54.5,NORMAL,,False
2026-06-02 10:40:00,31.19,1011.11,54.4,NORMAL,,False
2026-06-02 10:41:00,31.21,1011.08,54.0,NORMAL,,False
2026-06-02 10:42:00,31.28,1011.09,54.1,NORMAL,,False
2026-06-02 10:43:00,31.33,1011.09,54.2,NORMAL,,False
2026-06-02 10:44:00,31.21,1011.02,54.1,NORMAL,,False
2026-06-02 10:45:00,31.29,1011.11,53.9,NORMAL,,False
2026-06-02 10:46:00,31.23,1011.03,53.5,NORMAL,,False
2026-06-02 10:47:00,31.41,1011.02,53.4,NORMAL,,False
2026-06-02 10:48:00,31.46,1011.01,53.8,NORMAL,,False
2026-06-02 10:49:00,31.47,1010.99,53.6,NORMAL,,False
2026-06-02 10:50:00,31.41,1010.98,53.4,NORMAL,,False
2026-06-02 10:51:00,31.49,1010.96,53.7,NORMAL,,False
2026-06-02 10:52:00,31.52,1010.99,53.2,NORMAL,,False
2026-06-02 10:53:00,31.52,1010.98,53.5,NORMAL,,False
2026-06-02 10:54:00,31.54,1011.02,53.6,NORMAL,,False
2026-06-02 10:55:00,31.6,1010.97,53.3,NORMAL,,False
2026-06-02 10:56:00,31.65,1010.93,53.3,NORMAL,,False
2026-06-02 10:57:00,31.6,1010.89,53.1,NORMAL,,False
2026-06-02 10:58:00,31.58,1010.89,53.3,NORMAL,,False
2026-06-02 10:59:00,31.66,1010.94,53.0,NORMAL,,False
2026-06-02 11:00:00,31.61,1010.91,52.7,NORMAL,,False
2026-06-02 11:01:00,31.64,1010.9,53.1,NORMAL,,False
2026-06-02 11:02:00,31.74,1010.9,52.5,NORMAL,,False
2026-06-02 11:03:00,31.84,1010.84,52.6,NORMAL,,False
2026-06-02 11:04:00,31.79,1010.82,52.5,NORMAL,,False
2026-06-02 11:05:00,31.7,1010.87,52.2,NORMAL,,False
2026-06-02 11:06:00,31.73,1010.83,52.2,NORMAL,,False
2026-06-02 11:07:00,31.82,1010.87,52.5,NORMAL,,False
2026-06-02 11:08:00,31.8,1010.8,52.5,NORMAL,,False
2026-06-02 11:09:00,31.92,1010.82,52.3,NORMAL,,False
2026-06-02 11:10:00,31.78,1010.79,52.3,NORMAL,,False
2026-06-02 11:11:00,31.85,1010.77,51.9,NORMAL,,False
2026-06-02 11:12:00,31.92,1010.78,52.1,NORMAL,,False
2026-06-02 11:13:00,32.01,1010.78,51.7,NORMAL,,False
2026-06-02 11:14:00,31.87,1010.78,52.0,NORMAL,,False
2026-06-02 11:15:00,31.96,1010.77,51.9,NORMAL,,False
2026-06-02 11:16:00,32.0,1010.77,51.5,NORMAL,,False
2026-06-02 11:17:00,32.08,1010.72,51.9,NORMAL,,False
2026-06-02 11:18:00,32.11,1010.76,51.7,NORMAL,,False
2026-06-02 11:19:00,32.07,1010.66,51.8,NORMAL,,False
2026-06-02 11:20:00,32.01,1010.7,51.6,NORMAL,,False
2026-06-02 11:21:00,32.05,1010.68,51.7,NORMAL,,False
2026-06-02 11:22:00,32.11,1010.68,51.4,NORMAL,,False
2026-06-02 11:23:00,32.0,1010.67,50.9,NORMAL,,False
2026-06-02 11:24:00,32.24,1010.66,51.1,NORMAL,,False
2026-06-02 11:25:00,32.25,1010.67,51.2,NORMAL,,False
2026-06-02 11:26:00,32.18,1010.62,50.9,NORMAL,,False
2026-06-02 11:27:00,32.16,1010.62,51.0,NORMAL,,False
2026-06-02 11:28:00,32.18,1010.67,51.0,NORMAL,,False
2026-06-02 11:29:00,32.34,1010.63,50.8,NORMAL,,False
2026-06-02 11:30:00,32.19,1010.56,50.7,NORMAL,,False
2026-06-02 11:31:00,32.35,1010.63,50.7,NORMAL,,False
2026-06-02 11:32:00,32.23,1010.64,50.3,NORMAL,,False
2026-06-02 11:33:00,32.22,1010.62,50.5,NORMAL,,False
2026-06-02 11:34:00,32.32,1010.62,50.6,NORMAL,,False
2026-06-02 11:35:00,32.32,1010.53,50.7,NORMAL,,False
2026-06-02 11:36:00,32.42,1010.56,50.4,NORMAL,,False
2026-06-02 11:37:00,32.33,1010.54,50.3,NORMAL,,False
2026-06-02 11:38:00,32.43,1010.55,50.3,NORMAL,,False
2026-06-02 11:39:00,32.38,1010.49,50.6,NORMAL,,False
2026-06-02 11:40:00,32.34,1010.46,50.5,NORMAL,,False
2026-06-02 11:41:00,32.53,1010.53,50.2,NORMAL,,False
2026-06-02 11:42:00,32.48,1010.52,50.0,NORMAL,,False
2026-06-02 11:43:00,32.58,1010.48,50.3,NORMAL,,False
2026-06-02 11:44:00,32.56,1010.49,49.8,NORMAL,,False
2026-06-02 11:45:00,32.52,1010.44,50.2,NORMAL,,False
2026-06-02 11:46:00,32.58,1010.43,49.8,NORMAL,,False
2026-06-02 11:47:00,32.6,1010.41,49.8,NORMAL,,False
2026-06-02 11:48:00,32.6,1010.45,49.5,NORMAL,,False
2026-06-02 11:49:00,32.52,1010.49,49.6,NORMAL,,False
2026-06-02 11:50:00,32.63,1010.44,49.4,NORMAL,,False
2026-06-02 11:51:00,32.62,1010.45,49.9,NORMAL,,False
2026-06-02 11:52:00,32.57,1010.45,49.3,NORMAL,,False
2026-06-02 11:53:00,32.68,1010.41,49.4,NORMAL,,False
2026-06-02 11:54:00,32.69,1010.34,49.5,NORMAL,,False
2026-06-02 11:55:00,32.67,1010.37,49.6,NORMAL,,False
2026-06-02 11:56:00,32.74,1010.41,49.1,NORMAL,,False
2026-06-02 11:57:00,32.67,1010.4,49.0,NORMAL,,False
2026-06-02 11:58:00,32.72,1010.41,49.5,NORMAL,,False
2026-06-02 11:59:00,32.66,1010.41,49.3,NORMAL,,False
2026-06-02 12:00:00,32.8,1010.43,49.5,NORMAL,,False
2026-06-02 12:01:00,32.74,1010.44,49.2,NORMAL,,False
2026-06-02 12:02:00,32.86,1010.32,48.9,NORMAL,,False
2026-06-02 12:03:00,32.73,1010.35,49.1,NORMAL,,False
2026-06-02 12:04:00,32.81,1010.32,48.8,NORMAL,,False
2026-06-02 12:05:00,32.87,1010.35,48.9,NORMAL,,False
2026-06-02 12:06:00,32.77,1010.37,49.2,NORMAL,,False
2026-06-02 12:07:00,32.92,1010.36,48.4,NORMAL,,False
2026-06-02 12:08:00,32.81,1010.36,48.8,NORMAL,,False
2026-06-02 12:09:00,32.95,1010.37,48.8,NORMAL,,False
2026-06-02 12:10:00,32.92,1010.3,48.5,NORMAL,,False
2026-06-02 12:11:00,32.93,1010.27,48.7,NORMAL,,False
2026-06-02 12:12:00,32.99,1010.29,48.5,NORMAL,,False
2026-06-02 12:13:00,32.91,1010.3,48.4,NORMAL,,False
2026-06-02 12:14:00,32.96,1010.24,48.6,NORMAL,,False
2026-06-02 12:15:00,32.92,1010.32,48.2,NORMAL,,False
2026-06-02 12:16:00,33.0,1010.29,48.3,NORMAL,,False
2026-06-02 12:17:00,33.05,1010.23,48.2,NORMAL,,False
2026-06-02 12:18:00,33.01,1010.26,47.9,NORMAL,,False
2026-06-02 12:19:00,33.01,1010.27,48.2,NORMAL,,False
2026-06-02 12:20:00,33.04,1010.34,48.3,NORMAL,,False
2026-06-02 12:21:00,32.98,1010.22,48.6,NORMAL,,False
2026-06-02 12:22:00,33.02,1010.27,47.8,NORMAL,,False
2026-06-02 12:23:00,33.11,1010.22,47.9,NORMAL,,False
2026-06-02 12:24:00,33.08,1010.27,48.1,NORMAL,,False
2026-06-02 12:25:00,33.12,1010.22,47.8,NORMAL,,False
2026-06-02 12:26:00,33.03,1010.24,47.8,NORMAL,,False
2026-06-02 12:27:00,33.14,1010.26,47.7,NORMAL,,False
2026-06-02 12:28:00,33.19,1010.23,47.8,NORMAL,,False
2026-06-02 12:29:00,33.19,1010.17,48.0,NORMAL,,False
2026-06-02 12:30:00,33.19,1010.2,47.2,NORMAL,,False
2026-06-02 12:31:00,33.31,1010.17,47.4,NORMAL,,False
2026-06-02 12:32:00,33.22,1010.22,47.8,NORMAL,,False
2026-06-02 12:33:00,33.21,1010.19,47.9,NORMAL,,False
2026-06-02 12:34:00,33.3,1010.16,47.8,NORMAL,,False
2026-06-02 12:35:00,33.19,1010.19,47.6,NORMAL,,False
2026-06-02 12:36:00,33.27,1010.18,47.5,NORMAL,,False
2026-06-02 12:37:00,33.36,1010.22,46.8,NORMAL,,False
2026-06-02 12:38:00,33.31,1010.15,47.3,NORMAL,,False
2026-06-02 12:39:00,33.37,1010.18,47.1,NORMAL,,False
2026-06-02 12:40:00,33.38,1010.18,46.9,NORMAL,,False
2026-06-02 12:41:00,33.35,1010.15,47.3,NORMAL,,False
2026-06-02 12:42:00,33.38,1010.15,47.4,NORMAL,,False
2026-06-02 12:43:00,33.46,1010.14,46.9,NORMAL,,False
2026-06-02 12:44:00,33.43,1010.13,47.1,NORMAL,,False
2026-06-02 12:45:00,33.36,1010.18,47.4,NORMAL,,False
2026-06-02 12:46:00,33.35,1010.2,46.6,NORMAL,,False
2026-06-02 12:47:00,33.42,1010.12,46.9,NORMAL,,False
2026-06-02 12:48:00,33.31,1010.15,46.7,NORMAL,,False
2026-06-02 12:49:00,33.4,1010.17,47.2,NORMAL,,False
2026-06-02 12:50:00,33.41,1010.18,46.7,NORMAL,,False
2026-06-02 12:51:00,33.43,1010.14,47.4,NORMAL,,False
2026-06-02 12:52:00,33.39,1010.11,46.4,NORMAL,,False
2026-06-02 12:53:00,33.54,1010.06,46.7,NORMAL,,False
2026-06-02 12:54:00,33.45,1010.17,46.7,NORMAL,,False
2026-06-02 12:55:00,33.51,1010.14,46.7,NORMAL,,False
2026-06-02 12:56:00,33.61,1010.1,46.9,NORMAL,,False
2026-06-02 12:57:00,33.55,1010.19,46.9,NORMAL,,False
2026-06-02 12:58:00,33.54,1010.13,46.5,NORMAL,,False
2026-06-02 12:59:00,33.51,1010.1,46.6,NORMAL,,False
2026-06-02 13:00:00,33.54,1010.14,46.2,NORMAL,,False
2026-06-02 13:01:00,33.59,1010.14,46.2,NORMAL,,False
2026-06-02 13:02:00,33.54,1010.15,46.7,NORMAL,,False
2026-06-02 13:03:00,33.63,1010.08,46.5,NORMAL,,False
2026-06-02 13:04:00,33.48,1010.07,46.4,NORMAL,,False
2026-06-02 13:05:00,33.6,1010.14,46.1,NORMAL,,False
2026-06-02 13:06:00,33.63,1010.08,46.1,NORMAL,,False
2026-06-02 13:07:00,33.63,1010.12,46.5,NORMAL,,False
2026-06-02 13:08:00,33.59,1010.1,46.3,NORMAL,,False
2026-06-02 13:09:00,33.6,1010.11,46.0,NORMAL,,False
2026-06-02 13:10:00,33.6,1010.05,46.2,NORMAL,,False
2026-06-02 13:11:00,33.69,1010.11,46.1,NORMAL,,False
2026-06-02 13:12:00,33.73,1010.13,46.5,NORMAL,,False
2026-06-02 13:13:00,33.61,1010.11,46.1,NORMAL,,False
2026-06-02 13:14:00,33.69,1010.13,46.1,NORMAL,,False
2026-06-02 13:15:00,33.71,1010.13,46.3,NORMAL,,False
2026-06-02 13:16:00,33.66,1010.1,46.0,NORMAL,,False
2026-06-02 13:17:00,33.72,1010.1,45.9,NORMAL,,False
2026-06-02 13:18:00,33.69,1010.12,45.9,NORMAL,,False
2026-06-02 13:19:00,33.76,1010.13,46.3,NORMAL,,False
2026-06-02 13:20:00,33.7,1010.06,46.2,NORMAL,,False
2026-06-02 13:21:00,33.75,1010.09,45.8,NORMAL,,False
2026-06-02 13:22:00,33.84,1010.11,45.8,NORMAL,,False
2026-06-02 13:23:00,33.77,1010.06,45.8,NORMAL,,False
2026-06-02 13:24:00,33.77,1010.1,45.8,NORMAL,,False
2026-06-02 13:25:00,33.76,1010.12,45.9,NORMAL,,False
2026-06-02 13:26:00,33.69,1010.16,45.8,NORMAL,,False
2026-06-02 13:27:00,33.68,1010.09,45.6,NORMAL,,False
2026-06-02 13:28:00,33.68,1010.08,45.4,NORMAL,,False
2026-06-02 13:29:00,33.85,1010.08,45.6,NORMAL,,False
2026-06-02 13:30:00,33.79,1010.12,45.8,NORMAL,,False
2026-06-02 13:31:00,33.8,1010.12,46.2,NORMAL,,False
2026-06-02 13:32:00,33.83,1010.09,45.5,NORMAL,,False
2026-06-02 13:33:00,33.76,1010.13,45.4,NORMAL,,False
2026-06-02 13:34:00,33.83,1010.1,45.5,NORMAL,,False
2026-06-02 13:35:00,33.88,1010.12,45.5,NORMAL,,False
2026-06-02 13:36:00,33.85,1010.09,45.7,NORMAL,,False
2026-06-02 13:37:00,33.72,1010.13,45.1,NORMAL,,False
2026-06-02 13:38:00,33.82,1010.07,45.4,NORMAL,,False
2026-06-02 13:39:00,33.81,1010.12,45.5,NORMAL,,False
2026-06-02 13:40:00,33.8,1010.18,45.2,NORMAL,,False
2026-06-02 13:41:00,33.85,1010.09,45.4,NORMAL,,False
2026-06-02 13:42:00,33.83,1010.09,45.4,NORMAL,,False
2026-06-02 13:43:00,33.88,1010.11,45.2,NORMAL,,False
2026-06-02 13:44:00,33.84,1010.09,45.1,NORMAL,,False
2026-06-02 13:45:00,33.89,1010.13,45.2,NORMAL,,False
2026-06-02 13:46:00,33.88,1010.16,45.4,NORMAL,,False
2026-06-02 13:47:00,33.86,1010.15,45.1,NORMAL,,False
2026-06-02 13:48:00,33.94,1010.14,45.3,NORMAL,,False
2026-06-02 13:49:00,33.89,1010.16,45.3,NORMAL,,False
2026-06-02 13:50:00,33.89,1010.16,45.4,NORMAL,,False
2026-06-02 13:51:00,34.02,1010.18,45.1,NORMAL,,False
2026-06-02 13:52:00,33.96,1010.17,45.0,NORMAL,,False
2026-06-02 13:53:00,33.95,1010.08,45.1,NORMAL,,False
2026-06-02 13:54:00,33.96,1010.15,45.0,NORMAL,,False
2026-06-02 13:55:00,33.84,1010.11,45.4,NORMAL,,False
2026-06-02 13:56:00,33.9,1010.16,45.1,NORMAL,,False
2026-06-02 13:57:00,33.86,1010.18,45.3,NORMAL,,False
2026-06-02 13:58:00,33.92,1010.09,45.1,NORMAL,,False
2026-06-02 13:59:00,34.03,1010.19,45.1,NORMAL,,False
2026-06-02 14:00:00,33.96,1010.2,45.2,NORMAL,,False
2026-06-02 14:01:00,33.92,1010.23,45.4,NORMAL,,False
2026-06-02 14:02:00,33.97,1010.21,45.1,NORMAL,,False
2026-06-02 14:03:00,33.98,1010.18,45.1,NORMAL,,False
2026-06-02 14:04:00,33.97,1010.18,45.3,NORMAL,,False
2026-06-02 14:05:00,34.0,1010.21,45.5,NORMAL,,False
2026-06-02 14:06:00,33.96,1010.19,45.2,NORMAL,,False
2026-06-02 14:07:00,33.91,1010.16,44.9,NORMAL,,False
2026-06-02 14:08:00,34.02,1010.15,45.0,NORMAL,,False
2026-06-02 14:09:00,34.0,1010.22,45.2,NORMAL,,False
2026-06-02 14:10:00,33.91,1010.27,44.9,NORMAL,,False
2026-06-02 14:11:00,33.95,1010.23,45.2,NORMAL,,False
2026-06-02 14:12:00,33.91,1010.24,44.8,NORMAL,,False
2026-06-02 14:13:00,33.97,1010.26,45.0,NORMAL,,False
2026-06-02 14:14:00,33.9,1010.27,45.0,NORMAL,,False
2026-06-02 14:15:00,34.03,1010.25,45.0,NORMAL,,False
2026-06-02 14:16:00,34.02,1010.2,44.9,NORMAL,,False
2026-06-02 14:17:00,34.03,1010.3,45.0,NORMAL,,False
2026-06-02 14:18:00,33.96,1010.28,45.2,NORMAL,,False
2026-06-02 14:19:00,34.02,1010.23,45.0,NORMAL,,False
2026-06-02 14:20:00,33.98,1010.26,44.9,NORMAL,,False
2026-06-02 14:21:00,33.94,1010.32,45.1,NORMAL,,False
2026-06-02 14:22:00,33.95,1010.22,45.1,NORMAL,,False
2026-06-02 14:23:00,34.02,1010.25,45.1,NORMAL,,False
2026-06-02 14:24:00,34.03,1010.34,45.0,NORMAL,,False
2026-06-02 14:25:00,34.0,1010.28,45.1,NORMAL,,False
2026-06-02 14:26:00,33.94,1010.3,45.5,NORMAL,,False
2026-06-02 14:27:00,34.01,1010.26,45.0,NORMAL,,False
2026-06-02 14:28:00,33.93,1010.34,44.7,NORMAL,,False
2026-06-02 14:29:00,34.03,1010.27,44.9,NORMAL,,False
2026-06-02 14:30:00,33.96,992.28,45.0,SPIKE,pressure,True
2026-06-02 14:31:00,34.04,1010.31,44.8,NORMAL,,False
2026-06-02 14:32:00,33.99,1010.35,44.6,NORMAL,,False
2026-06-02 14:33:00,34.0,1010.32,44.6,NORMAL,,False
2026-06-02 14:34:00,33.98,1010.35,44.8,NORMAL,,False
2026-06-02 14:35:00,34.06,1010.3,45.1,NORMAL,,False
2026-06-02 14:36:00,33.96,1010.36,44.6,NORMAL,,False
2026-06-02 14:37:00,33.95,1010.38,45.1,NORMAL,,False
2026-06-02 14:38:00,34.04,1010.36,45.1,NORMAL,,False
2026-06-02 14:39:00,33.91,1010.44,45.5,NORMAL,,False
2026-06-02 14:40:00,33.99,1010.34,45.1,NORMAL,,False
2026-06-02 14:41:00,33.97,1010.36,45.0,NORMAL,,False
2026-06-02 14:42:00,34.08,1010.37,45.1,NORMAL,,False
2026-06-02 14:43:00,33.97,1010.35,45.1,NORMAL,,False
2026-06-02 14:44:00,34.01,1010.43,45.0,NORMAL,,False
2026-06-02 14:45:00,34.0,1010.39,44.9,NORMAL,,False
2026-06-02 14:46:00,34.05,1010.43,45.1,NORMAL,,False
2026-06-02 14:47:00,34.01,1010.39,45.0,NORMAL,,False
2026-06-02 14:48:00,34.07,1010.47,45.0,NORMAL,,False
2026-06-02 14:49:00,33.97,1010.41,45.3,NORMAL,,False
2026-06-02 14:50:00,33.91,1010.43,45.0,NORMAL,,False
2026-06-02 14:51:00,34.01,1010.4,45.2,NORMAL,,False
2026-06-02 14:52:00,33.94,1010.43,44.8,NORMAL,,False
2026-06-02 14:53:00,33.97,1010.5,45.0,NORMAL,,False
2026-06-02 14:54:00,33.99,1010.51,44.9,NORMAL,,False
2026-06-02 14:55:00,34.01,1010.46,45.2,NORMAL,,False
2026-06-02 14:56:00,34.06,1010.45,45.3,NORMAL,,False
2026-06-02 14:57:00,33.97,1010.52,45.0,NORMAL,,False
2026-06-02 14:58:00,33.9,1010.48,45.0,NORMAL,,False
2026-06-02 14:59:00,33.98,1010.5,45.0,NORMAL,,False
2026-06-02 15:00:00,33.84,1010.43,45.3,NORMAL,,False
2026-06-02 15:01:00,33.95,1010.5,45.2,NORMAL,,False
2026-06-02 15:02:00,34.0,1010.56,45.4,NORMAL,,False
2026-06-02 15:03:00,33.99,1010.52,45.3,NORMAL,,False
2026-06-02 15:04:00,33.95,1010.54,45.4,NORMAL,,False
2026-06-02 15:05:00,33.81,1010.6,44.9,NORMAL,,False
2026-06-02 15:06:00,33.88,1010.58,45.1,NORMAL,,False
2026-06-02 15:07:00,33.97,1010.57,45.4,NORMAL,,False
2026-06-02 15:08:00,33.81,1010.56,45.7,NORMAL,,False
2026-06-02 15:09:00,33.97,1010.56,45.3,NORMAL,,False
2026-06-02 15:10:00,33.9,1010.64,45.3,NORMAL,,False
2026-06-02 15:11:00,33.84,1010.65,45.4,NORMAL,,False
2026-06-02 15:12:00,33.87,1010.57,45.3,NORMAL,,False
2026-06-02 15:13:00,33.98,1010.63,45.1,NORMAL,,False
2026-06-02 15:14:00,33.79,1010.62,45.2,NORMAL,,False
2026-06-02 15:15:00,33.83,1010.58,45.3,NORMAL,,False
2026-06-02 15:16:00,33.88,1010.6,45.2,NORMAL,,False
2026-06-02 15:17:00,33.89,1010.66,45.0,NORMAL,,False
2026-06-02 15:18:00,33.83,1010.63,45.8,NORMAL,,False
2026-06-02 15:19:00,33.82,1010.69,45.5,NORMAL,,False
2026-06-02 15:20:00,33.74,1010.7,45.3,NORMAL,,False
2026-06-02 15:21:00,33.8,1010.62,45.2,NORMAL,,False
2026-06-02 15:22:00,33.83,1010.69,45.3,NORMAL,,False
2026-06-02 15:23:00,33.77,1010.68,45.4,NORMAL,,False
2026-06-02 15:24:00,33.8,1010.67,45.5,NORMAL,,False
2026-06-02 15:25:00,33.78,1010.72,45.8,NORMAL,,False
2026-06-02 15:26:00,33.84,1010.72,45.8,NORMAL,,False
2026-06-02 15:27:00,33.8,1010.71,45.7,NORMAL,,False
2026-06-02 15:28:00,33.9,1010.73,45.7,NORMAL,,False
2026-06-02 15:29:00,33.88,1010.72,45.8,NORMAL,,False
2026-06-02 15:30:00,33.82,1010.74,45.4,NORMAL,,False
2026-06-02 15:31:00,33.8,1010.75,45.7,NORMAL,,False
2026-06-02 15:32:00,33.73,1010.78,45.8,NORMAL,,False
2026-06-02 15:33:00,33.74,1010.79,45.7,NORMAL,,False
2026-06-02 15:34:00,33.79,1010.79,45.8,NORMAL,,False
2026-06-02 15:35:00,33.79,1010.8,45.9,NORMAL,,False
2026-06-02 15:36:00,33.73,1010.78,45.9,NORMAL,,False
2026-06-02 15:37:00,33.72,1010.81,45.9,NORMAL,,False
2026-06-02 15:38:00,33.7,1010.79,46.0,NORMAL,,False
2026-06-02 15:39:00,33.75,1010.86,45.6,NORMAL,,False
2026-06-02 15:40:00,33.75,1010.83,46.0,NORMAL,,False
2026-06-02 15:41:00,33.65,1010.84,45.6,NORMAL,,False
2026-06-02 15:42:00,33.69,1010.88,46.0,NORMAL,,False
2026-06-02 15:43:00,33.72,1010.87,45.8,NORMAL,,False
2026-06-02 15:44:00,33.66,1010.88,46.1,NORMAL,,False
2026-06-02 15:45:00,33.66,1010.86,46.4,NORMAL,,False
2026-06-02 15:46:00,33.67,1010.89,46.3,NORMAL,,False
2026-06-02 15:47:00,33.62,1010.9,46.0,NORMAL,,False
2026-06-02 15:48:00,33.63,1010.93,46.0,NORMAL,,False
2026-06-02 15:49:00,33.64,1010.9,46.5,NORMAL,,False
2026-06-02 15:50:00,33.59,1010.94,46.2,NORMAL,,False
2026-06-02 15:51:00,33.6,1010.92,46.5,NORMAL,,False
2026-06-02 15:52:00,33.64,1010.93,46.1,NORMAL,,False
2026-06-02 15:53:00,33.61,1010.93,46.5,NORMAL,,False
2026-06-02 15:54:00,33.52,1010.93,46.1,NORMAL,,False
2026-06-02 15:55:00,33.62,1010.93,46.2,NORMAL,,False
2026-06-02 15:56:00,33.57,1010.96,46.4,NORMAL,,False
2026-06-02 15:57:00,33.51,1011.0,46.4,NORMAL,,False
2026-06-02 15:58:00,33.58,1010.96,46.5,NORMAL,,False
2026-06-02 15:59:00,33.54,1011.01,46.2,NORMAL,,False
2026-06-02 16:00:00,33.59,1010.99,46.5,NORMAL,,False
2026-06-02 16:01:00,33.49,1011.06,46.5,NORMAL,,False
2026-06-02 16:02:00,33.49,1011.04,46.6,NORMAL,,False
2026-06-02 16:03:00,33.51,1011.04,46.4,NORMAL,,False
2026-06-02 16:04:00,33.58,1011.03,46.7,NORMAL,,False
2026-06-02 16:05:00,33.49,1011.05,46.3,NORMAL,,False
2026-06-02 16:06:00,33.46,1011.09,46.5,NORMAL,,False
2026-06-02 16:07:00,33.42,1011.02,46.8,NORMAL,,False
2026-06-02 16:08:00,33.48,1011.08,46.5,NORMAL,,False
2026-06-02 16:09:00,33.45,1011.04,47.0,NORMAL,,False
2026-06-02 16:10:00,33.42,1011.11,46.7,NORMAL,,False
2026-06-02 16:11:00,33.34,1011.11,46.8,NORMAL,,False
2026-06-02 16:12:00,33.42,1011.14,46.6,NORMAL,,False
2026-06-02 16:13:00,33.41,1011.1,47.2,NORMAL,,False
2026-06-02 16:14:00,33.39,1011.11,47.1,NORMAL,,False
2026-06-02 16:15:00,33.49,1011.14,47.0,NORMAL,,False
2026-06-02 16:16:00,33.34,1011.13,47.0,NORMAL,,False
2026-06-02 16:17:00,33.32,1011.15,47.0,NORMAL,,False
2026-06-02 16:18:00,33.33,1011.15,47.6,NORMAL,,False
2026-06-02 16:19:00,33.3,1011.21,47.3,NORMAL,,False
2026-06-02 16:20:00,33.24,1011.14,47.5,NORMAL,,False
2026-06-02 16:21:00,33.29,1011.16,47.0,NORMAL,,False
2026-06-02 16:22:00,33.23,1011.18,47.2,NORMAL,,False
2026-06-02 16:23:00,33.28,1011.2,47.4,NORMAL,,False
2026-06-02 16:24:00,33.27,1011.21,47.7,NORMAL,,False
2026-06-02 16:25:00,33.32,1011.19,47.5,NORMAL,,False
2026-06-02 16:26:00,33.18,1011.21,46.9,NORMAL,,False
2026-06-02 16:27:00,33.18,1011.27,47.5,NORMAL,,False
2026-06-02 16:28:00,33.11,1011.19,47.7,NORMAL,,False
2026-06-02 16:29:00,33.12,1011.27,48.1,NORMAL,,False
2026-06-02 16:30:00,33.05,1011.25,47.9,NORMAL,,False
2026-06-02 16:31:00,33.26,1011.27,47.5,NORMAL,,False
2026-06-02 16:32:00,33.18,1011.27,47.4,NORMAL,,False
2026-06-02 16:33:00,33.2,1011.29,47.6,NORMAL,,False
2026-06-02 16:34:00,33.18,1011.32,47.9,NORMAL,,False
2026-06-02 16:35:00,33.16,1011.3,48.2,NORMAL,,False
2026-06-02 16:36:00,33.17,1011.32,47.9,NORMAL,,False
2026-06-02 16:37:00,33.12,1011.33,48.1,NORMAL,,False
2026-06-02 16:38:00,33.07,1011.26,48.0,NORMAL,,False
2026-06-02 16:39:00,33.09,1011.3,47.9,NORMAL,,False
2026-06-02 16:40:00,33.04,1011.35,48.3,NORMAL,,False
2026-06-02 16:41:00,33.07,1011.35,48.1,NORMAL,,False
2026-06-02 16:42:00,32.99,1011.4,48.5,NORMAL,,False
2026-06-02 16:43:00,32.99,1011.32,48.0,NORMAL,,False
2026-06-02 16:44:00,32.96,1011.37,48.1,NORMAL,,False
2026-06-02 16:45:00,33.0,1011.38,48.5,NORMAL,,False
2026-06-02 16:46:00,32.98,1011.43,48.4,NORMAL,,False
2026-06-02 16:47:00,33.04,1011.4,48.3,NORMAL,,False
2026-06-02 16:48:00,32.93,1011.38,48.5,NORMAL,,False
2026-06-02 16:49:00,32.87,1011.43,48.5,NORMAL,,False
2026-06-02 16:50:00,32.98,1011.42,48.8,NORMAL,,False
2026-06-02 16:51:00,32.97,1011.42,48.7,NORMAL,,False
2026-06-02 16:52:00,32.82,1011.46,49.0,NORMAL,,False
2026-06-02 16:53:00,32.82,1011.49,48.5,NORMAL,,False
2026-06-02 16:54:00,32.87,1011.43,48.6,NORMAL,,False
2026-06-02 16:55:00,32.87,1011.47,49.1,NORMAL,,False
2026-06-02 16:56:00,32.9,1011.47,49.1,NORMAL,,False
2026-06-02 16:57:00,32.87,1011.45,48.9,NORMAL,,False
2026-06-02 16:58:00,32.72,1011.45,49.2,NORMAL,,False
2026-06-02 16:59:00,32.79,1011.47,49.1,NORMAL,,False
2026-06-02 17:00:00,32.74,1011.53,49.3,NORMAL,,False
2026-06-02 17:01:00,32.72,1011.55,49.0,NORMAL,,False
2026-06-02 17:02:00,32.73,1011.49,49.1,NORMAL,,False
2026-06-02 17:03:00,32.75,1011.51,49.3,NORMAL,,False
2026-06-02 17:04:00,32.63,1011.55,49.2,NORMAL,,False
2026-06-02 17:05:00,32.7,1011.47,49.6,NORMAL,,False
2026-06-02 17:06:00,32.63,1011.55,49.5,NORMAL,,False
2026-06-02 17:07:00,32.75,1011.51,49.6,NORMAL,,False
2026-06-02 17:08:00,32.59,1011.58,49.3,NORMAL,,False
2026-06-02 17:09:00,32.61,1011.58,49.5,NORMAL,,False
2026-06-02 17:10:00,32.66,1011.54,49.6,NORMAL,,False
2026-06-02 17:11:00,32.59,1011.57,49.4,NORMAL,,False
2026-06-02 17:12:00,32.6,1011.59,49.8,NORMAL,,False
2026-06-02 17:13:00,32.55,1011.61,49.9,NORMAL,,False
2026-06-02 17:14:00,32.53,1011.6,50.2,NORMAL,,False
2026-06-02 17:15:00,32.5,1011.57,50.0,NORMAL,,False
2026-06-02 17:16:00,32.55,1011.58,50.6,NORMAL,,False
2026-06-02 17:17:00,32.49,1011.6,50.2,NORMAL,,False
2026-06-02 17:18:00,32.45,1011.56,50.3,NORMAL,,False
2026-06-02 17:19:00,32.4,1011.61,50.2,NORMAL,,False
2026-06-02 17:20:00,32.43,1011.65,50.4,NORMAL,,False
2026-06-02 17:21:00,32.35,1011.65,50.2,NORMAL,,False
2026-06-02 17:22:00,32.39,1011.66,50.4,NORMAL,,False
2026-06-02 17:23:00,32.28,1011.64,50.7,NORMAL,,False
2026-06-02 17:24:00,32.29,1011.69,50.7,NORMAL,,False
2026-06-02 17:25:00,32.41,1011.67,50.5,NORMAL,,False
2026-06-02 17:26:00,32.34,1011.73,50.3,NORMAL,,False
2026-06-02 17:27:00,32.25,1011.66,51.1,NORMAL,,False
2026-06-02 17:28:00,32.29,1011.7,50.7,NORMAL,,False
2026-06-02 17:29:00,32.35,1011.65,50.8,NORMAL,,False
2026-06-02 17:30:00,32.21,1011.61,51.0,NORMAL,,False
2026-06-02 17:31:00,32.14,1011.69,50.9,NORMAL,,False
2026-06-02 17:32:00,32.18,1011.63,50.9,NORMAL,,False
2026-06-02 17:33:00,32.17,1011.7,51.0,NORMAL,,False
2026-06-02 17:34:00,32.2,1011.74,50.7,NORMAL,,False
2026-06-02 17:35:00,32.04,1011.69,51.3,NORMAL,,False
2026-06-02 17:36:00,32.18,1011.7,51.3,NORMAL,,False
2026-06-02 17:37:00,32.1,1011.71,51.0,NORMAL,,False
2026-06-02 17:38:00,32.06,1011.68,51.2,NORMAL,,False
2026-06-02 17:39:00,32.07,1011.75,51.3,NORMAL,,False
2026-06-02 17:40:00,32.03,1011.7,51.2,NORMAL,,False
2026-06-02 17:41:00,32.04,1011.77,51.2,NORMAL,,False
2026-06-02 17:42:00,32.0,1011.74,51.6,NORMAL,,False
2026-06-02 17:43:00,32.03,1011.72,51.8,NORMAL,,False
2026-06-02 17:44:00,31.94,1011.68,52.1,NORMAL,,False
2026-06-02 17:45:00,31.91,1011.77,51.6,NORMAL,,False
2026-06-02 17:46:00,31.95,1011.73,51.9,NORMAL,,False
2026-06-02 17:47:00,31.93,1011.74,51.8,NORMAL,,False
2026-06-02 17:48:00,31.86,1011.73,51.9,NORMAL,,False
2026-06-02 17:49:00,31.89,1011.74,52.1,NORMAL,,False
2026-06-02 17:50:00,31.83,1011.77,52.2,NORMAL,,False
2026-06-02 17:51:00,31.91,1011.78,52.2,NORMAL,,False
2026-06-02 17:52:00,31.85,1011.74,52.1,NORMAL,,False
2026-06-02 17:53:00,31.73,1011.77,52.4,NORMAL,,False
2026-06-02 17:54:00,31.79,1011.79,52.4,NORMAL,,False
2026-06-02 17:55:00,31.79,1011.81,52.4,NORMAL,,False
2026-06-02 17:56:00,31.77,1011.78,52.3,NORMAL,,False
2026-06-02 17:57:00,31.79,1011.79,53.3,NORMAL,,False
2026-06-02 17:58:00,31.7,1011.8,52.4,NORMAL,,False
2026-06-02 17:59:00,31.67,1011.85,52.6,NORMAL,,False
2026-06-02 18:00:00,31.66,1011.77,52.6,NORMAL,,False
2026-06-02 18:01:00,31.67,1011.78,52.8,NORMAL,,False
2026-06-02 18:02:00,31.53,1011.83,52.9,NORMAL,,False
2026-06-02 18:03:00,31.63,1011.86,53.1,NORMAL,,False
2026-06-02 18:04:00,31.51,1011.83,53.1,NORMAL,,False
2026-06-02 18:05:00,31.47,1011.79,53.1,NORMAL,,False
2026-06-02 18:06:00,31.54,1011.84,53.1,NORMAL,,False
2026-06-02 18:07:00,31.58,1011.81,53.3,NORMAL,,False
2026-06-02 18:08:00,31.42,1011.8,53.5,NORMAL,,False
2026-06-02 18:09:00,31.51,1011.88,53.8,NORMAL,,False
2026-06-02 18:10:00,31.53,1011.85,53.6,NORMAL,,False
2026-06-02 18:11:00,31.38,1011.86,53.3,NORMAL,,False
2026-06-02 18:12:00,31.33,1011.81,53.9,NORMAL,,False
2026-06-02 18:13:00,31.37,1011.85,54.1,NORMAL,,False
2026-06-02 18:14:00,31.38,1011.87,53.8,NORMAL,,False
2026-06-02 18:15:00,31.32,1011.81,53.7,NORMAL,,False
2026-06-02 18:16:00,31.23,1011.87,53.7,NORMAL,,False
2026-06-02 18:17:00,31.29,1011.87,53.8,NORMAL,,False
2026-06-02 18:18:00,31.28,1011.82,54.2,NORMAL,,False
2026-06-02 18:19:00,31.22,1011.84,54.3,NORMAL,,False
2026-06-02 18:20:00,31.27,1011.9,54.4,NORMAL,,False
2026-06-02 18:21:00,31.22,1011.86,54.2,NORMAL,,False
2026-06-02 18:22:00,31.3,1011.85,54.6,NORMAL,,False
2026-06-02 18:23:00,31.19,1011.85,54.4,NORMAL,,False
2026-06-02 18:24:00,31.19,1011.89,54.6,NORMAL,,False
2026-06-02 18:25:00,31.2,1011.87,54.5,NORMAL,,False
2026-06-02 18:26:00,31.14,1011.85,54.9,NORMAL,,False
2026-06-02 18:27:00,31.07,1011.84,55.2,NORMAL,,False
2026-06-02 18:28:00,31.07,1011.82,54.9,NORMAL,,False
2026-06-02 18:29:00,31.06,1011.87,54.7,NORMAL,,False
2026-06-02 18:30:00,31.06,1011.82,54.9,NORMAL,,False
2026-06-02 18:31:00,30.98,1011.87,55.1,NORMAL,,False
2026-06-02 18:32:00,30.97,1011.82,55.2,NORMAL,,False
2026-06-02 18:33:00,30.99,1011.85,54.8,NORMAL,,False
2026-06-02 18:34:00,30.95,1011.82,55.2,NORMAL,,False
2026-06-02 18:35:00,30.85,1011.93,55.3,NORMAL,,False
2026-06-02 18:36:00,30.79,1011.86,55.5,NORMAL,,False
2026-06-02 18:37:00,30.8,1011.83,55.3,NORMAL,,False
2026-06-02 18:38:00,30.83,1011.91,55.7,NORMAL,,False
2026-06-02 18:39:00,30.75,1011.88,55.3,NORMAL,,False
2026-06-02 18:40:00,30.8,1011.81,56.0,NORMAL,,False
2026-06-02 18:41:00,30.82,1011.93,55.9,NORMAL,,False
2026-06-02 18:42:00,30.71,1011.85,56.2,NORMAL,,False
2026-06-02 18:43:00,30.81,1011.82,55.9,NORMAL,,False
2026-06-02 18:44:00,30.69,1011.9,56.3,NORMAL,,False
2026-06-02 18:45:00,30.65,1011.86,56.2,NORMAL,,False
2026-06-02 18:46:00,30.7,1011.85,56.4,NORMAL,,False
2026-06-02 18:47:00,30.66,1011.9,56.3,NORMAL,,False
2026-06-02 18:48:00,30.56,1011.84,56.4,NORMAL,,False
2026-06-02 18:49:00,30.48,1011.89,56.2,NORMAL,,False
2026-06-02 18:50:00,30.57,1011.87,56.4,NORMAL,,False
2026-06-02 18:51:00,30.51,1011.84,56.8,NORMAL,,False
2026-06-02 18:52:00,30.49,1011.89,56.5,NORMAL,,False
2026-06-02 18:53:00,30.49,1011.93,56.8,NORMAL,,False
2026-06-02 18:54:00,30.5,1011.86,57.2,NORMAL,,False
2026-06-02 18:55:00,30.39,1011.85,57.0,NORMAL,,False
2026-06-02 18:56:00,30.38,1011.84,57.3,NORMAL,,False
2026-06-02 18:57:00,30.38,1011.8,57.1,NORMAL,,False
2026-06-02 18:58:00,30.37,1011.85,57.3,NORMAL,,False
2026-06-02 18:59:00,30.33,1011.83,57.2,NORMAL,,False
2026-06-02 19:00:00,30.26,1011.86,57.0,NORMAL,,False
2026-06-02 19:01:00,30.21,1011.78,57.3,NORMAL,,False
2026-06-02 19:02:00,30.21,1011.84,57.6,NORMAL,,False
2026-06-02 19:03:00,30.22,1011.79,57.6,NORMAL,,False
2026-06-02 19:04:00,30.24,1011.83,57.6,NORMAL,,False
2026-06-02 19:05:00,30.2,1011.87,57.2,NORMAL,,False
2026-06-02 19:06:00,30.13,1011.82,57.9,NORMAL,,False
2026-06-02 19:07:00,30.09,1011.79,58.2,NORMAL,,False
2026-06-02 19:08:00,30.12,1011.84,57.9,NORMAL,,False
2026-06-02 19:09:00,30.12,1011.84,58.2,NORMAL,,False
2026-06-02 19:10:00,30.02,1011.83,58.1,NORMAL,,False
2026-06-02 19:11:00,30.09,1011.81,58.3,NORMAL,,False
2026-06-02 19:12:00,30.01,1011.83,58.5,NORMAL,,False
2026-06-02 19:13:00,30.02,1011.84,58.3,NORMAL,,False
2026-06-02 19:14:00,29.94,1011.82,58.5,NORMAL,,False
2026-06-02 19:15:00,29.86,1011.81,58.5,NORMAL,,False
2026-06-02 19:16:00,29.91,1011.73,58.8,NORMAL,,False
2026-06-02 19:17:00,29.8,1011.82,58.9,NORMAL,,False
2026-06-02 19:18:00,29.95,1011.83,58.8,NORMAL,,False
2026-06-02 19:19:00,29.94,1011.74,58.4,NORMAL,,False
2026-06-02 19:20:00,29.78,1011.83,58.7,NORMAL,,False
2026-06-02 19:21:00,29.77,1011.82,58.9,NORMAL,,False
2026-06-02 19:22:00,29.79,1011.8,59.0,NORMAL,,False
2026-06-02 19:23:00,29.68,1011.81,59.1,NORMAL,,False
2026-06-02 19:24:00,29.66,1011.75,59.2,NORMAL,,False
2026-06-02 19:25:00,29.65,1011.72,58.9,NORMAL,,False
2026-06-02 19:26:00,29.66,1011.78,59.8,NORMAL,,False
2026-06-02 19:27:00,29.6,1011.7,59.5,NORMAL,,False
2026-06-02 19:28:00,29.59,1011.73,59.6,NORMAL,,False
2026-06-02 19:29:00,29.61,1011.76,59.8,NORMAL,,False
2026-06-02 19:30:00,29.66,1011.68,59.9,NORMAL,,False
2026-06-02 19:31:00,29.46,1011.71,59.9,NORMAL,,False
2026-06-02 19:32:00,29.49,1011.73,60.3,NORMAL,,False
2026-06-02 19:33:00,29.42,1011.72,60.4,NORMAL,,False
2026-06-02 19:34:00,29.45,1011.74,60.2,NORMAL,,False
2026-06-02 19:35:00,29.39,1011.75,60.3,NORMAL,,False
2026-06-02 19:36:00,29.46,1011.71,60.2,NORMAL,,False
2026-06-02 19:37:00,29.45,1011.66,60.4,NORMAL,,False
2026-06-02 19:38:00,29.32,1011.7,60.6,NORMAL,,False
2026-06-02 19:39:00,29.33,1011.68,60.6,NORMAL,,False
2026-06-02 19:40:00,29.32,1011.7,60.9,NORMAL,,False
2026-06-02 19:41:00,29.3,1011.7,61.0,NORMAL,,False
2026-06-02 19:42:00,29.3,1011.68,60.4,NORMAL,,False
2026-06-02 19:43:00,29.24,1011.64,60.9,NORMAL,,False
2026-06-02 19:44:00,29.19,1011.67,60.9,NORMAL,,False
2026-06-02 19:45:00,29.2,1011.69,61.1,NORMAL,,False
2026-06-02 19:46:00,29.12,1011.65,61.1,NORMAL,,False
2026-06-02 19:47:00,29.1,1011.64,61.5,NORMAL,,False
2026-06-02 19:48:00,29.12,1011.59,61.5,NORMAL,,False
2026-06-02 19:49:00,29.06,1011.58,61.5,NORMAL,,False
2026-06-02 19:50:00,29.04,1011.58,61.5,NORMAL,,False
2026-06-02 19:51:00,29.08,1011.55,61.6,NORMAL,,False
2026-06-02 19:52:00,28.97,1011.61,61.6,NORMAL,,False
2026-06-02 19:53:00,28.93,1011.61,61.6,NORMAL,,False
2026-06-02 19:54:00,28.89,1011.61,62.1,NORMAL,,False
2026-06-02 19:55:00,28.92,1011.6,61.8,NORMAL,,False
2026-06-02 19:56:00,28.89,1011.54,62.1,NORMAL,,False
2026-06-02 19:57:00,28.86,1011.58,61.7,NORMAL,,False
2026-06-02 19:58:00,28.96,1011.55,62.0,NORMAL,,False
2026-06-02 19:59:00,28.85,1011.53,62.1,NORMAL,,False
2026-06-02 20:00:00,28.77,1011.58,62.4,NORMAL,,False
2026-06-02 20:01:00,28.73,1011.54,62.4,NORMAL,,False
2026-06-02 20:02:00,28.7,1011.58,62.6,NORMAL,,False
2026-06-02 20:03:00,28.66,1011.53,62.4,NORMAL,,False
2026-06-02 20:04:00,28.65,1011.49,62.4,NORMAL,,False
2026-06-02 20:05:00,28.56,1011.5,62.8,NORMAL,,False
2026-06-02 20:06:00,28.72,1011.48,63.0,NORMAL,,False
2026-06-02 20:07:00,28.55,1011.46,62.9,NORMAL,,False
2026-06-02 20:08:00,28.57,1011.49,63.3,NORMAL,,False
2026-06-02 20:09:00,28.51,1011.44,62.8,NORMAL,,False
2026-06-02 20:10:00,28.53,1011.49,63.2,NORMAL,,False
2026-06-02 20:11:00,28.43,1011.46,63.5,NORMAL,,False
2026-06-02 20:12:00,28.38,1011.44,63.2,NORMAL,,False
2026-06-02 20:13:00,28.44,1011.48,63.2,NORMAL,,False
2026-06-02 20:14:00,28.42,1011.49,63.8,NORMAL,,False
2026-06-02 20:15:00,28.38,1011.46,63.6,NORMAL,,False
2026-06-02 20:16:00,28.28,1011.43,64.0,NORMAL,,False
2026-06-02 20:17:00,28.32,1011.38,63.6,NORMAL,,False
2026-06-02 20:18:00,28.3,1011.41,64.0,NORMAL,,False
2026-06-02 20:19:00,28.17,1011.42,63.9,NORMAL,,False
2026-06-02 20:20:00,28.35,1011.41,64.1,NORMAL,,False
2026-06-02 20:21:00,28.24,1011.35,64.1,NORMAL,,False
2026-06-02 20:22:00,28.16,1011.39,64.0,NORMAL,,False
2026-06-02 20:23:00,28.23,1011.35,64.4,NORMAL,,False
2026-06-02 20:24:00,28.21,1011.31,64.9,NORMAL,,False
2026-06-02 20:25:00,28.16,1011.36,64.6,NORMAL,,False
2026-06-02 20:26:00,28.14,1011.34,65.0,NORMAL,,False
2026-06-02 20:27:00,28.19,1011.35,64.5,NORMAL,,False
2026-06-02 20:28:00,27.98,1011.33,64.5,NORMAL,,False
2026-06-02 20:29:00,28.06,1011.33,64.8,NORMAL,,False
2026-06-02 20:30:00,27.96,1011.26,65.2,NORMAL,,False
2026-06-02 20:31:00,27.98,1011.3,65.1,NORMAL,,False
2026-06-02 20:32:00,27.95,1011.21,65.2,NORMAL,,False
2026-06-02 20:33:00,27.85,1011.29,65.5,NORMAL,,False
2026-06-02 20:34:00,27.96,1011.31,65.4,NORMAL,,False
2026-06-02 20:35:00,27.86,1011.24,65.6,NORMAL,,False
2026-06-02 20:36:00,27.82,1011.2,65.7,NORMAL,,False
2026-06-02 20:37:00,27.89,1011.23,66.0,NORMAL,,False
2026-06-02 20:38:00,27.86,1011.22,65.6,NORMAL,,False
2026-06-02 20:39:00,27.78,1011.24,65.7,NORMAL,,False
2026-06-02 20:40:00,27.78,1011.19,66.0,NORMAL,,False
2026-06-02 20:41:00,27.64,1011.18,66.0,NORMAL,,False
2026-06-02 20:42:00,27.61,1011.18,65.8,NORMAL,,False
2026-06-02 20:43:00,27.74,1011.15,66.2,NORMAL,,False
2026-06-02 20:44:00,27.58,1011.13,66.0,NORMAL,,False
2026-06-02 20:45:00,27.62,1011.23,66.5,NORMAL,,False
2026-06-02 20:46:00,27.67,1011.17,66.3,NORMAL,,False
2026-06-02 20:47:00,27.56,1011.15,66.8,NORMAL,,False
2026-06-02 20:48:00,27.5,1011.1,66.8,NORMAL,,False
2026-06-02 20:49:00,27.47,1011.1,66.6,NORMAL,,False
2026-06-02 20:50:00,27.37,1011.18,66.9,NORMAL,,False
2026-06-02 20:51:00,27.39,1011.04,67.1,NORMAL,,False
2026-06-02 20:52:00,27.42,1011.08,66.8,NORMAL,,False
2026-06-02 20:53:00,27.43,1011.06,66.7,NORMAL,,False
2026-06-02 20:54:00,27.41,1011.09,66.9,NORMAL,,False
2026-06-02 20:55:00,27.41,1011.09,67.1,NORMAL,,False
2026-06-02 20:56:00,27.22,1011.05,67.1,NORMAL,,False
2026-06-02 20:57:00,27.34,1011.05,67.6,NORMAL,,False
2026-06-02 20:58:00,27.27,1011.01,67.6,NORMAL,,False
2026-06-02 20:59:00,27.17,1011.02,67.7,NORMAL,,False
2026-06-02 21:00:00,27.21,1011.05,67.5,NORMAL,,False
2026-06-02 21:01:00,27.14,1010.96,67.7,NORMAL,,False
2026-06-02 21:02:00,27.16,1010.98,68.0,NORMAL,,False
2026-06-02 21:03:00,27.12,1010.98,68.0,NORMAL,,False
2026-06-02 21:04:00,27.11,1010.92,67.9,NORMAL,,False
2026-06-02 21:05:00,26.99,1010.91,68.4,NORMAL,,False
2026-06-02 21:06:00,27.0,1010.89,68.0,NORMAL,,False
2026-06-02 21:07:00,27.09,1010.88,68.2,NORMAL,,False
2026-06-02 21:08:00,26.97,1010.93,68.1,NORMAL,,False
2026-06-02 21:09:00,26.91,1010.9,68.4,NORMAL,,False
2026-06-02 21:10:00,26.98,1010.87,68.5,NORMAL,,False
2026-06-02 21:11:00,26.81,1010.85,68.6,NORMAL,,False
2026-06-02 21:12:00,26.84,1010.89,68.9,NORMAL,,False
2026-06-02 21:13:00,26.86,1010.84,68.8,NORMAL,,False
2026-06-02 21:14:00,26.76,1010.86,68.7,NORMAL,,False
2026-06-02 21:15:00,26.82,1010.85,68.7,NORMAL,,False
2026-06-02 21:16:00,26.82,1010.79,68.8,NORMAL,,False
2026-06-02 21:17:00,26.76,1010.82,68.9,NORMAL,,False
2026-06-02 21:18:00,26.73,1010.84,69.2,NORMAL,,False
2026-06-02 21:19:00,26.69,1010.77,69.0,NORMAL,,False
2026-06-02 21:20:00,26.68,1010.73,69.3,NORMAL,,False
2026-06-02 21:21:00,26.6,1010.71,69.3,NORMAL,,False
2026-06-02 21:22:00,26.6,1010.81,70.1,NORMAL,,False
2026-06-02 21:23:00,26.74,1010.69,69.5,NORMAL,,False
2026-06-02 21:24:00,26.63,1010.7,69.5,NORMAL,,False
2026-06-02 21:25:00,26.53,1010.69,69.9,NORMAL,,False
2026-06-02 21:26:00,26.56,1010.68,69.7,NORMAL,,False
2026-06-02 21:27:00,26.43,1010.66,69.9,NORMAL,,False
2026-06-02 21:28:00,26.52,1010.63,69.9,NORMAL,,False
2026-06-02 21:29:00,26.48,1010.64,70.4,NORMAL,,False
2026-06-02 21:30:00,26.54,1010.61,69.7,NORMAL,,False
2026-06-02 21:31:00,26.41,1010.54,70.0,NORMAL,,False
2026-06-02 21:32:00,26.4,1010.59,70.1,NORMAL,,False
2026-06-02 21:33:00,26.36,1010.58,70.4,NORMAL,,False
2026-06-02 21:34:00,26.38,1010.62,70.4,NORMAL,,False
2026-06-02 21:35:00,26.38,1010.55,70.3,NORMAL,,False
2026-06-02 21:36:00,26.34,1010.55,70.4,NORMAL,,False
2026-06-02 21:37:00,26.28,1010.59,71.0,NORMAL,,False
2026-06-02 21:38:00,26.24,1010.55,71.0,NORMAL,,False
2026-06-02 21:39:00,26.3,1010.52,70.9,NORMAL,,False
2026-06-02 21:40:00,26.19,1010.47,70.8,NORMAL,,False
2026-06-02 21:41:00,26.04,1010.56,71.4,NORMAL,,False
2026-06-02 21:42:00,26.06,1010.5,71.4,NORMAL,,False
2026-06-02 21:43:00,26.11,1010.47,71.4,NORMAL,,False
2026-06-02 21:44:00,26.23,1010.44,71.5,NORMAL,,False
2026-06-02 21:45:00,26.02,1010.44,71.7,NORMAL,,False
2026-06-02 21:46:00,26.04,1010.44,71.5,NORMAL,,False
2026-06-02 21:47:00,26.08,1010.36,71.4,NORMAL,,False
2026-06-02 21:48:00,25.97,1010.39,71.5,NORMAL,,False
2026-06-02 21:49:00,25.89,1010.36,71.6,NORMAL,,False
2026-06-02 21:50:00,26.0,1010.38,71.6,NORMAL,,False
2026-06-02 21:51:00,26.0,1010.39,71.9,NORMAL,,False
2026-06-02 21:52:00,25.95,1010.34,72.1,NORMAL,,False
2026-06-02 21:53:00,25.82,1010.36,72.3,NORMAL,,False
2026-06-02 21:54:00,25.81,1010.34,72.1,NORMAL,,False
2026-06-02 21:55:00,25.74,1010.36,72.3,NORMAL,,False
2026-06-02 21:56:00,25.77,1010.3,72.2,NORMAL,,False
2026-06-02 21:57:00,25.77,1010.32,72.8,NORMAL,,False
2026-06-02 21:58:00,25.76,1010.29,72.4,NORMAL,,False
2026-06-02 21:59:00,25.72,1010.26,72.3,NORMAL,,False
2026-06-02 22:00:00,25.73,1010.22,72.4,NORMAL,,False
2026-06-02 22:01:00,25.67,1010.2,72.7,NORMAL,,False
2026-06-02 22:02:00,25.72,1010.3,73.0,NORMAL,,False
2026-06-02 22:03:00,25.61,1010.26,73.0,NORMAL,,False
2026-06-02 22:04:00,25.63,1010.22,73.2,NORMAL,,False
2026-06-02 22:05:00,25.56,1010.21,73.1,NORMAL,,False
2026-06-02 22:06:00,25.59,1010.19,73.4,NORMAL,,False
2026-06-02 22:07:00,25.52,1010.17,73.5,NORMAL,,False
2026-06-02 22:08:00,25.47,1010.1,73.5,NORMAL,,False
2026-06-02 22:09:00,25.54,1010.15,73.5,NORMAL,,False
2026-06-02 22:10:00,25.52,1010.14,73.4,NORMAL,,False
2026-06-02 22:11:00,25.37,1010.14,73.3,NORMAL,,False
2026-06-02 22:12:00,25.4,1010.14,73.4,NORMAL,,False
2026-06-02 22:13:00,25.39,1010.09,73.6,NORMAL,,False
2026-06-02 22:14:00,25.44,1010.09,74.0,NORMAL,,False
2026-06-02 22:15:00,25.38,1010.13,73.7,NORMAL,,False
2026-06-02 22:16:00,25.39,1010.07,73.9,NORMAL,,False
2026-06-02 22:17:00,25.35,1010.08,74.2,NORMAL,,False
2026-06-02 22:18:00,25.31,1009.99,74.1,NORMAL,,False
2026-06-02 22:19:00,25.33,1010.03,74.1,NORMAL,,False
2026-06-02 22:20:00,25.23,1010.0,74.4,NORMAL,,False
2026-06-02 22:21:00,25.15,1010.02,74.6,NORMAL,,False
2026-06-02 22:22:00,25.26,1009.99,74.4,NORMAL,,False
2026-06-02 22:23:00,25.21,1009.93,74.3,NORMAL,,False
2026-06-02 22:24:00,25.1,1010.01,74.4,NORMAL,,False
2026-06-02 22:25:00,25.24,1009.95,74.6,NORMAL,,False
2026-06-02 22:26:00,25.08,1009.95,74.6,NORMAL,,False
2026-06-02 22:27:00,25.09,1009.92,74.7,NORMAL,,False
2026-06-02 22:28:00,25.02,1009.9,74.7,NORMAL,,False
2026-06-02 22:29:00,25.06,1009.88,75.0,NORMAL,,False
2026-06-02 22:30:00,25.05,1009.91,75.0,NORMAL,,False
2026-06-02 22:31:00,24.97,1009.92,75.4,NORMAL,,False
2026-06-02 22:32:00,24.99,1009.84,75.4,NORMAL,,False
2026-06-02 22:33:00,25.02,1009.85,75.0,NORMAL,,False
2026-06-02 22:34:00,24.88,1009.8,74.9,NORMAL,,False
2026-06-02 22:35:00,24.87,1009.81,75.5,NORMAL,,False
2026-06-02 22:36:00,24.91,1009.78,75.4,NORMAL,,False
2026-06-02 22:37:00,24.91,1009.79,75.8,NORMAL,,False
2026-06-02 22:38:00,24.74,1009.77,75.4,NORMAL,,False
2026-06-02 22:39:00,24.8,1009.78,75.9,NORMAL,,False
2026-06-02 22:40:00,24.79,1009.73,75.8,NORMAL,,False
2026-06-02 22:41:00,24.81,1009.77,76.1,NORMAL,,False
2026-06-02 22:42:00,24.81,1009.74,75.8,NORMAL,,False
2026-06-02 22:43:00,24.78,1009.71,75.9,NORMAL,,False
2026-06-02 22:44:00,24.78,1009.69,76.0,NORMAL,,False
2026-06-02 22:45:00,24.67,1009.74,75.7,NORMAL,,False
2026-06-02 22:46:00,24.71,1009.67,75.9,NORMAL,,False
2026-06-02 22:47:00,24.72,1009.67,76.4,NORMAL,,False
2026-06-02 22:48:00,24.59,1009.71,76.4,NORMAL,,False
2026-06-02 22:49:00,24.62,1009.65,76.5,NORMAL,,False
2026-06-02 22:50:00,24.64,1009.61,76.6,NORMAL,,False
2026-06-02 22:51:00,24.52,1009.58,76.9,NORMAL,,False
2026-06-02 22:52:00,24.46,1009.62,76.7,NORMAL,,False
2026-06-02 22:53:00,24.44,1009.6,76.0,NORMAL,,False
2026-06-02 22:54:00,24.53,1009.56,76.6,NORMAL,,False
2026-06-02 22:55:00,24.49,1009.56,77.1,NORMAL,,False
2026-06-02 22:56:00,24.41,1009.58,76.6,NORMAL,,False
2026-06-02 22:57:00,24.37,1009.49,76.9,NORMAL,,False
2026-06-02 22:58:00,24.43,1009.51,76.7,NORMAL,,False
2026-06-02 22:59:00,24.36,1009.49,76.7,NORMAL,,False
2026-06-02 23:00:00,24.3,1009.51,76.8,NORMAL,,False
2026-06-02 23:01:00,24.32,1009.55,77.6,NORMAL,,False
2026-06-02 23:02:00,24.18,1009.48,77.3,NORMAL,,False
2026-06-02 23:03:00,24.31,1009.51,77.3,NORMAL,,False
2026-06-02 23:04:00,24.3,1009.44,77.4,NORMAL,,False
2026-06-02 23:05:00,24.22,1009.49,77.6,NORMAL,,False
2026-06-02 23:06:00,24.21,1009.46,77.7,NORMAL,,False
2026-06-02 23:07:00,24.14,1009.48,77.7,NORMAL,,False
2026-06-02 23:08:00,24.25,1009.45,77.6,NORMAL,,False
2026-06-02 23:09:00,24.15,1009.44,77.5,NORMAL,,False
2026-06-02 23:10:00,24.1,1009.4,77.9,NORMAL,,False
2026-06-02 23:11:00,24.09,1009.41,77.9,NORMAL,,False
2026-06-02 23:12:00,24.13,1009.39,77.9,NORMAL,,False
2026-06-02 23:13:00,24.1,1009.39,78.0,NORMAL,,False
2026-06-02 23:14:00,24.03,1009.4,78.1,NORMAL,,False
2026-06-02 23:15:00,24.08,1009.4,78.4,NORMAL,,False
2026-06-02 23:16:00,24.03,1009.35,78.5,NORMAL,,False
2026-06-02 23:17:00,24.06,1009.4,78.5,NORMAL,,False
2026-06-02 23:18:00,24.03,1009.35,78.5,NORMAL,,False
2026-06-02 23:19:00,23.94,1009.35,78.3,NORMAL,,False
2026-06-02 23:20:00,23.88,1009.32,78.8,NORMAL,,False
2026-06-02 23:21:00,23.96,1009.31,78.8,NORMAL,,False
2026-06-02 23:22:00,23.9,1009.31,78.2,NORMAL,,False
2026-06-02 23:23:00,23.92,1009.29,78.4,NORMAL,,False
2026-06-02 23:24:00,23.86,1009.22,79.0,NORMAL,,False
2026-06-02 23:25:00,23.82,1009.24,78.8,NORMAL,,False
2026-06-02 23:26:00,23.84,1009.19,78.5,NORMAL,,False
2026-06-02 23:27:00,23.81,1009.22,79.1,NORMAL,,False
2026-06-02 23:28:00,23.81,1009.25,79.1,NORMAL,,False
2026-06-02 23:29:00,23.78,1009.23,78.7,NORMAL,,False
2026-06-02 23:30:00,23.76,1009.17,79.4,NORMAL,,False
2026-06-02 23:31:00,23.85,1009.18,79.2,NORMAL,,False
2026-06-02 23:32:00,23.71,1009.2,79.5,NORMAL,,False
2026-06-02 23:33:00,23.66,1009.22,79.5,NORMAL,,False
2026-06-02 23:34:00,23.68,1009.24,79.7,NORMAL,,False
2026-06-02 23:35:00,23.54,1009.23,79.5,NORMAL,,False
2026-06-02 23:36:00,23.67,1009.18,79.8,NORMAL,,False
2026-06-02 23:37:00,23.56,1009.15,79.4,NORMAL,,False
2026-06-02 23:38:00,23.68,1009.13,79.6,NORMAL,,False
2026-06-02 23:39:00,23.57,1009.14,79.7,NORMAL,,False
2026-06-02 23:40:00,23.69,1009.09,79.7,NORMAL,,False
2026-06-02 23:41:00,23.59,1009.12,79.9,NORMAL,,False
2026-06-02 23:42:00,23.51,1009.09,80.0,NORMAL,,False
2026-06-02 23:43:00,23.5,1009.13,79.8,NORMAL,,False
2026-06-02 23:44:00,23.43,1009.08,80.0,NORMAL,,False
2026-06-02 23:45:00,23.53,1009.11,80.0,NORMAL,,False
2026-06-02 23:46:00,23.43,1009.08,80.2,NORMAL,,False
2026-06-02 23:47:00,23.46,1009.08,80.5,NORMAL,,False
2026-06-02 23:48:00,23.45,1009.07,80.4,NORMAL,,False
2026-06-02 23:49:00,23.41,1009.11,80.5,NORMAL,,False
2026-06-02 23:50:00,23.38,1009.04,80.4,NORMAL,,False
2026-06-02 23:51:00,23.39,1009.01,80.0,NORMAL,,False
2026-06-02 23:52:00,23.33,1008.99,80.7,NORMAL,,False
2026-06-02 23:53:00,23.42,1009.01,80.3,NORMAL,,False
2026-06-02 23:54:00,23.32,1008.96,80.4,NORMAL,,False
2026-06-02 23:55:00,23.39,1009.03,80.8,NORMAL,,False
2026-06-02 23:56:00,23.35,1009.03,80.8,NORMAL,,False
2026-06-02 23:57:00,23.25,1009.03,80.8,NORMAL,,False
2026-06-02 23:58:00,23.29,1008.95,80.7,NORMAL,,False
2026-06-02 23:59:00,23.24,1008.88,80.7,NORMAL,,False
2026-06-03 00:00:00,23.26,1008.98,81.2,NORMAL,,False
2026-06-03 00:01:00,23.23,1008.95,80.8,NORMAL,,False
2026-06-03 00:02:00,23.28,1009.01,80.7,NORMAL,,False
2026-06-03 00:03:00,23.12,1008.92,81.2,NORMAL,,False
2026-06-03 00:04:00,23.15,1008.96,80.6,NORMAL,,False
2026-06-03 00:05:00,23.18,1008.91,81.3,NORMAL,,False
2026-06-03 00:06:00,23.21,1008.91,81.2,NORMAL,,False
2026-06-03 00:07:00,23.11,1008.92,81.5,NORMAL,,False
2026-06-03 00:08:00,23.14,1008.9,81.0,NORMAL,,False
2026-06-03 00:09:00,23.05,1008.84,81.2,NORMAL,,False
2026-06-03 00:10:00,23.11,1008.89,81.4,NORMAL,,False
2026-06-03 00:11:00,23.02,1008.85,81.5,NORMAL,,False
2026-06-03 00:12:00,23.05,1008.89,81.6,NORMAL,,False
2026-06-03 00:13:00,23.07,1008.81,81.4,NORMAL,,False
2026-06-03 00:14:00,23.04,1008.86,81.4,NORMAL,,False
2026-06-03 00:15:00,22.95,1008.88,81.6,NORMAL,,False
2026-06-03 00:16:00,22.98,1008.86,81.4,NORMAL,,False
2026-06-03 00:17:00,23.0,1008.85,81.7,NORMAL,,False
2026-06-03 00:18:00,23.03,1008.86,82.1,NORMAL,,False
2026-06-03 00:19:00,22.94,1008.79,81.9,NORMAL,,False
2026-06-03 00:20:00,22.94,1008.83,82.2,NORMAL,,False
2026-06-03 00:21:00,22.93,1008.86,81.8,NORMAL,,False
2026-06-03 00:22:00,22.9,1008.81,82.0,NORMAL,,False
2026-06-03 00:23:00,22.84,1008.78,82.0,NORMAL,,False
2026-06-03 00:24:00,22.85,1008.86,81.9,NORMAL,,False
2026-06-03 00:25:00,22.9,1008.78,82.2,NORMAL,,False
2026-06-03 00:26:00,22.89,1008.83,82.1,NORMAL,,False
2026-06-03 00:27:00,22.83,1008.78,82.5,NORMAL,,False
2026-06-03 00:28:00,22.83,1008.78,82.1,NORMAL,,False
2026-06-03 00:29:00,22.77,1008.73,82.0,NORMAL,,False
2026-06-03 00:30:00,22.76,1008.78,82.1,NORMAL,,False
2026-06-03 00:31:00,22.76,1008.81,82.3,NORMAL,,False
2026-06-03 00:32:00,22.81,1008.78,82.1,NORMAL,,False
2026-06-03 00:33:00,22.8,1008.73,82.4,NORMAL,,False
2026-06-03 00:34:00,22.77,1008.76,82.4,NORMAL,,False
2026-06-03 00:35:00,22.77,1008.74,82.6,NORMAL,,False
2026-06-03 00:36:00,22.65,1008.74,82.6,NORMAL,,False
2026-06-03 00:37:00,22.71,1008.76,82.7,NORMAL,,False
2026-06-03 00:38:00,22.65,1008.75,82.8,NORMAL,,False
2026-06-03 00:39:00,22.7,1008.8,82.7,NORMAL,,False
2026-06-03 00:40:00,22.7,1008.68,82.7,NORMAL,,False
2026-06-03 00:41:00,22.65,1008.69,82.9,NORMAL,,False
2026-06-03 00:42:00,22.65,1008.75,82.8,NORMAL,,False
2026-06-03 00:43:00,22.57,1008.71,82.8,NORMAL,,False
2026-06-03 00:44:00,22.63,1008.74,83.0,NORMAL,,False
2026-06-03 00:45:00,22.67,1008.72,83.5,NORMAL,,False
2026-06-03 00:46:00,22.63,1008.71,83.0,NORMAL,,False
2026-06-03 00:47:00,22.55,1008.69,83.0,NORMAL,,False
2026-06-03 00:48:00,22.52,1008.69,83.1,NORMAL,,False
2026-06-03 00:49:00,22.58,1008.71,83.0,NORMAL,,False
2026-06-03 00:50:00,22.63,1008.68,83.2,NORMAL,,False
2026-06-03 00:51:00,22.53,1008.68,83.2,NORMAL,,False
2026-06-03 00:52:00,22.52,1008.7,83.4,NORMAL,,False
2026-06-03 00:53:00,22.51,1008.68,83.3,NORMAL,,False
2026-06-03 00:54:00,22.49,1008.67,83.3,NORMAL,,False
2026-06-03 00:55:00,22.48,1008.66,83.4,NORMAL,,False
2026-06-03 00:56:00,22.57,1008.69,83.1,NORMAL,,False
2026-06-03 00:57:00,22.51,1008.69,83.4,NORMAL,,False
2026-06-03 00:58:00,22.52,1008.66,83.4,NORMAL,,False
2026-06-03 00:59:00,22.45,1008.64,83.8,NORMAL,,False
2026-06-03 01:00:00,22.51,1008.69,83.3,NORMAL,,False
2026-06-03 01:01:00,22.5,1008.64,83.3,NORMAL,,False
2026-06-03 01:02:00,22.48,1008.65,83.8,NORMAL,,False
2026-06-03 01:03:00,22.51,1008.67,83.5,NORMAL,,False
2026-06-03 01:04:00,22.48,1008.71,83.5,NORMAL,,False
2026-06-03 01:05:00,22.37,1008.65,83.6,NORMAL,,False
2026-06-03 01:06:00,22.51,1008.68,83.7,NORMAL,,False
2026-06-03 01:07:00,22.45,1008.68,83.6,NORMAL,,False
2026-06-03 01:08:00,22.36,1008.64,83.4,NORMAL,,False
2026-06-03 01:09:00,22.37,1008.62,83.3,NORMAL,,False
2026-06-03 01:10:00,22.36,1008.67,83.9,NORMAL,,False
2026-06-03 01:11:00,22.35,1008.67,83.7,NORMAL,,False
2026-06-03 01:12:00,22.28,1008.6,84.0,NORMAL,,False
2026-06-03 01:13:00,22.38,1008.7,83.7,NORMAL,,False
2026-06-03 01:14:00,22.31,1008.62,83.8,NORMAL,,False
2026-06-03 01:15:00,22.35,1008.64,83.7,NORMAL,,False
2026-06-03 01:16:00,22.33,1008.62,83.8,NORMAL,,False
2026-06-03 01:17:00,22.28,1008.62,83.7,NORMAL,,False
2026-06-03 01:18:00,22.29,1008.65,83.7,NORMAL,,False
2026-06-03 01:19:00,22.29,1008.64,84.1,NORMAL,,False
2026-06-03 01:20:00,22.16,1008.65,83.9,NORMAL,,False
2026-06-03 01:21:00,22.26,1008.69,83.9,NORMAL,,False
2026-06-03 01:22:00,22.32,1008.64,83.9,NORMAL,,False
2026-06-03 01:23:00,22.28,1008.58,84.5,NORMAL,,False
2026-06-03 01:24:00,22.28,1008.65,84.1,NORMAL,,False
2026-06-03 01:25:00,22.22,1008.7,84.5,NORMAL,,False
2026-06-03 01:26:00,22.22,1008.72,84.0,NORMAL,,False
2026-06-03 01:27:00,22.25,1008.68,84.0,NORMAL,,False
2026-06-03 01:28:00,22.21,1008.68,84.2,NORMAL,,False
2026-06-03 01:29:00,22.13,1008.65,84.5,NORMAL,,False
2026-06-03 01:30:00,22.22,1008.59,84.4,NORMAL,,False
2026-06-03 01:31:00,22.16,1008.66,84.4,NORMAL,,False
2026-06-03 01:32:00,22.19,1008.64,84.0,NORMAL,,False
2026-06-03 01:33:00,22.14,1008.66,84.2,NORMAL,,False
2026-06-03 01:34:00,22.19,1008.64,84.1,NORMAL,,False
2026-06-03 01:35:00,22.2,1008.64,84.5,NORMAL,,False
2026-06-03 01:36:00,22.17,1008.71,84.2,NORMAL,,False
2026-06-03 01:37:00,22.17,1008.6,84.3,NORMAL,,False
2026-06-03 01:38:00,22.07,1008.68,84.4,NORMAL,,False
2026-06-03 01:39:00,22.12,1008.62,84.5,NORMAL,,False
2026-06-03 01:40:00,22.22,1008.57,85.0,NORMAL,,False
2026-06-03 01:41:00,22.12,1008.67,84.6,NORMAL,,False
2026-06-03 01:42:00,22.11,1008.68,84.5,NORMAL,,False
2026-06-03 01:43:00,22.2,1008.64,84.2,NORMAL,,False
2026-06-03 01:44:00,22.14,1008.64,84.4,NORMAL,,False
2026-06-03 01:45:00,22.18,1008.65,84.7,NORMAL,,False
2026-06-03 01:46:00,22.13,1008.67,84.4,NORMAL,,False
2026-06-03 01:47:00,22.13,1008.69,84.9,NORMAL,,False
2026-06-03 01:48:00,22.11,1008.66,84.6,NORMAL,,False
2026-06-03 01:49:00,22.16,1008.69,84.9,NORMAL,,False
2026-06-03 01:50:00,22.09,1008.63,84.5,NORMAL,,False
2026-06-03 01:51:00,22.06,1008.68,84.9,NORMAL,,False
2026-06-03 01:52:00,22.15,1008.63,84.7,NORMAL,,False
2026-06-03 01:53:00,22.04,1008.69,84.9,NORMAL,,False
2026-06-03 01:54:00,22.08,1008.67,84.7,NORMAL,,False
2026-06-03 01:55:00,22.1,1008.7,84.7,NORMAL,,False
2026-06-03 01:56:00,22.07,1008.73,84.5,NORMAL,,False
2026-06-03 01:57:00,22.05,1008.71,85.0,NORMAL,,False
2026-06-03 01:58:00,22.06,1008.7,84.7,NORMAL,,False
2026-06-03 01:59:00,22.03,1008.68,84.6,NORMAL,,False
2026-06-03 02:00:00,21.97,1008.7,84.6,NORMAL,,False
2026-06-03 02:01:00,22.08,1008.72,84.4,NORMAL,,False
2026-06-03 02:02:00,22.11,1008.75,85.0,NORMAL,,False
2026-06-03 02:03:00,21.98,1008.67,84.7,NORMAL,,False
2026-06-03 02:04:00,22.11,1008.66,85.3,NORMAL,,False
2026-06-03 02:05:00,22.03,1008.66,84.6,NORMAL,,False
2026-06-03 02:06:00,21.99,1008.7,85.2,NORMAL,,False
2026-06-03 02:07:00,22.07,1008.7,85.0,NORMAL,,False
2026-06-03 02:08:00,22.09,1008.71,84.7,NORMAL,,False
2026-06-03 02:09:00,22.05,1008.72,84.9,NORMAL,,False
2026-06-03 02:10:00,22.06,1008.68,85.2,NORMAL,,False
2026-06-03 02:11:00,22.02,1008.79,85.2,NORMAL,,False
2026-06-03 02:12:00,21.89,1008.74,84.8,NORMAL,,False
2026-06-03 02:13:00,22.0,1008.76,85.1,NORMAL,,False
2026-06-03 02:14:00,22.04,1008.74,84.9,NORMAL,,False
2026-06-03 02:15:00,22.06,1008.76,85.1,NORMAL,,False
2026-06-03 02:16:00,22.02,1008.74,84.8,NORMAL,,False
2026-06-03 02:17:00,22.02,1008.73,85.2,NORMAL,,False
2026-06-03 02:18:00,22.02,1008.76,85.1,NORMAL,,False
2026-06-03 02:19:00,22.0,1008.75,85.1,NORMAL,,False
2026-06-03 02:20:00,22.08,1008.8,84.6,NORMAL,,False
2026-06-03 02:21:00,22.04,1008.72,85.3,NORMAL,,False
2026-06-03 02:22:00,21.95,1008.76,85.2,NORMAL,,False
2026-06-03 02:23:00,22.0,1008.76,85.2,NORMAL,,False
2026-06-03 02:24:00,21.95,1008.79,84.8,NORMAL,,False
2026-06-03 02:25:00,21.96,1008.8,85.0,NORMAL,,False
2026-06-03 02:26:00,22.03,1008.82,84.9,NORMAL,,False
2026-06-03 02:27:00,22.04,1008.82,85.2,NORMAL,,False
2026-06-03 02:28:00,21.98,1008.77,85.0,NORMAL,,False
2026-06-03 02:29:00,22.02,1008.8,85.2,NORMAL,,False
2026-06-03 02:30:00,22.07,1008.88,85.2,NORMAL,,False
2026-06-03 02:31:00,21.94,1008.81,85.0,NORMAL,,False
2026-06-03 02:32:00,21.98,1008.87,85.2,NORMAL,,False
2026-06-03 02:33:00,22.0,1008.81,84.9,NORMAL,,False
2026-06-03 02:34:00,22.0,1008.87,85.1,NORMAL,,False
2026-06-03 02:35:00,22.05,1008.83,84.9,NORMAL,,False
2026-06-03 02:36:00,22.07,1008.81,85.0,NORMAL,,False
2026-06-03 02:37:00,22.08,1008.89,84.9,NORMAL,,False
2026-06-03 02:38:00,21.99,1008.92,85.0,NORMAL,,False
2026-06-03 02:39:00,21.91,1008.85,84.9,NORMAL,,False
2026-06-03 02:40:00,21.99,1008.91,84.9,NORMAL,,False
2026-06-03 02:41:00,22.03,1008.93,84.9,NORMAL,,False
2026-06-03 02:42:00,22.05,1008.88,84.8,NORMAL,,False
2026-06-03 02:43:00,21.98,1008.89,85.0,NORMAL,,False
2026-06-03 02:44:00,22.05,1008.91,84.9,NORMAL,,False
2026-06-03 02:45:00,21.98,1008.94,84.8,NORMAL,,False
2026-06-03 02:46:00,21.94,1008.94,85.0,NORMAL,,False
2026-06-03 02:47:00,22.08,1008.96,84.8,NORMAL,,False
2026-06-03 02:48:00,22.01,1008.94,85.0,NORMAL,,False
2026-06-03 02:49:00,21.95,1008.96,85.2,NORMAL,,False
2026-06-03 02:50:00,21.99,1009.01,84.8,NORMAL,,False
2026-06-03 02:51:00,22.02,1008.9,84.9,NORMAL,,False
2026-06-03 02:52:00,22.02,1008.94,85.0,NORMAL,,False
2026-06-03 02:53:00,22.04,1008.95,85.0,NORMAL,,False
2026-06-03 02:54:00,22.08,1008.97,84.9,NORMAL,,False
2026-06-03 02:55:00,22.04,1008.99,84.5,NORMAL,,False
2026-06-03 02:56:00,22.08,1009.0,85.0,NORMAL,,False
2026-06-03 02:57:00,22.04,1009.07,85.0,NORMAL,,False
2026-06-03 02:58:00,21.99,1009.01,85.0,NORMAL,,False
2026-06-03 02:59:00,22.09,1009.06,84.6,NORMAL,,False
2026-06-03 03:00:00,22.12,1009.06,74.2,STUCK_SENSOR,humidity,True
2026-06-03 03:01:00,22.06,1009.02,74.2,STUCK_SENSOR,humidity,True
2026-06-03 03:02:00,21.96,1009.01,74.2,STUCK_SENSOR,humidity,True
2026-06-03 03:03:00,21.99,1009.04,74.2,STUCK_SENSOR,humidity,True
2026-06-03 03:04:00,22.03,1008.99,74.2,STUCK_SENSOR,humidity,True
2026-06-03 03:05:00,22.06,1009.06,74.2,STUCK_SENSOR,humidity,True
2026-06-03 03:06:00,22.05,1009.02,74.2,STUCK_SENSOR,humidity,True
2026-06-03 03:07:00,22.04,1009.1,74.2,STUCK_SENSOR,humidity,True
2026-06-03 03:08:00,22.06,1009.06,74.2,STUCK_SENSOR,humidity,True
2026-06-03 03:09:00,22.15,1009.05,74.2,STUCK_SENSOR,humidity,True
2026-06-03 03:10:00,22.18,1009.12,74.2,STUCK_SENSOR,humidity,True
2026-06-03 03:11:00,22.14,1009.07,74.2,STUCK_SENSOR,humidity,True
2026-06-03 03:12:00,22.02,1009.11,74.2,STUCK_SENSOR,humidity,True
2026-06-03 03:13:00,22.1,1009.12,74.2,STUCK_SENSOR,humidity,True
2026-06-03 03:14:00,22.15,1009.09,74.2,STUCK_SENSOR,humidity,True
2026-06-03 03:15:00,22.13,1009.13,74.2,STUCK_SENSOR,humidity,True
2026-06-03 03:16:00,22.14,1009.18,74.2,STUCK_SENSOR,humidity,True
2026-06-03 03:17:00,22.22,1009.12,74.2,STUCK_SENSOR,humidity,True
2026-06-03 03:18:00,22.16,1009.14,74.2,STUCK_SENSOR,humidity,True
2026-06-03 03:19:00,22.13,1009.16,74.2,STUCK_SENSOR,humidity,True
2026-06-03 03:20:00,22.12,1009.15,74.2,STUCK_SENSOR,humidity,True
2026-06-03 03:21:00,22.24,1009.13,74.2,STUCK_SENSOR,humidity,True
2026-06-03 03:22:00,22.16,1009.17,74.2,STUCK_SENSOR,humidity,True
2026-06-03 03:23:00,22.16,1009.2,74.2,STUCK_SENSOR,humidity,True
2026-06-03 03:24:00,22.2,1009.17,74.2,STUCK_SENSOR,humidity,True
2026-06-03 03:25:00,22.15,1009.17,74.2,STUCK_SENSOR,humidity,True
2026-06-03 03:26:00,22.19,1009.22,74.2,STUCK_SENSOR,humidity,True
2026-06-03 03:27:00,22.25,1009.16,74.2,STUCK_SENSOR,humidity,True
2026-06-03 03:28:00,22.17,1009.17,74.2,STUCK_SENSOR,humidity,True
2026-06-03 03:29:00,22.09,1009.28,74.2,STUCK_SENSOR,humidity,True
2026-06-03 03:30:00,22.15,1009.28,74.2,STUCK_SENSOR,humidity,True
2026-06-03 03:31:00,22.26,1009.24,74.2,STUCK_SENSOR,humidity,True
2026-06-03 03:32:00,22.24,1009.24,74.2,STUCK_SENSOR,humidity,True
2026-06-03 03:33:00,22.2,1009.24,74.2,STUCK_SENSOR,humidity,True
2026-06-03 03:34:00,22.24,1009.23,74.2,STUCK_SENSOR,humidity,True
2026-06-03 03:35:00,22.27,1009.27,74.2,STUCK_SENSOR,humidity,True
2026-06-03 03:36:00,22.22,1009.31,74.2,STUCK_SENSOR,humidity,True
2026-06-03 03:37:00,22.28,1009.28,74.2,STUCK_SENSOR,humidity,True
2026-06-03 03:38:00,22.19,1009.29,74.2,STUCK_SENSOR,humidity,True
2026-06-03 03:39:00,22.3,1009.29,74.2,STUCK_SENSOR,humidity,True
2026-06-03 03:40:00,22.24,1009.33,74.2,STUCK_SENSOR,humidity,True
2026-06-03 03:41:00,22.2,1009.28,74.2,STUCK_SENSOR,humidity,True
2026-06-03 03:42:00,22.28,1009.3,74.2,STUCK_SENSOR,humidity,True
2026-06-03 03:43:00,22.25,1009.33,74.2,STUCK_SENSOR,humidity,True
2026-06-03 03:44:00,22.24,1009.37,74.2,STUCK_SENSOR,humidity,True
2026-06-03 03:45:00,22.34,1009.35,74.2,STUCK_SENSOR,humidity,True
2026-06-03 03:46:00,22.28,1009.38,74.2,STUCK_SENSOR,humidity,True
2026-06-03 03:47:00,22.29,1009.37,74.2,STUCK_SENSOR,humidity,True
2026-06-03 03:48:00,22.46,1009.42,74.2,STUCK_SENSOR,humidity,True
2026-06-03 03:49:00,22.39,1009.41,74.2,STUCK_SENSOR,humidity,True
2026-06-03 03:50:00,22.44,1009.4,74.2,STUCK_SENSOR,humidity,True
2026-06-03 03:51:00,22.38,1009.44,74.2,STUCK_SENSOR,humidity,True
2026-06-03 03:52:00,22.37,1009.51,74.2,STUCK_SENSOR,humidity,True
2026-06-03 03:53:00,22.37,1009.43,74.2,STUCK_SENSOR,humidity,True
2026-06-03 03:54:00,22.37,1009.43,74.2,STUCK_SENSOR,humidity,True
2026-06-03 03:55:00,22.29,1009.45,74.2,STUCK_SENSOR,humidity,True
2026-06-03 03:56:00,22.48,1009.48,74.2,STUCK_SENSOR,humidity,True
2026-06-03 03:57:00,22.51,1009.47,74.2,STUCK_SENSOR,humidity,True
2026-06-03 03:58:00,22.42,1009.46,74.2,STUCK_SENSOR,humidity,True
2026-06-03 03:59:00,22.33,1009.51,74.2,STUCK_SENSOR,humidity,True
2026-06-03 04:00:00,22.5,1009.46,74.2,STUCK_SENSOR,humidity,True
2026-06-03 04:01:00,22.45,1009.46,74.2,STUCK_SENSOR,humidity,True
2026-06-03 04:02:00,22.43,1009.51,74.2,STUCK_SENSOR,humidity,True
2026-06-03 04:03:00,22.52,1009.45,74.2,STUCK_SENSOR,humidity,True
2026-06-03 04:04:00,22.49,1009.47,74.2,STUCK_SENSOR,humidity,True
2026-06-03 04:05:00,22.47,1009.57,74.2,STUCK_SENSOR,humidity,True
2026-06-03 04:06:00,22.57,1009.56,74.2,STUCK_SENSOR,humidity,True
2026-06-03 04:07:00,22.49,1009.49,74.2,STUCK_SENSOR,humidity,True
2026-06-03 04:08:00,22.49,1009.51,74.2,STUCK_SENSOR,humidity,True
2026-06-03 04:09:00,22.58,1009.59,74.2,STUCK_SENSOR,humidity,True
2026-06-03 04:10:00,22.59,1009.6,74.2,STUCK_SENSOR,humidity,True
2026-06-03 04:11:00,22.59,1009.56,74.2,STUCK_SENSOR,humidity,True
2026-06-03 04:12:00,22.62,1009.61,74.2,STUCK_SENSOR,humidity,True
2026-06-03 04:13:00,22.59,1009.59,74.2,STUCK_SENSOR,humidity,True
2026-06-03 04:14:00,22.57,1009.59,74.2,STUCK_SENSOR,humidity,True
2026-06-03 04:15:00,22.63,1009.58,74.2,STUCK_SENSOR,humidity,True
2026-06-03 04:16:00,22.64,1009.61,74.2,STUCK_SENSOR,humidity,True
2026-06-03 04:17:00,22.65,1009.65,74.2,STUCK_SENSOR,humidity,True
2026-06-03 04:18:00,22.68,1009.6,74.2,STUCK_SENSOR,humidity,True
2026-06-03 04:19:00,22.65,1009.62,74.2,STUCK_SENSOR,humidity,True
2026-06-03 04:20:00,22.71,1009.6,74.2,STUCK_SENSOR,humidity,True
2026-06-03 04:21:00,22.63,1009.65,74.2,STUCK_SENSOR,humidity,True
2026-06-03 04:22:00,22.74,1009.67,74.2,STUCK_SENSOR,humidity,True
2026-06-03 04:23:00,22.67,1009.69,74.2,STUCK_SENSOR,humidity,True
2026-06-03 04:24:00,22.75,1009.71,74.2,STUCK_SENSOR,humidity,True
2026-06-03 04:25:00,22.74,1009.7,74.2,STUCK_SENSOR,humidity,True
2026-06-03 04:26:00,22.73,1009.68,74.2,STUCK_SENSOR,humidity,True
2026-06-03 04:27:00,22.75,1009.66,74.2,STUCK_SENSOR,humidity,True
2026-06-03 04:28:00,22.89,1009.7,74.2,STUCK_SENSOR,humidity,True
2026-06-03 04:29:00,22.88,1009.76,74.2,STUCK_SENSOR,humidity,True
2026-06-03 04:30:00,22.82,1009.72,74.2,STUCK_SENSOR,humidity,True
2026-06-03 04:31:00,22.8,1009.77,74.2,STUCK_SENSOR,humidity,True
2026-06-03 04:32:00,22.82,1009.75,74.2,STUCK_SENSOR,humidity,True
2026-06-03 04:33:00,22.79,1009.74,74.2,STUCK_SENSOR,humidity,True
2026-06-03 04:34:00,22.82,1009.75,74.2,STUCK_SENSOR,humidity,True
2026-06-03 04:35:00,22.82,1009.71,74.2,STUCK_SENSOR,humidity,True
2026-06-03 04:36:00,22.92,1009.77,74.2,STUCK_SENSOR,humidity,True
2026-06-03 04:37:00,22.89,1009.79,74.2,STUCK_SENSOR,humidity,True
2026-06-03 04:38:00,22.95,1009.78,74.2,STUCK_SENSOR,humidity,True
2026-06-03 04:39:00,22.88,1009.82,74.2,STUCK_SENSOR,humidity,True
2026-06-03 04:40:00,22.98,1009.88,74.2,STUCK_SENSOR,humidity,True
2026-06-03 04:41:00,22.87,1009.79,74.2,STUCK_SENSOR,humidity,True
2026-06-03 04:42:00,22.96,1009.88,74.2,STUCK_SENSOR,humidity,True
2026-06-03 04:43:00,23.06,1009.84,74.2,STUCK_SENSOR,humidity,True
2026-06-03 04:44:00,22.93,1009.84,74.2,STUCK_SENSOR,humidity,True
2026-06-03 04:45:00,23.04,1009.87,74.2,STUCK_SENSOR,humidity,True
2026-06-03 04:46:00,23.1,1009.86,74.2,STUCK_SENSOR,humidity,True
2026-06-03 04:47:00,22.94,1009.86,74.2,STUCK_SENSOR,humidity,True
2026-06-03 04:48:00,23.03,1009.83,74.2,STUCK_SENSOR,humidity,True
2026-06-03 04:49:00,23.06,1009.81,74.2,STUCK_SENSOR,humidity,True
2026-06-03 04:50:00,23.05,1009.89,74.2,STUCK_SENSOR,humidity,True
2026-06-03 04:51:00,23.14,1009.9,74.2,STUCK_SENSOR,humidity,True
2026-06-03 04:52:00,23.02,1009.87,74.2,STUCK_SENSOR,humidity,True
2026-06-03 04:53:00,23.06,1009.92,74.2,STUCK_SENSOR,humidity,True
2026-06-03 04:54:00,23.16,1009.94,74.2,STUCK_SENSOR,humidity,True
2026-06-03 04:55:00,23.16,1009.9,74.2,STUCK_SENSOR,humidity,True
2026-06-03 04:56:00,23.2,1009.9,74.2,STUCK_SENSOR,humidity,True
2026-06-03 04:57:00,23.16,1009.9,74.2,STUCK_SENSOR,humidity,True
2026-06-03 04:58:00,23.19,1009.96,74.2,STUCK_SENSOR,humidity,True
2026-06-03 04:59:00,23.27,1009.94,74.2,STUCK_SENSOR,humidity,True
2026-06-03 05:00:00,23.15,1009.98,81.3,NORMAL,,False
2026-06-03 05:01:00,23.21,1009.95,80.8,NORMAL,,False
2026-06-03 05:02:00,23.27,1009.95,80.9,NORMAL,,False
2026-06-03 05:03:00,23.38,1009.96,80.6,NORMAL,,False
2026-06-03 05:04:00,23.36,1009.99,80.4,NORMAL,,False
2026-06-03 05:05:00,23.43,1010.0,80.6,NORMAL,,False
2026-06-03 05:06:00,23.31,1009.99,80.4,NORMAL,,False
2026-06-03 05:07:00,23.47,1010.02,80.7,NORMAL,,False
2026-06-03 05:08:00,23.4,1010.0,80.6,NORMAL,,False
2026-06-03 05:09:00,23.39,1010.03,80.4,NORMAL,,False
2026-06-03 05:10:00,23.36,1010.0,80.1,NORMAL,,False
2026-06-03 05:11:00,23.44,1010.05,80.0,NORMAL,,False
2026-06-03 05:12:00,23.38,1010.0,80.2,NORMAL,,False
2026-06-03 05:13:00,23.49,1009.98,79.8,NORMAL,,False
2026-06-03 05:14:00,23.47,1010.07,80.2,NORMAL,,False
2026-06-03 05:15:00,23.5,1010.06,80.1,NORMAL,,False
2026-06-03 05:16:00,23.52,1010.06,80.3,NORMAL,,False
2026-06-03 05:17:00,23.47,1010.1,80.2,NORMAL,,False
2026-06-03 05:18:00,23.57,1010.09,79.8,NORMAL,,False
2026-06-03 05:19:00,23.64,1010.1,79.7,NORMAL,,False
2026-06-03 05:20:00,23.51,1010.12,79.6,NORMAL,,False
2026-06-03 05:21:00,23.63,1010.06,79.6,NORMAL,,False
2026-06-03 05:22:00,23.57,1010.1,80.0,NORMAL,,False
2026-06-03 05:23:00,23.67,1010.11,79.7,NORMAL,,False
2026-06-03 05:24:00,23.67,1010.14,79.4,NORMAL,,False
2026-06-03 05:25:00,23.67,1010.13,79.4,NORMAL,,False
2026-06-03 05:26:00,23.68,1010.1,79.5,NORMAL,,False
2026-06-03 05:27:00,23.61,1010.08,78.9,NORMAL,,False
2026-06-03 05:28:00,23.67,1010.13,79.1,NORMAL,,False
2026-06-03 05:29:00,23.76,1010.1,79.3,NORMAL,,False
2026-06-03 05:30:00,23.85,1010.13,79.1,NORMAL,,False
2026-06-03 05:31:00,23.77,1010.16,79.1,NORMAL,,False
2026-06-03 05:32:00,23.77,1010.11,79.3,NORMAL,,False
2026-06-03 05:33:00,23.84,1010.16,79.1,NORMAL,,False
2026-06-03 05:34:00,23.78,1010.19,78.9,NORMAL,,False
2026-06-03 05:35:00,23.85,1010.11,78.7,NORMAL,,False
2026-06-03 05:36:00,23.89,1010.21,78.4,NORMAL,,False
2026-06-03 05:37:00,23.85,1010.21,78.9,NORMAL,,False
2026-06-03 05:38:00,23.91,1010.24,78.6,NORMAL,,False
2026-06-03 05:39:00,23.91,1010.18,78.5,NORMAL,,False
2026-06-03 05:40:00,23.91,1010.19,78.5,NORMAL,,False
2026-06-03 05:41:00,23.83,1010.24,78.2,NORMAL,,False
2026-06-03 05:42:00,24.03,1010.15,78.8,NORMAL,,False
2026-06-03 05:43:00,23.91,1010.18,78.5,NORMAL,,False
2026-06-03 05:44:00,24.07,1010.25,78.1,NORMAL,,False
2026-06-03 05:45:00,24.03,1010.26,78.2,NORMAL,,False
2026-06-03 05:46:00,24.1,1010.14,78.0,NORMAL,,False
2026-06-03 05:47:00,24.16,1010.23,78.0,NORMAL,,False
2026-06-03 05:48:00,24.06,1010.21,78.0,NORMAL,,False
2026-06-03 05:49:00,24.09,1010.26,77.4,NORMAL,,False
2026-06-03 05:50:00,24.15,1010.27,77.7,NORMAL,,False
2026-06-03 05:51:00,24.15,1010.21,77.7,NORMAL,,False
2026-06-03 05:52:00,24.26,1010.21,78.1,NORMAL,,False
2026-06-03 05:53:00,24.15,1010.27,77.6,NORMAL,,False
2026-06-03 05:54:00,24.23,1010.28,77.6,NORMAL,,False
2026-06-03 05:55:00,24.25,1010.25,77.5,NORMAL,,False
2026-06-03 05:56:00,24.25,1010.26,77.6,NORMAL,,False
2026-06-03 05:57:00,24.28,1010.29,77.4,NORMAL,,False
2026-06-03 05:58:00,24.29,1010.24,77.7,NORMAL,,False
2026-06-03 05:59:00,24.25,1010.28,77.3,NORMAL,,False
2026-06-03 06:00:00,24.33,1010.29,77.8,NORMAL,,False
2026-06-03 06:01:00,24.43,1010.29,77.2,NORMAL,,False
2026-06-03 06:02:00,24.34,1010.3,77.1,NORMAL,,False
2026-06-03 06:03:00,24.34,1010.32,76.5,NORMAL,,False
2026-06-03 06:04:00,24.46,1010.28,77.0,NORMAL,,False
2026-06-03 06:05:00,24.49,1010.27,76.5,NORMAL,,False
2026-06-03 06:06:00,24.44,1010.28,77.0,NORMAL,,False
2026-06-03 06:07:00,24.46,1010.32,76.9,NORMAL,,False
2026-06-03 06:08:00,24.51,1010.26,76.7,NORMAL,,False
2026-06-03 06:09:00,24.51,1010.29,76.4,NORMAL,,False
2026-06-03 06:10:00,24.6,1010.32,76.3,NORMAL,,False
2026-06-03 06:11:00,24.62,1010.37,76.2,NORMAL,,False
2026-06-03 06:12:00,24.59,1010.28,76.1,NORMAL,,False
2026-06-03 06:13:00,24.65,1010.31,76.2,NORMAL,,False
2026-06-03 06:14:00,24.53,1010.27,76.0,NORMAL,,False
2026-06-03 06:15:00,24.71,1010.3,76.0,NORMAL,,False
2026-06-03 06:16:00,24.69,1010.34,76.3,NORMAL,,False
2026-06-03 06:17:00,24.76,1010.31,75.8,NORMAL,,False
2026-06-03 06:18:00,24.73,1010.32,75.7,NORMAL,,False
2026-06-03 06:19:00,24.76,1010.26,76.0,NORMAL,,False
2026-06-03 06:20:00,24.76,1010.38,75.8,NORMAL,,False
2026-06-03 06:21:00,24.83,1010.3,75.6,NORMAL,,False
2026-06-03 06:22:00,24.85,1010.3,75.7,NORMAL,,False
2026-06-03 06:23:00,24.85,1010.34,75.8,NORMAL,,False
2026-06-03 06:24:00,24.83,1010.35,75.2,NORMAL,,False
2026-06-03 06:25:00,24.9,1010.37,75.6,NORMAL,,False
2026-06-03 06:26:00,24.87,1010.3,75.3,NORMAL,,False
2026-06-03 06:27:00,24.84,1010.36,75.2,NORMAL,,False
2026-06-03 06:28:00,24.96,1010.29,75.1,NORMAL,,False
2026-06-03 06:29:00,24.98,1010.33,75.1,NORMAL,,False
2026-06-03 06:30:00,24.98,1010.35,74.9,NORMAL,,False
2026-06-03 06:31:00,25.04,1010.34,74.6,NORMAL,,False
2026-06-03 06:32:00,25.03,1010.36,74.9,NORMAL,,False
2026-06-03 06:33:00,25.1,1010.33,75.1,NORMAL,,False
2026-06-03 06:34:00,25.13,1010.36,74.5,NORMAL,,False
2026-06-03 06:35:00,25.05,1010.3,74.8,NORMAL,,False
2026-06-03 06:36:00,25.07,1010.36,74.7,NORMAL,,False
2026-06-03 06:37:00,25.24,1010.32,74.4,NORMAL,,False
2026-06-03 06:38:00,25.18,1010.31,74.1,NORMAL,,False
2026-06-03 06:39:00,25.21,1010.27,74.1,NORMAL,,False
2026-06-03 06:40:00,25.16,1010.3,74.2,NORMAL,,False
2026-06-03 06:41:00,25.3,1010.36,74.3,NORMAL,,False
2026-06-03 06:42:00,25.27,1010.3,74.1,NORMAL,,False
2026-06-03 06:43:00,25.32,1010.34,74.2,NORMAL,,False
2026-06-03 06:44:00,25.26,1010.33,73.6,NORMAL,,False
2026-06-03 06:45:00,25.34,1010.29,74.3,NORMAL,,False
2026-06-03 06:46:00,25.29,1010.32,73.8,NORMAL,,False
2026-06-03 06:47:00,25.53,1010.38,73.4,NORMAL,,False
2026-06-03 06:48:00,25.37,1010.32,73.6,NORMAL,,False
2026-06-03 06:49:00,25.39,1010.35,73.8,NORMAL,,False
2026-06-03 06:50:00,25.42,1010.31,73.7,NORMAL,,False
2026-06-03 06:51:00,25.56,1010.31,73.4,NORMAL,,False
2026-06-03 06:52:00,25.52,1010.28,73.1,NORMAL,,False
2026-06-03 06:53:00,25.6,1010.3,73.1,NORMAL,,False
2026-06-03 06:54:00,25.49,1010.26,73.2,NORMAL,,False
2026-06-03 06:55:00,25.53,1010.29,73.1,NORMAL,,False
2026-06-03 06:56:00,25.64,1010.35,73.1,NORMAL,,False
2026-06-03 06:57:00,25.62,1010.3,72.7,NORMAL,,False
2026-06-03 06:58:00,25.75,1010.33,72.9,NORMAL,,False
2026-06-03 06:59:00,25.7,1010.36,73.1,NORMAL,,False
2026-06-03 07:00:00,25.62,1010.37,72.7,NORMAL,,False
2026-06-03 07:01:00,25.72,1010.29,72.6,NORMAL,,False
2026-06-03 07:02:00,25.78,1010.35,72.4,NORMAL,,False
2026-06-03 07:03:00,25.72,1010.31,72.3,NORMAL,,False
2026-06-03 07:04:00,25.78,1010.31,72.3,NORMAL,,False
2026-06-03 07:05:00,25.81,1010.26,72.3,NORMAL,,False
2026-06-03 07:06:00,25.91,1010.28,71.8,NORMAL,,False
2026-06-03 07:07:00,25.94,1010.36,71.7,NORMAL,,False
2026-06-03 07:08:00,25.87,1010.3,71.9,NORMAL,,False
2026-06-03 07:09:00,25.98,1010.31,71.9,NORMAL,,False
2026-06-03 07:10:00,26.0,1010.3,72.2,NORMAL,,False
2026-06-03 07:11:00,25.94,1010.27,71.5,NORMAL,,False
2026-06-03 07:12:00,25.98,1010.31,71.6,NORMAL,,False
2026-06-03 07:13:00,25.92,1010.31,71.5,NORMAL,,False
2026-06-03 07:14:00,26.03,1010.3,71.5,NORMAL,,False
2026-06-03 07:15:00,26.15,1010.25,71.7,NORMAL,,False
2026-06-03 07:16:00,26.0,1010.24,71.4,NORMAL,,False
2026-06-03 07:17:00,26.1,1010.3,71.1,NORMAL,,False
2026-06-03 07:18:00,26.12,1010.29,71.1,NORMAL,,False
2026-06-03 07:19:00,26.19,1010.27,71.0,NORMAL,,False
2026-06-03 07:20:00,26.27,1010.25,71.2,NORMAL,,False
2026-06-03 07:21:00,26.24,1010.29,71.0,NORMAL,,False
2026-06-03 07:22:00,26.23,1010.31,71.0,NORMAL,,False
2026-06-03 07:23:00,26.23,1010.29,70.8,NORMAL,,False
2026-06-03 07:24:00,26.39,1010.25,70.8,NORMAL,,False
2026-06-03 07:25:00,26.32,1010.21,70.2,NORMAL,,False
2026-06-03 07:26:00,26.4,1010.23,70.4,NORMAL,,False
2026-06-03 07:27:00,26.38,1010.22,70.4,NORMAL,,False
2026-06-03 07:28:00,26.29,1010.22,70.4,NORMAL,,False
2026-06-03 07:29:00,26.43,1010.24,70.2,NORMAL,,False
2026-06-03 07:30:00,26.4,1010.24,70.5,NORMAL,,False
2026-06-03 07:31:00,26.52,1010.14,70.0,NORMAL,,False
2026-06-03 07:32:00,26.44,1010.21,69.7,NORMAL,,False
2026-06-03 07:33:00,26.54,1010.18,70.3,NORMAL,,False
2026-06-03 07:34:00,26.52,1010.28,69.5,NORMAL,,False
2026-06-03 07:35:00,26.6,1010.18,70.0,NORMAL,,False
2026-06-03 07:36:00,26.58,1010.12,69.6,NORMAL,,False
2026-06-03 07:37:00,26.59,1010.19,69.6,NORMAL,,False
2026-06-03 07:38:00,26.71,1010.16,69.6,NORMAL,,False
2026-06-03 07:39:00,26.63,1010.23,69.3,NORMAL,,False
2026-06-03 07:40:00,26.71,1010.21,69.3,NORMAL,,False
2026-06-03 07:41:00,26.76,1010.13,69.3,NORMAL,,False
2026-06-03 07:42:00,26.8,1010.15,68.9,NORMAL,,False
2026-06-03 07:43:00,26.71,1010.17,69.4,NORMAL,,False
2026-06-03 07:44:00,26.79,1010.13,68.8,NORMAL,,False
2026-06-03 07:45:00,26.84,1010.16,68.5,NORMAL,,False
2026-06-03 07:46:00,26.9,1010.14,68.8,NORMAL,,False
2026-06-03 07:47:00,26.93,1010.13,68.9,NORMAL,,False
2026-06-03 07:48:00,26.88,1010.12,68.6,NORMAL,,False
2026-06-03 07:49:00,26.83,1010.08,68.6,NORMAL,,False
2026-06-03 07:50:00,26.97,1010.1,68.5,NORMAL,,False
2026-06-03 07:51:00,26.89,1010.11,68.5,NORMAL,,False
2026-06-03 07:52:00,27.02,1010.07,68.4,NORMAL,,False
2026-06-03 07:53:00,27.09,1010.11,68.2,NORMAL,,False
2026-06-03 07:54:00,27.02,1010.09,68.0,NORMAL,,False
2026-06-03 07:55:00,27.1,1010.11,68.0,NORMAL,,False
2026-06-03 07:56:00,27.03,1010.03,68.0,NORMAL,,False
2026-06-03 07:57:00,27.23,1010.11,67.9,NORMAL,,False
2026-06-03 07:58:00,27.25,1010.04,67.7,NORMAL,,False
2026-06-03 07:59:00,27.26,1010.04,67.5,NORMAL,,False
2026-06-03 08:00:00,27.2,1010.1,67.4,NORMAL,,False
2026-06-03 08:01:00,27.28,1009.99,67.4,NORMAL,,False
2026-06-03 08:02:00,27.26,1010.08,67.6,NORMAL,,False
2026-06-03 08:03:00,27.4,1010.07,67.4,NORMAL,,False
2026-06-03 08:04:00,27.33,1010.02,67.5,NORMAL,,False
2026-06-03 08:05:00,27.32,1010.0,67.5,NORMAL,,False
2026-06-03 08:06:00,27.34,1010.02,66.9,NORMAL,,False
2026-06-03 08:07:00,27.44,1009.99,67.2,NORMAL,,False
2026-06-03 08:08:00,27.35,1010.0,67.2,NORMAL,,False
2026-06-03 08:09:00,27.47,1009.95,66.6,NORMAL,,False
2026-06-03 08:10:00,27.51,1009.98,66.6,NORMAL,,False
2026-06-03 08:11:00,27.51,1009.99,66.7,NORMAL,,False
2026-06-03 08:12:00,27.57,1009.92,66.6,NORMAL,,False
2026-06-03 08:13:00,27.54,1009.95,66.8,NORMAL,,False
2026-06-03 08:14:00,27.67,1009.98,66.1,NORMAL,,False
2026-06-03 08:15:00,27.56,1009.9,66.0,NORMAL,,False
2026-06-03 08:16:00,27.58,1009.89,66.5,NORMAL,,False
2026-06-03 08:17:00,27.68,1009.86,66.1,NORMAL,,False
2026-06-03 08:18:00,27.71,1009.86,66.1,NORMAL,,False
2026-06-03 08:19:00,27.76,1009.84,65.8,NORMAL,,False
2026-06-03 08:20:00,27.79,1009.85,65.8,NORMAL,,False
2026-06-03 08:21:00,27.74,1009.87,65.7,NORMAL,,False
2026-06-03 08:22:00,27.73,1009.88,65.9,NORMAL,,False
2026-06-03 08:23:00,27.8,1009.86,66.0,NORMAL,,False
2026-06-03 08:24:00,27.86,1009.85,65.5,NORMAL,,False
2026-06-03 08:25:00,27.93,1009.86,65.3,NORMAL,,False
2026-06-03 08:26:00,27.86,1009.8,65.2,NORMAL,,False
2026-06-03 08:27:00,27.85,1009.78,65.4,NORMAL,,False
2026-06-03 08:28:00,27.99,1009.8,65.4,NORMAL,,False
2026-06-03 08:29:00,28.01,1009.83,65.2,NORMAL,,False
2026-06-03 08:30:00,27.95,1009.83,65.1,NORMAL,,False
2026-06-03 08:31:00,28.01,1009.77,65.0,NORMAL,,False
2026-06-03 08:32:00,28.16,1009.77,65.0,NORMAL,,False
2026-06-03 08:33:00,28.15,1009.77,64.7,NORMAL,,False
2026-06-03 08:34:00,28.14,1009.74,65.0,NORMAL,,False
2026-06-03 08:35:00,28.23,1009.78,64.8,NORMAL,,False
2026-06-03 08:36:00,28.2,1009.75,64.7,NORMAL,,False
2026-06-03 08:37:00,28.19,1009.74,64.7,NORMAL,,False
2026-06-03 08:38:00,28.25,1009.76,64.1,NORMAL,,False
2026-06-03 08:39:00,28.26,1009.72,64.5,NORMAL,,False
2026-06-03 08:40:00,28.26,1009.67,64.3,NORMAL,,False
2026-06-03 08:41:00,28.2,1009.72,63.8,NORMAL,,False
2026-06-03 08:42:00,28.28,1009.71,63.8,NORMAL,,False
2026-06-03 08:43:00,28.37,1009.67,63.7,NORMAL,,False
2026-06-03 08:44:00,28.34,1009.67,64.0,NORMAL,,False
2026-06-03 08:45:00,28.35,1009.6,63.4,NORMAL,,False
2026-06-03 08:46:00,28.45,1009.64,63.7,NORMAL,,False
2026-06-03 08:47:00,28.4,1009.65,63.3,NORMAL,,False
2026-06-03 08:48:00,28.34,1009.6,63.5,NORMAL,,False
2026-06-03 08:49:00,28.48,1009.62,63.8,NORMAL,,False
2026-06-03 08:50:00,28.53,1009.55,63.2,NORMAL,,False
2026-06-03 08:51:00,28.49,1009.58,62.8,NORMAL,,False
2026-06-03 08:52:00,28.51,1009.56,63.1,NORMAL,,False
2026-06-03 08:53:00,28.63,1009.56,63.0,NORMAL,,False
2026-06-03 08:54:00,28.62,1009.57,62.7,NORMAL,,False
2026-06-03 08:55:00,28.65,1009.58,63.2,NORMAL,,False
2026-06-03 08:56:00,28.69,1009.5,63.0,NORMAL,,False
2026-06-03 08:57:00,28.68,1009.55,62.4,NORMAL,,False
2026-06-03 08:58:00,28.77,1009.54,62.4,NORMAL,,False
2026-06-03 08:59:00,28.78,1009.49,62.3,NORMAL,,False
2026-06-03 09:00:00,28.77,1009.48,62.8,NORMAL,,False
2026-06-03 09:01:00,28.85,1009.53,62.3,NORMAL,,False
2026-06-03 09:02:00,28.8,1009.47,62.4,NORMAL,,False
2026-06-03 09:03:00,28.84,1009.5,62.1,NORMAL,,False
2026-06-03 09:04:00,28.92,1009.42,61.9,NORMAL,,False
2026-06-03 09:05:00,28.96,1009.41,62.2,NORMAL,,False
2026-06-03 09:06:00,28.9,1009.39,61.7,NORMAL,,False
2026-06-03 09:07:00,29.0,1009.4,61.8,NORMAL,,False
2026-06-03 09:08:00,28.91,1009.37,61.6,NORMAL,,False
2026-06-03 09:09:00,29.05,1009.41,61.7,NORMAL,,False
2026-06-03 09:10:00,29.03,1009.41,61.7,NORMAL,,False
2026-06-03 09:11:00,29.09,1009.36,61.7,NORMAL,,False
2026-06-03 09:12:00,29.04,1009.4,61.1,NORMAL,,False
2026-06-03 09:13:00,29.06,1009.35,61.4,NORMAL,,False
2026-06-03 09:14:00,29.14,1009.38,61.4,NORMAL,,False
2026-06-03 09:15:00,29.14,1009.33,61.1,NORMAL,,False
2026-06-03 09:16:00,29.13,1009.33,61.1,NORMAL,,False
2026-06-03 09:17:00,29.22,1009.25,61.2,NORMAL,,False
2026-06-03 09:18:00,29.29,1009.26,60.7,NORMAL,,False
2026-06-03 09:19:00,29.31,1009.26,60.7,NORMAL,,False
2026-06-03 09:20:00,29.38,1009.23,60.4,NORMAL,,False
2026-06-03 09:21:00,29.29,1009.25,60.6,NORMAL,,False
2026-06-03 09:22:00,29.35,1009.21,60.3,NORMAL,,False
2026-06-03 09:23:00,29.39,1009.25,60.1,NORMAL,,False
2026-06-03 09:24:00,29.39,1009.23,60.6,NORMAL,,False
2026-06-03 09:25:00,29.45,1009.14,60.3,NORMAL,,False
2026-06-03 09:26:00,29.47,1009.22,60.1,NORMAL,,False
2026-06-03 09:27:00,29.44,1009.21,59.9,NORMAL,,False
2026-06-03 09:28:00,29.46,1009.13,60.1,NORMAL,,False
2026-06-03 09:29:00,29.52,1009.15,60.0,NORMAL,,False
2026-06-03 09:30:00,29.54,1009.09,60.0,NORMAL,,False
2026-06-03 09:31:00,29.54,1009.11,59.4,NORMAL,,False
2026-06-03 09:32:00,29.56,1009.11,59.7,NORMAL,,False
2026-06-03 09:33:00,29.66,1009.15,59.8,NORMAL,,False
2026-06-03 09:34:00,29.64,1009.11,58.9,NORMAL,,False
2026-06-03 09:35:00,29.74,1009.07,59.2,NORMAL,,False
2026-06-03 09:36:00,29.74,1009.09,59.4,NORMAL,,False
2026-06-03 09:37:00,29.76,1009.09,58.9,NORMAL,,False
2026-06-03 09:38:00,29.73,1009.1,59.6,NORMAL,,False
2026-06-03 09:39:00,29.77,1009.02,59.3,NORMAL,,False
2026-06-03 09:40:00,29.83,1009.05,59.1,NORMAL,,False
2026-06-03 09:41:00,29.76,1009.02,59.3,NORMAL,,False
2026-06-03 09:42:00,29.91,1009.0,58.8,NORMAL,,False
2026-06-03 09:43:00,29.87,1008.98,58.8,NORMAL,,False
2026-06-03 09:44:00,29.94,1008.93,59.1,NORMAL,,False
2026-06-03 09:45:00,29.89,1008.96,58.2,NORMAL,,False
2026-06-03 09:46:00,29.95,1008.94,58.6,NORMAL,,False
2026-06-03 09:47:00,29.89,1008.95,58.2,NORMAL,,False
2026-06-03 09:48:00,29.99,1008.98,58.7,NORMAL,,False
2026-06-03 09:49:00,30.02,1008.94,58.4,NORMAL,,False
2026-06-03 09:50:00,30.13,1008.9,58.3,NORMAL,,False
2026-06-03 09:51:00,30.03,1008.89,57.9,NORMAL,,False
2026-06-03 09:52:00,30.06,1008.89,57.8,NORMAL,,False
2026-06-03 09:53:00,30.05,1008.93,57.7,NORMAL,,False
2026-06-03 09:54:00,30.04,1008.86,58.0,NORMAL,,False
2026-06-03 09:55:00,30.13,1008.81,57.9,NORMAL,,False
2026-06-03 09:56:00,30.21,1008.83,57.6,NORMAL,,False
2026-06-03 09:57:00,30.22,1008.84,57.7,NORMAL,,False
2026-06-03 09:58:00,30.32,1008.81,57.4,NORMAL,,False
2026-06-03 09:59:00,30.3,1008.75,57.6,NORMAL,,False
2026-06-03 10:00:00,30.29,1008.83,57.5,NORMAL,,False
2026-06-03 10:01:00,30.23,1008.73,57.5,NORMAL,,False
2026-06-03 10:02:00,30.36,1008.74,57.2,NORMAL,,False
2026-06-03 10:03:00,30.36,1008.77,57.2,NORMAL,,False
2026-06-03 10:04:00,30.39,1008.7,57.2,NORMAL,,False
2026-06-03 10:05:00,30.38,1008.73,56.7,NORMAL,,False
2026-06-03 10:06:00,30.46,1008.71,57.0,NORMAL,,False
2026-06-03 10:07:00,30.51,1008.7,56.4,NORMAL,,False
2026-06-03 10:08:00,30.45,1008.67,56.8,NORMAL,,False
2026-06-03 10:09:00,30.51,1008.71,56.9,NORMAL,,False
2026-06-03 10:10:00,30.54,1008.69,56.4,NORMAL,,False
2026-06-03 10:11:00,30.55,1008.64,56.4,NORMAL,,False
2026-06-03 10:12:00,30.54,1008.67,56.4,NORMAL,,False
2026-06-03 10:13:00,30.66,1008.57,56.2,NORMAL,,False
2026-06-03 10:14:00,30.54,1008.58,56.3,NORMAL,,False
2026-06-03 10:15:00,30.66,1008.62,56.2,NORMAL,,False
2026-06-03 10:16:00,30.57,1008.59,56.1,NORMAL,,False
2026-06-03 10:17:00,30.68,1008.55,56.0,NORMAL,,False
2026-06-03 10:18:00,30.7,1008.54,56.1,NORMAL,,False
2026-06-03 10:19:00,30.77,1008.54,56.0,NORMAL,,False
2026-06-03 10:20:00,30.76,1008.55,55.6,NORMAL,,False
2026-06-03 10:21:00,30.75,1008.55,55.5,NORMAL,,False
2026-06-03 10:22:00,30.83,1008.46,55.7,NORMAL,,False
2026-06-03 10:23:00,30.75,1008.49,55.4,NORMAL,,False
2026-06-03 10:24:00,30.86,1008.48,55.4,NORMAL,,False
2026-06-03 10:25:00,30.8,1008.51,55.6,NORMAL,,False
2026-06-03 10:26:00,30.98,1008.43,55.1,NORMAL,,False
2026-06-03 10:27:00,30.91,1008.45,55.0,NORMAL,,False
2026-06-03 10:28:00,30.96,1008.39,55.3,NORMAL,,False
2026-06-03 10:29:00,30.96,1008.49,55.1,NORMAL,,False
2026-06-03 10:30:00,31.04,1008.43,54.9,NORMAL,,False
2026-06-03 10:31:00,31.1,1008.41,55.0,NORMAL,,False
2026-06-03 10:32:00,31.16,1008.42,54.9,NORMAL,,False
2026-06-03 10:33:00,31.1,1008.39,54.7,NORMAL,,False
2026-06-03 10:34:00,31.08,1008.38,54.8,NORMAL,,False
2026-06-03 10:35:00,31.08,1008.38,54.6,NORMAL,,False
2026-06-03 10:36:00,31.15,1008.38,54.3,NORMAL,,False
2026-06-03 10:37:00,31.22,1008.35,54.5,NORMAL,,False
2026-06-03 10:38:00,31.25,1008.33,54.5,NORMAL,,False
2026-06-03 10:39:00,31.15,1008.32,54.7,NORMAL,,False
2026-06-03 10:40:00,31.2,1008.3,54.2,NORMAL,,False
2026-06-03 10:41:00,31.16,1008.33,54.3,NORMAL,,False
2026-06-03 10:42:00,31.25,1008.27,54.3,NORMAL,,False
2026-06-03 10:43:00,31.29,1008.29,54.0,NORMAL,,False
2026-06-03 10:44:00,31.31,1008.23,54.3,NORMAL,,False
2026-06-03 10:45:00,31.34,1008.29,54.3,NORMAL,,False
2026-06-03 10:46:00,31.3,1008.27,53.7,NORMAL,,False
2026-06-03 10:47:00,31.34,1008.23,53.7,NORMAL,,False
2026-06-03 10:48:00,31.35,1008.19,53.7,NORMAL,,False
2026-06-03 10:49:00,31.47,1008.22,53.7,NORMAL,,False
2026-06-03 10:50:00,31.49,1008.19,53.5,NORMAL,,False
2026-06-03 10:51:00,31.51,1008.16,53.2,NORMAL,,False
2026-06-03 10:52:00,31.44,1008.18,53.7,NORMAL,,False
2026-06-03 10:53:00,31.5,1008.21,53.5,NORMAL,,False
2026-06-03 10:54:00,31.49,1008.17,53.3,NORMAL,,False
2026-06-03 10:55:00,31.6,1008.14,52.9,NORMAL,,False
2026-06-03 10:56:00,31.54,1008.13,53.0,NORMAL,,False
2026-06-03 10:57:00,31.55,1008.14,53.0,NORMAL,,False
2026-06-03 10:58:00,31.64,1008.07,53.1,NORMAL,,False
2026-06-03 10:59:00,31.61,1008.09,53.2,NORMAL,,False
2026-06-03 11:00:00,31.66,1008.06,52.5,NORMAL,,False
2026-06-03 11:01:00,31.66,1008.05,52.7,NORMAL,,False
2026-06-03 11:02:00,31.68,1008.12,52.5,NORMAL,,False
2026-06-03 11:03:00,31.59,1008.06,52.7,NORMAL,,False
2026-06-03 11:04:00,31.72,1008.04,52.4,NORMAL,,False
2026-06-03 11:05:00,31.73,1008.01,52.5,NORMAL,,False
2026-06-03 11:06:00,31.65,1008.05,52.6,NORMAL,,False
2026-06-03 11:07:00,31.81,1008.06,52.5,NORMAL,,False
2026-06-03 11:08:00,31.73,1007.97,52.3,NORMAL,,False
2026-06-03 11:09:00,31.82,1008.02,52.1,NORMAL,,False
2026-06-03 11:10:00,31.83,1007.96,52.6,NORMAL,,False
2026-06-03 11:11:00,31.82,1007.95,51.9,NORMAL,,False
2026-06-03 11:12:00,31.88,1007.94,51.9,NORMAL,,False
2026-06-03 11:13:00,31.91,1007.92,51.7,NORMAL,,False
2026-06-03 11:14:00,31.9,1007.87,51.9,NORMAL,,False
2026-06-03 11:15:00,31.98,1007.91,52.1,NORMAL,,False
2026-06-03 11:16:00,31.99,1007.86,51.7,NORMAL,,False
2026-06-03 11:17:00,31.98,1007.91,51.9,NORMAL,,False
2026-06-03 11:18:00,32.03,1007.92,51.7,NORMAL,,False
2026-06-03 11:19:00,32.03,1007.93,51.7,NORMAL,,False
2026-06-03 11:20:00,32.01,1007.91,51.4,NORMAL,,False
2026-06-03 11:21:00,32.09,1007.89,51.5,NORMAL,,False
2026-06-03 11:22:00,32.06,1007.81,51.3,NORMAL,,False
2026-06-03 11:23:00,32.03,1007.9,51.2,NORMAL,,False
2026-06-03 11:24:00,32.17,1007.83,51.0,NORMAL,,False
2026-06-03 11:25:00,32.21,1007.84,51.0,NORMAL,,False
2026-06-03 11:26:00,32.1,1007.84,51.0,NORMAL,,False
2026-06-03 11:27:00,32.2,1007.79,51.0,NORMAL,,False
2026-06-03 11:28:00,32.2,1007.81,51.1,NORMAL,,False
2026-06-03 11:29:00,32.16,1007.77,50.9,NORMAL,,False
2026-06-03 11:30:00,32.25,1007.78,50.6,NORMAL,,False
2026-06-03 11:31:00,32.35,1007.74,51.0,NORMAL,,False
2026-06-03 11:32:00,32.25,1007.79,50.8,NORMAL,,False
2026-06-03 11:33:00,32.15,1007.79,51.0,NORMAL,,False
2026-06-03 11:34:00,32.33,1007.77,50.7,NORMAL,,False
2026-06-03 11:35:00,32.3,1007.73,50.6,NORMAL,,False
2026-06-03 11:36:00,32.3,1007.72,50.5,NORMAL,,False
2026-06-03 11:37:00,32.33,1007.72,50.3,NORMAL,,False
2026-06-03 11:38:00,32.34,1007.69,50.3,NORMAL,,False
2026-06-03 11:39:00,32.44,1007.74,50.2,NORMAL,,False
2026-06-03 11:40:00,32.32,1007.74,50.2,NORMAL,,False
2026-06-03 11:41:00,32.34,1007.67,50.6,NORMAL,,False
2026-06-03 11:42:00,32.44,1007.65,49.8,NORMAL,,False
2026-06-03 11:43:00,32.45,1007.63,50.2,NORMAL,,False
2026-06-03 11:44:00,32.44,1007.66,49.9,NORMAL,,False
2026-06-03 11:45:00,32.52,1007.68,49.8,NORMAL,,False
2026-06-03 11:46:00,32.49,1007.66,49.6,NORMAL,,False
2026-06-03 11:47:00,32.61,1007.64,50.3,NORMAL,,False
2026-06-03 11:48:00,32.54,1007.63,49.9,NORMAL,,False
2026-06-03 11:49:00,32.57,1007.64,49.5,NORMAL,,False
2026-06-03 11:50:00,32.64,1007.64,49.7,NORMAL,,False
2026-06-03 11:51:00,32.64,1007.68,49.6,NORMAL,,False
2026-06-03 11:52:00,32.62,1007.6,49.5,NORMAL,,False
2026-06-03 11:53:00,32.7,1007.61,49.8,NORMAL,,False
2026-06-03 11:54:00,32.66,1007.64,49.7,NORMAL,,False
2026-06-03 11:55:00,32.66,1007.53,49.7,NORMAL,,False
2026-06-03 11:56:00,32.77,1007.54,49.3,NORMAL,,False
2026-06-03 11:57:00,32.72,1007.53,49.5,NORMAL,,False
2026-06-03 11:58:00,32.73,1007.62,49.2,NORMAL,,False
2026-06-03 11:59:00,32.76,1007.59,49.4,NORMAL,,False
2026-06-03 12:00:00,32.78,1007.5,49.1,NORMAL,,False
2026-06-03 12:01:00,32.82,1007.55,49.3,NORMAL,,False
2026-06-03 12:02:00,32.81,1007.45,49.1,NORMAL,,False
2026-06-03 12:03:00,32.77,1007.57,49.1,NORMAL,,False
2026-06-03 12:04:00,32.92,1007.54,49.0,NORMAL,,False
2026-06-03 12:05:00,32.8,1007.45,48.8,NORMAL,,False
2026-06-03 12:06:00,32.75,1007.44,48.6,NORMAL,,False
2026-06-03 12:07:00,32.86,1007.53,48.5,NORMAL,,False
2026-06-03 12:08:00,32.88,1007.51,48.7,NORMAL,,False
2026-06-03 12:09:00,32.85,1007.48,48.7,NORMAL,,False
2026-06-03 12:10:00,32.88,1007.49,48.7,NORMAL,,False
2026-06-03 12:11:00,32.99,1007.52,48.7,NORMAL,,False
2026-06-03 12:12:00,32.95,1007.47,48.5,NORMAL,,False
2026-06-03 12:13:00,33.01,1007.5,48.3,NORMAL,,False
2026-06-03 12:14:00,32.95,1007.45,48.2,NORMAL,,False
2026-06-03 12:15:00,32.99,1007.48,48.6,NORMAL,,False
2026-06-03 12:16:00,33.03,1007.5,48.6,NORMAL,,False
2026-06-03 12:17:00,33.0,1007.42,48.3,NORMAL,,False
2026-06-03 12:18:00,33.02,1007.43,48.3,NORMAL,,False
2026-06-03 12:19:00,33.01,1007.4,48.3,NORMAL,,False
2026-06-03 12:20:00,33.09,1007.43,48.1,NORMAL,,False
2026-06-03 12:21:00,33.05,1007.44,48.4,NORMAL,,False
2026-06-03 12:22:00,33.1,1007.41,48.1,NORMAL,,False
2026-06-03 12:23:00,33.13,1007.47,48.1,NORMAL,,False
2026-06-03 12:24:00,33.13,1007.4,48.1,NORMAL,,False
2026-06-03 12:25:00,33.09,1007.41,47.6,NORMAL,,False
2026-06-03 12:26:00,33.1,1007.36,48.1,NORMAL,,False
2026-06-03 12:27:00,33.18,1007.39,47.8,NORMAL,,False
2026-06-03 12:28:00,33.19,1007.37,47.6,NORMAL,,False
2026-06-03 12:29:00,33.17,1007.36,47.7,NORMAL,,False
2026-06-03 12:30:00,33.23,1007.39,47.3,NORMAL,,False
2026-06-03 12:31:00,33.28,1007.38,47.3,NORMAL,,False
2026-06-03 12:32:00,33.23,1007.38,47.5,NORMAL,,False
2026-06-03 12:33:00,33.2,1007.37,47.5,NORMAL,,False
2026-06-03 12:34:00,33.3,1007.37,47.7,NORMAL,,False
2026-06-03 12:35:00,33.29,1007.35,47.3,NORMAL,,False
2026-06-03 12:36:00,33.22,1007.4,47.6,NORMAL,,False
2026-06-03 12:37:00,33.3,1007.31,47.1,NORMAL,,False
2026-06-03 12:38:00,33.35,1007.33,47.4,NORMAL,,False
2026-06-03 12:39:00,33.37,1007.39,47.7,NORMAL,,False
2026-06-03 12:40:00,33.3,1007.35,47.5,NORMAL,,False
2026-06-03 12:41:00,33.34,1007.31,47.3,NORMAL,,False
2026-06-03 12:42:00,33.3,1007.29,47.1,NORMAL,,False
2026-06-03 12:43:00,33.41,1007.36,47.1,NORMAL,,False
2026-06-03 12:44:00,33.33,1007.31,47.4,NORMAL,,False
2026-06-03 12:45:00,33.51,1007.29,47.3,NORMAL,,False
2026-06-03 12:46:00,33.44,1007.28,46.9,NORMAL,,False
2026-06-03 12:47:00,33.45,1007.31,47.2,NORMAL,,False
2026-06-03 12:48:00,33.47,1007.38,47.0,NORMAL,,False
2026-06-03 12:49:00,33.38,1007.3,47.4,NORMAL,,False
2026-06-03 12:50:00,33.48,1007.32,47.4,NORMAL,,False
2026-06-03 12:51:00,33.42,1007.38,46.6,NORMAL,,False
2026-06-03 12:52:00,33.5,1007.32,46.8,NORMAL,,False
2026-06-03 12:53:00,33.38,1007.31,46.6,NORMAL,,False
2026-06-03 12:54:00,33.51,1007.33,46.7,NORMAL,,False
2026-06-03 12:55:00,33.46,1007.32,46.8,NORMAL,,False
2026-06-03 12:56:00,33.51,1007.3,46.7,NORMAL,,False
2026-06-03 12:57:00,33.59,1007.28,46.7,NORMAL,,False
2026-06-03 12:58:00,33.48,1007.25,46.6,NORMAL,,False
2026-06-03 12:59:00,33.55,1007.23,46.4,NORMAL,,False
2026-06-03 13:00:00,33.5,1007.28,46.2,NORMAL,,False
2026-06-03 13:01:00,33.47,1007.3,46.6,NORMAL,,False
2026-06-03 13:02:00,33.57,1007.3,46.3,NORMAL,,False
2026-06-03 13:03:00,33.47,1007.25,46.6,NORMAL,,False
2026-06-03 13:04:00,33.54,1007.32,46.5,NORMAL,,False
2026-06-03 13:05:00,33.62,1007.25,46.3,NORMAL,,False
2026-06-03 13:06:00,33.61,1007.29,46.6,NORMAL,,False
2026-06-03 13:07:00,33.56,1007.34,46.1,NORMAL,,False
2026-06-03 13:08:00,33.56,1007.32,46.1,NORMAL,,False
2026-06-03 13:09:00,33.59,1007.3,46.3,NORMAL,,False
2026-06-03 13:10:00,33.65,1007.26,46.4,NORMAL,,False
2026-06-03 13:11:00,33.71,1007.3,46.0,NORMAL,,False
2026-06-03 13:12:00,33.59,1007.36,46.4,NORMAL,,False
2026-06-03 13:13:00,33.69,1007.29,46.0,NORMAL,,False
2026-06-03 13:14:00,33.63,1007.27,45.7,NORMAL,,False
2026-06-03 13:15:00,33.69,1007.27,46.0,NORMAL,,False
2026-06-03 13:16:00,33.75,1007.31,45.8,NORMAL,,False
2026-06-03 13:17:00,33.7,1007.27,45.8,NORMAL,,False
2026-06-03 13:18:00,33.65,1007.31,46.0,NORMAL,,False
2026-06-03 13:19:00,33.7,1007.26,46.0,NORMAL,,False
2026-06-03 13:20:00,33.72,1007.24,46.2,NORMAL,,False
2026-06-03 13:21:00,33.68,1007.3,45.7,NORMAL,,False
2026-06-03 13:22:00,33.69,1007.26,45.9,NORMAL,,False
2026-06-03 13:23:00,33.74,1007.21,46.0,NORMAL,,False
2026-06-03 13:24:00,33.7,1007.28,45.8,NORMAL,,False
2026-06-03 13:25:00,33.73,1007.35,45.6,NORMAL,,False
2026-06-03 13:26:00,33.74,1007.31,45.7,NORMAL,,False
2026-06-03 13:27:00,33.7,1007.29,45.7,NORMAL,,False
2026-06-03 13:28:00,33.78,1007.26,45.8,NORMAL,,False
2026-06-03 13:29:00,33.79,1007.26,45.9,NORMAL,,False
2026-06-03 13:30:00,33.79,1007.28,45.9,NORMAL,,False
2026-06-03 13:31:00,33.89,1007.29,45.5,NORMAL,,False
2026-06-03 13:32:00,33.8,1007.28,45.7,NORMAL,,False
2026-06-03 13:33:00,33.88,1007.28,45.5,NORMAL,,False
2026-06-03 13:34:00,33.9,1007.3,45.7,NORMAL,,False
2026-06-03 13:35:00,33.85,1007.33,45.8,NORMAL,,False
2026-06-03 13:36:00,33.8,1007.29,45.4,NORMAL,,False
2026-06-03 13:37:00,33.97,1007.29,45.5,NORMAL,,False
2026-06-03 13:38:00,33.89,1007.3,45.2,NORMAL,,False
2026-06-03 13:39:00,33.79,1007.31,45.4,NORMAL,,False
2026-06-03 13:40:00,33.84,1007.35,45.6,NORMAL,,False
2026-06-03 13:41:00,33.85,1007.29,45.6,NORMAL,,False
2026-06-03 13:42:00,33.89,1007.36,45.4,NORMAL,,False
2026-06-03 13:43:00,33.84,1007.32,45.4,NORMAL,,False
2026-06-03 13:44:00,33.92,1007.29,45.4,NORMAL,,False
2026-06-03 13:45:00,33.8,1007.3,45.5,NORMAL,,False
2026-06-03 13:46:00,33.91,1007.33,45.5,NORMAL,,False
2026-06-03 13:47:00,33.94,1007.33,45.0,NORMAL,,False
2026-06-03 13:48:00,33.9,1007.31,45.7,NORMAL,,False
2026-06-03 13:49:00,33.94,1007.3,45.3,NORMAL,,False
2026-06-03 13:50:00,33.91,1007.33,45.0,NORMAL,,False
2026-06-03 13:51:00,33.99,1007.3,44.9,NORMAL,,False
2026-06-03 13:52:00,33.9,1007.34,45.1,NORMAL,,False
2026-06-03 13:53:00,33.93,1007.36,45.2,NORMAL,,False
2026-06-03 13:54:00,33.92,1007.38,45.5,NORMAL,,False
2026-06-03 13:55:00,33.92,1007.36,45.2,NORMAL,,False
2026-06-03 13:56:00,33.93,1007.35,45.3,NORMAL,,False
2026-06-03 13:57:00,34.01,1007.33,45.3,NORMAL,,False
2026-06-03 13:58:00,33.91,1007.31,45.1,NORMAL,,False
2026-06-03 13:59:00,34.02,1007.37,45.4,NORMAL,,False
2026-06-03 14:00:00,33.92,1007.33,45.3,NORMAL,,False
2026-06-03 14:01:00,33.97,1007.42,45.2,NORMAL,,False
2026-06-03 14:02:00,33.94,1007.44,45.0,NORMAL,,False
2026-06-03 14:03:00,33.98,1007.38,45.4,NORMAL,,False
2026-06-03 14:04:00,33.92,1007.41,45.1,NORMAL,,False
2026-06-03 14:05:00,34.1,1007.41,45.0,NORMAL,,False
2026-06-03 14:06:00,33.94,1007.44,45.4,NORMAL,,False
2026-06-03 14:07:00,33.98,1007.43,45.2,NORMAL,,False
2026-06-03 14:08:00,33.82,1007.49,45.4,NORMAL,,False
2026-06-03 14:09:00,33.99,1007.4,44.9,NORMAL,,False
2026-06-03 14:10:00,33.99,1007.44,45.5,NORMAL,,False
2026-06-03 14:11:00,34.03,1007.41,45.1,NORMAL,,False
2026-06-03 14:12:00,34.01,1007.41,45.7,NORMAL,,False
2026-06-03 14:13:00,33.97,1007.48,45.2,NORMAL,,False
2026-06-03 14:14:00,33.98,1007.39,44.8,NORMAL,,False
2026-06-03 14:15:00,34.03,1007.46,44.8,NORMAL,,False
2026-06-03 14:16:00,33.97,1007.5,45.2,NORMAL,,False
2026-06-03 14:17:00,34.05,1007.44,45.4,NORMAL,,False
2026-06-03 14:18:00,33.97,1007.41,45.3,NORMAL,,False
2026-06-03 14:19:00,34.06,1007.46,44.8,NORMAL,,False
2026-06-03 14:20:00,34.02,1007.48,44.8,NORMAL,,False
2026-06-03 14:21:00,33.98,1007.51,45.0,NORMAL,,False
2026-06-03 14:22:00,33.97,1007.51,45.2,NORMAL,,False
2026-06-03 14:23:00,34.09,1007.51,44.8,NORMAL,,False
2026-06-03 14:24:00,34.05,1007.46,45.0,NORMAL,,False
2026-06-03 14:25:00,33.95,1007.53,45.2,NORMAL,,False
2026-06-03 14:26:00,34.07,1007.49,45.0,NORMAL,,False
2026-06-03 14:27:00,33.88,1007.53,44.9,NORMAL,,False
2026-06-03 14:28:00,33.95,1007.54,44.9,NORMAL,,False
2026-06-03 14:29:00,34.03,1007.46,45.0,NORMAL,,False
2026-06-03 14:30:00,33.96,1007.56,44.8,NORMAL,,False
2026-06-03 14:31:00,33.93,1007.56,45.1,NORMAL,,False
2026-06-03 14:32:00,34.02,1007.6,44.9,NORMAL,,False
2026-06-03 14:33:00,33.96,1007.57,44.9,NORMAL,,False
2026-06-03 14:34:00,34.03,1007.53,44.9,NORMAL,,False
2026-06-03 14:35:00,34.01,1007.5,44.5,NORMAL,,False
2026-06-03 14:36:00,34.04,1007.55,44.5,NORMAL,,False
2026-06-03 14:37:00,34.0,1007.55,44.9,NORMAL,,False
2026-06-03 14:38:00,34.02,1007.5,45.0,NORMAL,,False
2026-06-03 14:39:00,34.03,1007.58,45.1,NORMAL,,False
2026-06-03 14:40:00,33.95,1007.65,44.7,NORMAL,,False
2026-06-03 14:41:00,33.99,1007.61,45.2,NORMAL,,False
2026-06-03 14:42:00,33.99,1007.64,45.3,NORMAL,,False
2026-06-03 14:43:00,34.05,1007.58,44.9,NORMAL,,False
2026-06-03 14:44:00,34.05,1007.61,45.1,NORMAL,,False
2026-06-03 14:45:00,33.95,1007.66,44.7,NORMAL,,False
2026-06-03 14:46:00,33.99,1007.62,44.9,NORMAL,,False
2026-06-03 14:47:00,33.92,1007.61,44.9,NORMAL,,False
2026-06-03 14:48:00,34.0,1007.64,45.1,NORMAL,,False
2026-06-03 14:49:00,34.07,1007.64,45.1,NORMAL,,False
2026-06-03 14:50:00,34.0,1007.63,45.3,NORMAL,,False
2026-06-03 14:51:00,34.07,1007.65,45.1,NORMAL,,False
2026-06-03 14:52:00,34.03,1007.73,45.3,NORMAL,,False
2026-06-03 14:53:00,34.02,1007.68,45.0,NORMAL,,False
2026-06-03 14:54:00,33.96,1007.64,45.3,NORMAL,,False
2026-06-03 14:55:00,33.99,1007.66,45.0,NORMAL,,False
2026-06-03 14:56:00,33.89,1007.72,44.9,NORMAL,,False
2026-06-03 14:57:00,33.99,1007.74,45.2,NORMAL,,False
2026-06-03 14:58:00,33.93,1007.74,45.3,NORMAL,,False
2026-06-03 14:59:00,33.94,1007.7,45.0,NORMAL,,False
2026-06-03 15:00:00,33.91,1007.74,45.2,NORMAL,,False
2026-06-03 15:01:00,33.87,1007.76,45.3,NORMAL,,False
2026-06-03 15:02:00,33.89,1007.77,45.4,NORMAL,,False
2026-06-03 15:03:00,33.94,1007.8,45.1,NORMAL,,False
2026-06-03 15:04:00,33.93,1007.77,45.5,NORMAL,,False
2026-06-03 15:05:00,33.76,1007.8,45.0,NORMAL,,False
2026-06-03 15:06:00,33.95,1007.82,45.4,NORMAL,,False
2026-06-03 15:07:00,34.0,1007.82,45.2,NORMAL,,False
2026-06-03 15:08:00,33.96,1007.82,45.1,NORMAL,,False
2026-06-03 15:09:00,33.97,1007.87,45.5,NORMAL,,False
2026-06-03 15:10:00,34.03,1007.8,45.3,NORMAL,,False
2026-06-03 15:11:00,33.94,1007.85,45.3,NORMAL,,False
2026-06-03 15:12:00,33.91,1007.82,45.0,NORMAL,,False
2026-06-03 15:13:00,33.86,1007.86,44.9,NORMAL,,False
2026-06-03 15:14:00,33.97,1007.88,45.2,NORMAL,,False
2026-06-03 15:15:00,33.81,1007.86,45.2,NORMAL,,False
2026-06-03 15:16:00,33.9,1007.86,45.7,NORMAL,,False
2026-06-03 15:17:00,33.89,1007.89,45.4,NORMAL,,False
2026-06-03 15:18:00,33.81,1007.88,45.4,NORMAL,,False
2026-06-03 15:19:00,33.76,1007.89,45.5,NORMAL,,False
2026-06-03 15:20:00,33.82,1007.9,45.4,NORMAL,,False
2026-06-03 15:21:00,33.93,1007.87,45.4,NORMAL,,False
2026-06-03 15:22:00,33.85,1007.91,45.8,NORMAL,,False
2026-06-03 15:23:00,33.84,1007.9,45.3,NORMAL,,False
2026-06-03 15:24:00,33.86,1007.94,45.6,NORMAL,,False
2026-06-03 15:25:00,33.81,1007.93,45.8,NORMAL,,False
2026-06-03 15:26:00,33.86,1007.92,45.6,NORMAL,,False
2026-06-03 15:27:00,33.78,1007.97,45.4,NORMAL,,False
2026-06-03 15:28:00,33.82,1007.96,45.5,NORMAL,,False
2026-06-03 15:29:00,33.78,1007.99,45.7,NORMAL,,False
2026-06-03 15:30:00,33.82,1008.0,45.9,NORMAL,,False
2026-06-03 15:31:00,33.85,1007.98,45.5,NORMAL,,False
2026-06-03 15:32:00,33.8,1008.05,45.7,NORMAL,,False
2026-06-03 15:33:00,33.72,1008.07,45.9,NORMAL,,False
2026-06-03 15:34:00,33.73,1008.08,45.6,NORMAL,,False
2026-06-03 15:35:00,33.76,1008.02,45.6,NORMAL,,False
2026-06-03 15:36:00,33.78,1007.97,46.0,NORMAL,,False
2026-06-03 15:37:00,33.73,1008.11,45.7,NORMAL,,False
2026-06-03 15:38:00,33.74,1008.04,46.0,NORMAL,,False
2026-06-03 15:39:00,33.71,1008.1,45.4,NORMAL,,False
2026-06-03 15:40:00,33.78,1008.05,45.8,NORMAL,,False
2026-06-03 15:41:00,33.84,1008.09,45.8,NORMAL,,False
2026-06-03 15:42:00,33.76,1008.08,46.1,NORMAL,,False
2026-06-03 15:43:00,33.81,1008.12,45.7,NORMAL,,False
2026-06-03 15:44:00,33.66,1008.13,46.0,NORMAL,,False
2026-06-03 15:45:00,33.6,1008.16,46.1,NORMAL,,False
2026-06-03 15:46:00,33.65,1008.16,46.3,NORMAL,,False
2026-06-03 15:47:00,33.69,1008.12,45.9,NORMAL,,False
2026-06-03 15:48:00,33.67,1008.16,46.2,NORMAL,,False
2026-06-03 15:49:00,33.56,1008.13,46.3,NORMAL,,False
2026-06-03 15:50:00,33.71,1008.22,46.6,NORMAL,,False
2026-06-03 15:51:00,33.62,1008.13,46.3,NORMAL,,False
2026-06-03 15:52:00,33.61,1008.13,46.7,NORMAL,,False
2026-06-03 15:53:00,33.63,1008.22,46.3,NORMAL,,False
2026-06-03 15:54:00,33.58,1008.21,46.5,NORMAL,,False
2026-06-03 15:55:00,33.54,1008.23,46.2,NORMAL,,False
2026-06-03 15:56:00,33.51,1008.17,46.6,NORMAL,,False
2026-06-03 15:57:00,33.65,1008.28,46.2,NORMAL,,False
2026-06-03 15:58:00,33.65,1008.3,46.4,NORMAL,,False
2026-06-03 15:59:00,33.56,1008.3,46.6,NORMAL,,False
2026-06-03 16:00:00,33.53,1008.24,46.7,NORMAL,,False
2026-06-03 16:01:00,33.61,1008.31,46.4,NORMAL,,False
2026-06-03 16:02:00,33.53,1008.23,46.7,NORMAL,,False
2026-06-03 16:03:00,33.51,1008.31,46.7,NORMAL,,False
2026-06-03 16:04:00,33.48,1008.3,46.9,NORMAL,,False
2026-06-03 16:05:00,33.44,1008.31,46.8,NORMAL,,False
2026-06-03 16:06:00,33.44,1008.35,46.5,NORMAL,,False
2026-06-03 16:07:00,33.44,1008.37,46.7,NORMAL,,False
2026-06-03 16:08:00,33.44,1008.33,46.9,NORMAL,,False
2026-06-03 16:09:00,33.42,1008.4,46.5,NORMAL,,False
2026-06-03 16:10:00,33.46,1008.36,46.9,NORMAL,,False
2026-06-03 16:11:00,33.38,1008.34,46.9,NORMAL,,False
2026-06-03 16:12:00,33.43,1008.37,47.0,NORMAL,,False
2026-06-03 16:13:00,33.44,1008.4,47.1,NORMAL,,False
2026-06-03 16:14:00,33.32,1008.4,46.9,NORMAL,,False
2026-06-03 16:15:00,33.44,1008.41,47.1,NORMAL,,False
2026-06-03 16:16:00,33.37,1008.43,47.0,NORMAL,,False
2026-06-03 16:17:00,33.28,1008.48,47.0,NORMAL,,False
2026-06-03 16:18:00,33.39,1008.45,47.1,NORMAL,,False
2026-06-03 16:19:00,33.31,1008.45,47.0,NORMAL,,False
2026-06-03 16:20:00,33.28,1008.45,47.5,NORMAL,,False
2026-06-03 16:21:00,33.27,1008.46,47.3,NORMAL,,False
2026-06-03 16:22:00,33.34,1008.45,47.5,NORMAL,,False
2026-06-03 16:23:00,33.32,1008.49,47.6,NORMAL,,False
2026-06-03 16:24:00,33.32,1008.52,47.3,NORMAL,,False
2026-06-03 16:25:00,33.27,1008.51,47.7,NORMAL,,False
2026-06-03 16:26:00,33.27,1008.47,47.2,NORMAL,,False
2026-06-03 16:27:00,33.24,1008.48,47.3,NORMAL,,False
2026-06-03 16:28:00,33.1,1008.54,47.4,NORMAL,,False
2026-06-03 16:29:00,33.15,1008.48,47.8,NORMAL,,False
2026-06-03 16:30:00,33.29,1008.47,47.9,NORMAL,,False
2026-06-03 16:31:00,33.08,1008.5,47.7,NORMAL,,False
2026-06-03 16:32:00,33.13,1008.51,47.8,NORMAL,,False
2026-06-03 16:33:00,33.19,1008.53,47.8,NORMAL,,False
2026-06-03 16:34:00,33.21,1008.56,48.0,NORMAL,,False
2026-06-03 16:35:00,33.18,1008.54,47.8,NORMAL,,False
2026-06-03 16:36:00,33.11,1008.6,48.0,NORMAL,,False
2026-06-03 16:37:00,33.1,1008.6,48.0,NORMAL,,False
2026-06-03 16:38:00,33.1,1008.62,48.2,NORMAL,,False
2026-06-03 16:39:00,33.11,1008.6,48.0,NORMAL,,False
2026-06-03 16:40:00,32.99,1008.64,48.2,NORMAL,,False
2026-06-03 16:41:00,32.98,1008.69,47.9,NORMAL,,False
2026-06-03 16:42:00,33.05,1008.66,48.1,NORMAL,,False
2026-06-03 16:43:00,32.98,1008.67,48.3,NORMAL,,False
2026-06-03 16:44:00,32.93,1008.68,48.1,NORMAL,,False
2026-06-03 16:45:00,32.93,1008.67,48.5,NORMAL,,False
2026-06-03 16:46:00,32.96,1008.7,48.6,NORMAL,,False
2026-06-03 16:47:00,33.0,1008.71,48.3,NORMAL,,False
2026-06-03 16:48:00,32.98,1008.7,48.5,NORMAL,,False
2026-06-03 16:49:00,32.95,1008.7,48.7,NORMAL,,False
2026-06-03 16:50:00,32.94,1008.68,48.4,NORMAL,,False
2026-06-03 16:51:00,32.93,1008.7,48.7,NORMAL,,False
2026-06-03 16:52:00,32.84,1008.75,48.8,NORMAL,,False
2026-06-03 16:53:00,32.92,1008.74,48.8,NORMAL,,False
2026-06-03 16:54:00,32.9,1008.75,49.2,NORMAL,,False
2026-06-03 16:55:00,32.81,1008.75,48.9,NORMAL,,False
2026-06-03 16:56:00,32.76,1008.77,48.9,NORMAL,,False
2026-06-03 16:57:00,32.76,1008.86,49.2,NORMAL,,False
2026-06-03 16:58:00,32.81,1008.79,48.8,NORMAL,,False
2026-06-03 16:59:00,32.8,1008.8,49.1,NORMAL,,False
2026-06-03 17:00:00,32.78,1008.82,48.9,NORMAL,,False
2026-06-03 17:01:00,32.71,1008.8,49.5,NORMAL,,False
2026-06-03 17:02:00,32.64,1008.78,49.4,NORMAL,,False
2026-06-03 17:03:00,32.9,1008.85,49.5,NORMAL,,False
2026-06-03 17:04:00,32.65,1008.86,49.5,NORMAL,,False
2026-06-03 17:05:00,32.67,1008.83,49.3,NORMAL,,False
2026-06-03 17:06:00,32.69,1008.84,49.6,NORMAL,,False
2026-06-03 17:07:00,32.64,1008.9,49.7,NORMAL,,False
2026-06-03 17:08:00,32.63,1008.89,49.5,NORMAL,,False
2026-06-03 17:09:00,32.52,1008.85,49.5,NORMAL,,False
2026-06-03 17:10:00,32.57,1008.92,49.7,NORMAL,,False
2026-06-03 17:11:00,32.68,1008.88,50.1,NORMAL,,False
2026-06-03 17:12:00,32.57,1008.91,49.7,NORMAL,,False
2026-06-03 17:13:00,32.53,1008.94,50.0,NORMAL,,False
2026-06-03 17:14:00,32.5,1008.93,50.2,NORMAL,,False
2026-06-03 17:15:00,32.49,1008.97,49.8,NORMAL,,False
2026-06-03 17:16:00,32.44,1008.99,50.4,NORMAL,,False
2026-06-03 17:17:00,32.5,1008.93,50.1,NORMAL,,False
2026-06-03 17:18:00,32.41,1008.93,50.3,NORMAL,,False
2026-06-03 17:19:00,32.44,1008.96,50.6,NORMAL,,False
2026-06-03 17:20:00,32.55,1008.98,50.6,NORMAL,,False
2026-06-03 17:21:00,32.44,1008.96,50.7,NORMAL,,False
2026-06-03 17:22:00,32.36,1008.94,50.3,NORMAL,,False
2026-06-03 17:23:00,32.33,1009.01,50.3,NORMAL,,False
2026-06-03 17:24:00,32.37,1008.97,50.4,NORMAL,,False
2026-06-03 17:25:00,32.29,1008.96,50.3,NORMAL,,False
2026-06-03 17:26:00,32.23,1009.01,50.7,NORMAL,,False
2026-06-03 17:27:00,32.27,1009.02,50.7,NORMAL,,False
2026-06-03 17:28:00,32.31,1009.03,50.7,NORMAL,,False
2026-06-03 17:29:00,32.27,1009.06,50.5,NORMAL,,False
2026-06-03 17:30:00,32.27,1009.04,50.9,NORMAL,,False
2026-06-03 17:31:00,32.29,1009.1,50.7,NORMAL,,False
2026-06-03 17:32:00,32.18,1008.98,50.8,NORMAL,,False
2026-06-03 17:33:00,32.14,1009.03,51.1,NORMAL,,False
2026-06-03 17:34:00,32.1,1008.99,51.2,NORMAL,,False
2026-06-03 17:35:00,32.09,1009.07,51.6,NORMAL,,False
2026-06-03 17:36:00,32.12,1009.07,51.3,NORMAL,,False
2026-06-03 17:37:00,32.14,1009.08,51.3,NORMAL,,False
2026-06-03 17:38:00,32.1,1009.06,51.2,NORMAL,,False
2026-06-03 17:39:00,32.13,1009.09,51.2,NORMAL,,False
2026-06-03 17:40:00,31.99,1009.06,51.2,NORMAL,,False
2026-06-03 17:41:00,32.01,1009.14,51.6,NORMAL,,False
2026-06-03 17:42:00,31.99,1009.09,51.6,NORMAL,,False
2026-06-03 17:43:00,32.08,1009.09,51.8,NORMAL,,False
2026-06-03 17:44:00,32.01,1009.12,51.7,NORMAL,,False
2026-06-03 17:45:00,31.9,1009.1,51.5,NORMAL,,False
2026-06-03 17:46:00,31.91,1009.11,51.7,NORMAL,,False
2026-06-03 17:47:00,31.91,1009.16,51.8,NORMAL,,False
2026-06-03 17:48:00,31.92,1009.14,52.0,NORMAL,,False
2026-06-03 17:49:00,31.93,1009.16,52.3,NORMAL,,False
2026-06-03 17:50:00,31.83,1009.13,52.5,NORMAL,,False
2026-06-03 17:51:00,31.89,1009.15,52.3,NORMAL,,False
2026-06-03 17:52:00,31.86,1009.1,52.1,NORMAL,,False
2026-06-03 17:53:00,31.87,1009.16,52.5,NORMAL,,False
2026-06-03 17:54:00,31.79,1009.21,52.3,NORMAL,,False
2026-06-03 17:55:00,31.76,1009.2,52.3,NORMAL,,False
2026-06-03 17:56:00,31.79,1009.12,52.9,NORMAL,,False
2026-06-03 17:57:00,31.7,1009.19,52.5,NORMAL,,False
2026-06-03 17:58:00,31.75,1009.17,52.6,NORMAL,,False
2026-06-03 17:59:00,31.69,1009.22,52.9,NORMAL,,False
2026-06-03 18:00:00,31.58,1009.19,52.6,NORMAL,,False
2026-06-03 18:01:00,31.6,1009.18,53.2,NORMAL,,False
2026-06-03 18:02:00,31.64,1009.27,52.8,NORMAL,,False
2026-06-03 18:03:00,31.56,1009.27,52.9,NORMAL,,False
2026-06-03 18:04:00,31.67,1009.19,53.0,NORMAL,,False
2026-06-03 18:05:00,31.55,1009.21,53.2,NORMAL,,False
2026-06-03 18:06:00,31.53,1009.19,53.5,NORMAL,,False
2026-06-03 18:07:00,31.61,1009.17,52.9,NORMAL,,False
2026-06-03 18:08:00,31.53,1009.26,53.5,NORMAL,,False
2026-06-03 18:09:00,31.54,1009.17,53.5,NORMAL,,False
2026-06-03 18:10:00,31.48,1009.24,53.5,NORMAL,,False
2026-06-03 18:11:00,31.35,1009.25,53.5,NORMAL,,False
2026-06-03 18:12:00,31.41,1009.26,53.6,NORMAL,,False
2026-06-03 18:13:00,31.37,1009.23,53.8,NORMAL,,False
2026-06-03 18:14:00,31.35,1009.26,53.3,NORMAL,,False
2026-06-03 18:15:00,31.38,1009.2,53.7,NORMAL,,False
2026-06-03 18:16:00,31.34,1009.25,54.0,NORMAL,,False
2026-06-03 18:17:00,31.31,1009.23,53.9,NORMAL,,False
2026-06-03 18:18:00,31.25,1009.29,54.0,NORMAL,,False
2026-06-03 18:19:00,31.3,1009.26,54.1,NORMAL,,False
2026-06-03 18:20:00,31.33,1009.25,54.2,NORMAL,,False
2026-06-03 18:21:00,31.24,1009.26,54.5,NORMAL,,False
2026-06-03 18:22:00,31.2,1009.23,54.3,NORMAL,,False
2026-06-03 18:23:00,31.17,1009.24,54.7,NORMAL,,False
2026-06-03 18:24:00,31.16,1009.28,54.2,NORMAL,,False
2026-06-03 18:25:00,31.14,1009.28,54.9,NORMAL,,False
2026-06-03 18:26:00,31.05,1009.31,54.6,NORMAL,,False
2026-06-03 18:27:00,31.01,1009.22,55.0,NORMAL,,False
2026-06-03 18:28:00,30.98,1009.3,55.0,NORMAL,,False
2026-06-03 18:29:00,30.99,1009.26,54.9,NORMAL,,False
2026-06-03 18:30:00,31.0,1009.24,55.2,NORMAL,,False
2026-06-03 18:31:00,31.02,1009.29,55.2,NORMAL,,False
2026-06-03 18:32:00,31.03,1009.29,55.4,NORMAL,,False
2026-06-03 18:33:00,30.99,1009.27,55.0,NORMAL,,False
2026-06-03 18:34:00,30.98,1009.28,55.5,NORMAL,,False
2026-06-03 18:35:00,30.82,1009.27,55.5,NORMAL,,False
2026-06-03 18:36:00,30.75,1009.27,55.4,NORMAL,,False
2026-06-03 18:37:00,30.89,1009.27,55.2,NORMAL,,False
2026-06-03 18:38:00,30.88,1009.34,55.5,NORMAL,,False
2026-06-03 18:39:00,30.85,1009.34,55.5,NORMAL,,False
2026-06-03 18:40:00,30.81,1009.26,55.6,NORMAL,,False
2026-06-03 18:41:00,30.8,1009.35,55.6,NORMAL,,False
2026-06-03 18:42:00,30.76,1009.23,55.7,NORMAL,,False
2026-06-03 18:43:00,30.68,1009.27,56.1,NORMAL,,False
2026-06-03 18:44:00,30.69,1009.34,55.8,NORMAL,,False
2026-06-03 18:45:00,30.66,1009.32,56.6,NORMAL,,False
2026-06-03 18:46:00,30.72,1009.32,56.5,NORMAL,,False
2026-06-03 18:47:00,30.53,1009.29,56.4,NORMAL,,False
2026-06-03 18:48:00,30.6,1009.33,56.2,NORMAL,,False
2026-06-03 18:49:00,30.55,1009.31,56.4,NORMAL,,False
2026-06-03 18:50:00,30.39,1009.3,56.7,NORMAL,,False
2026-06-03 18:51:00,30.6,1009.36,56.7,NORMAL,,False
2026-06-03 18:52:00,30.45,1009.29,56.7,NORMAL,,False
2026-06-03 18:53:00,30.49,1009.26,56.9,NORMAL,,False
2026-06-03 18:54:00,30.47,1009.27,56.7,NORMAL,,False
2026-06-03 18:55:00,30.36,1009.29,57.0,NORMAL,,False
2026-06-03 18:56:00,30.4,1009.3,56.9,NORMAL,,False
2026-06-03 18:57:00,30.3,1009.34,57.0,NORMAL,,False
2026-06-03 18:58:00,30.36,1009.3,57.4,NORMAL,,False
2026-06-03 18:59:00,30.4,1009.35,57.1,NORMAL,,False
2026-06-03 19:00:00,30.36,1009.33,57.1,NORMAL,,False
2026-06-03 19:01:00,30.26,1009.33,57.6,NORMAL,,False
2026-06-03 19:02:00,30.31,1009.26,57.3,NORMAL,,False
2026-06-03 19:03:00,30.19,1009.3,57.4,NORMAL,,False
2026-06-03 19:04:00,30.19,1009.34,57.5,NORMAL,,False
2026-06-03 19:05:00,30.21,1009.28,57.9,NORMAL,,False
2026-06-03 19:06:00,30.14,1009.27,58.1,NORMAL,,False
2026-06-03 19:07:00,30.12,1009.29,58.0,NORMAL,,False
2026-06-03 19:08:00,30.19,1009.32,57.9,NORMAL,,False
2026-06-03 19:09:00,30.05,1009.29,58.0,NORMAL,,False
2026-06-03 19:10:00,30.11,1009.33,58.2,NORMAL,,False
2026-06-03 19:11:00,30.04,1009.27,58.2,NORMAL,,False
2026-06-03 19:12:00,29.91,1009.31,58.3,NORMAL,,False
2026-06-03 19:13:00,29.97,1009.33,58.4,NORMAL,,False
2026-06-03 19:14:00,29.96,1009.29,58.5,NORMAL,,False
2026-06-03 19:15:00,29.94,1009.25,58.3,NORMAL,,False
2026-06-03 19:16:00,29.85,1009.26,58.8,NORMAL,,False
2026-06-03 19:17:00,29.86,1009.25,58.9,NORMAL,,False
2026-06-03 19:18:00,29.78,1009.33,58.5,NORMAL,,False
2026-06-03 19:19:00,29.82,1009.19,58.8,NORMAL,,False
2026-06-03 19:20:00,29.82,1009.23,58.8,NORMAL,,False
2026-06-03 19:21:00,29.86,1009.26,59.2,NORMAL,,False
2026-06-03 19:22:00,29.68,1009.31,59.5,NORMAL,,False
2026-06-03 19:23:00,29.8,1009.26,59.4,NORMAL,,False
2026-06-03 19:24:00,29.68,1009.32,59.3,NORMAL,,False
2026-06-03 19:25:00,29.67,1009.26,59.2,NORMAL,,False
2026-06-03 19:26:00,29.62,1009.22,59.8,NORMAL,,False
2026-06-03 19:27:00,29.58,1009.21,59.5,NORMAL,,False
2026-06-03 19:28:00,29.47,1009.21,59.5,NORMAL,,False
2026-06-03 19:29:00,29.59,1009.26,60.0,NORMAL,,False
2026-06-03 19:30:00,29.5,1009.26,59.8,NORMAL,,False
2026-06-03 19:31:00,29.52,1009.23,59.7,NORMAL,,False
2026-06-03 19:32:00,29.55,1009.25,60.1,NORMAL,,False
2026-06-03 19:33:00,29.46,1009.22,60.0,NORMAL,,False
2026-06-03 19:34:00,29.44,1009.28,59.9,NORMAL,,False
2026-06-03 19:35:00,29.4,1009.19,60.2,NORMAL,,False
2026-06-03 19:36:00,29.37,1009.24,59.9,NORMAL,,False
2026-06-03 19:37:00,29.37,1009.23,60.2,NORMAL,,False
2026-06-03 19:38:00,29.33,1009.16,60.3,NORMAL,,False
2026-06-03 19:39:00,29.28,1009.21,60.7,NORMAL,,False
2026-06-03 19:40:00,29.23,1009.21,60.6,NORMAL,,False
2026-06-03 19:41:00,29.28,1009.17,60.5,NORMAL,,False
2026-06-03 19:42:00,29.23,1009.24,60.9,NORMAL,,False
2026-06-03 19:43:00,29.21,1009.19,60.6,NORMAL,,False
2026-06-03 19:44:00,29.19,1009.15,60.9,NORMAL,,False
2026-06-03 19:45:00,29.12,1009.2,61.2,NORMAL,,False
2026-06-03 19:46:00,29.11,1009.19,61.0,NORMAL,,False
2026-06-03 19:47:00,29.13,1009.16,61.5,NORMAL,,False
2026-06-03 19:48:00,29.14,1009.13,61.3,NORMAL,,False
2026-06-03 19:49:00,29.11,1009.19,61.6,NORMAL,,False
2026-06-03 19:50:00,29.08,1009.15,61.6,NORMAL,,False
2026-06-03 19:51:00,28.92,1009.16,61.5,NORMAL,,False
2026-06-03 19:52:00,28.96,1009.19,61.8,NORMAL,,False
2026-06-03 19:53:00,28.96,1009.19,61.6,NORMAL,,False
2026-06-03 19:54:00,28.93,1009.07,61.9,NORMAL,,False
2026-06-03 19:55:00,28.83,1009.15,62.1,NORMAL,,False
2026-06-03 19:56:00,28.95,1009.13,62.5,NORMAL,,False
2026-06-03 19:57:00,28.86,1009.13,62.1,NORMAL,,False
2026-06-03 19:58:00,28.89,1009.17,62.1,NORMAL,,False
2026-06-03 19:59:00,28.71,1009.15,62.4,NORMAL,,False
2026-06-03 20:00:00,28.8,1009.07,62.5,NORMAL,,False
2026-06-03 20:01:00,28.84,1009.08,62.7,NORMAL,,False
2026-06-03 20:02:00,28.64,1009.08,62.4,NORMAL,,False
2026-06-03 20:03:00,28.61,1009.1,62.7,NORMAL,,False
2026-06-03 20:04:00,28.68,1009.12,62.7,NORMAL,,False
2026-06-03 20:05:00,28.67,1009.06,63.3,NORMAL,,False
2026-06-03 20:06:00,28.64,1009.06,62.7,NORMAL,,False
2026-06-03 20:07:00,28.65,1009.1,63.1,NORMAL,,False
2026-06-03 20:08:00,28.62,1008.98,62.9,NORMAL,,False
2026-06-03 20:09:00,28.44,1009.02,63.6,NORMAL,,False
2026-06-03 20:10:00,28.58,1009.02,63.1,NORMAL,,False
2026-06-03 20:11:00,28.53,1009.06,63.5,NORMAL,,False
2026-06-03 20:12:00,28.45,1009.04,63.6,NORMAL,,False
2026-06-03 20:13:00,28.54,1009.05,63.6,NORMAL,,False
2026-06-03 20:14:00,28.35,1009.07,64.0,NORMAL,,False
2026-06-03 20:15:00,28.35,1008.99,64.0,NORMAL,,False
2026-06-03 20:16:00,28.38,1008.96,63.7,NORMAL,,False
2026-06-03 20:17:00,28.33,1009.03,63.8,NORMAL,,False
2026-06-03 20:18:00,28.26,1008.96,63.8,NORMAL,,False
2026-06-03 20:19:00,28.33,1009.01,64.1,NORMAL,,False
2026-06-03 20:20:00,28.23,1009.01,64.2,NORMAL,,False
2026-06-03 20:21:00,28.22,1008.97,64.1,NORMAL,,False
2026-06-03 20:22:00,28.23,1008.92,64.3,NORMAL,,False
2026-06-03 20:23:00,28.16,1009.04,64.2,NORMAL,,False
2026-06-03 20:24:00,28.17,1008.94,64.1,NORMAL,,False
2026-06-03 20:25:00,28.07,1008.96,65.0,NORMAL,,False
2026-06-03 20:26:00,28.08,1008.96,64.9,NORMAL,,False
2026-06-03 20:27:00,28.04,1008.89,64.5,NORMAL,,False
2026-06-03 20:28:00,28.04,1008.91,64.8,NORMAL,,False
2026-06-03 20:29:00,28.06,1008.91,65.0,NORMAL,,False
2026-06-03 20:30:00,28.05,1008.9,64.6,NORMAL,,False
2026-06-03 20:31:00,27.91,1008.92,65.2,NORMAL,,False
2026-06-03 20:32:00,27.91,1008.94,64.8,NORMAL,,False
2026-06-03 20:33:00,27.99,1008.85,65.5,NORMAL,,False
2026-06-03 20:34:00,27.93,1008.88,65.4,NORMAL,,False
2026-06-03 20:35:00,27.94,1008.87,65.9,NORMAL,,False
2026-06-03 20:36:00,27.86,1008.85,65.8,NORMAL,,False
2026-06-03 20:37:00,27.81,1008.9,65.6,NORMAL,,False
2026-06-03 20:38:00,27.86,1008.89,65.2,NORMAL,,False
2026-06-03 20:39:00,27.76,1008.87,65.5,NORMAL,,False
2026-06-03 20:40:00,27.76,1008.82,65.9,NORMAL,,False
2026-06-03 20:41:00,27.79,1008.79,66.1,NORMAL,,False
2026-06-03 20:42:00,27.6,1008.79,65.9,NORMAL,,False
2026-06-03 20:43:00,27.64,1008.76,66.4,NORMAL,,False
2026-06-03 20:44:00,27.62,1008.76,66.5,NORMAL,,False
2026-06-03 20:45:00,27.63,1008.84,66.2,NORMAL,,False
2026-06-03 20:46:00,27.61,1008.73,66.2,NORMAL,,False
2026-06-03 20:47:00,27.51,1008.79,66.2,NORMAL,,False
2026-06-03 20:48:00,27.46,1008.76,66.7,NORMAL,,False
2026-06-03 20:49:00,27.57,1008.78,67.0,NORMAL,,False
2026-06-03 20:50:00,27.45,1008.7,66.8,NORMAL,,False
2026-06-03 20:51:00,27.56,1008.77,66.8,NORMAL,,False
2026-06-03 20:52:00,27.47,1008.69,66.8,NORMAL,,False
2026-06-03 20:53:00,27.39,1008.7,66.9,NORMAL,,False
2026-06-03 20:54:00,27.44,1008.75,67.3,NORMAL,,False
2026-06-03 20:55:00,27.27,1008.67,67.0,NORMAL,,False
2026-06-03 20:56:00,27.44,1008.66,67.7,NORMAL,,False
2026-06-03 20:57:00,27.3,1008.72,67.4,NORMAL,,False
2026-06-03 20:58:00,27.3,1008.67,67.7,NORMAL,,False
2026-06-03 20:59:00,27.21,1008.63,67.4,NORMAL,,False
2026-06-03 21:00:00,27.26,1008.71,67.8,NORMAL,,False
2026-06-03 21:01:00,27.22,1008.61,67.7,NORMAL,,False
2026-06-03 21:02:00,27.18,1008.55,68.0,NORMAL,,False
2026-06-03 21:03:00,27.09,1008.67,67.6,NORMAL,,False
2026-06-03 21:04:00,27.15,1008.61,67.9,NORMAL,,False
2026-06-03 21:05:00,27.16,1008.6,68.0,NORMAL,,False
2026-06-03 21:06:00,27.06,1008.59,68.2,NORMAL,,False
2026-06-03 21:07:00,27.07,1008.54,68.1,NORMAL,,False
2026-06-03 21:08:00,27.02,1008.56,68.2,NORMAL,,False
2026-06-03 21:09:00,27.05,1008.55,68.3,NORMAL,,False
2026-06-03 21:10:00,26.97,1008.53,68.5,NORMAL,,False
2026-06-03 21:11:00,26.89,1008.52,68.3,NORMAL,,False
2026-06-03 21:12:00,26.96,1008.51,69.1,NORMAL,,False
2026-06-03 21:13:00,26.9,1008.52,68.8,NORMAL,,False
2026-06-03 21:14:00,26.81,1008.52,69.0,NORMAL,,False
2026-06-03 21:15:00,26.75,1008.51,69.0,NORMAL,,False
2026-06-03 21:16:00,26.76,1008.52,68.8,NORMAL,,False
2026-06-03 21:17:00,26.81,1008.43,69.5,NORMAL,,False
2026-06-03 21:18:00,26.73,1008.44,69.0,NORMAL,,False
2026-06-03 21:19:00,26.69,1008.41,69.2,NORMAL,,False
2026-06-03 21:20:00,26.67,1008.47,69.2,NORMAL,,False
2026-06-03 21:21:00,26.67,1008.42,69.5,NORMAL,,False
2026-06-03 21:22:00,26.6,1008.45,69.5,NORMAL,,False
2026-06-03 21:23:00,26.68,1008.48,69.8,NORMAL,,False
2026-06-03 21:24:00,26.7,1008.4,69.7,NORMAL,,False
2026-06-03 21:25:00,26.58,1008.37,69.8,NORMAL,,False
2026-06-03 21:26:00,26.47,1008.36,69.9,NORMAL,,False
2026-06-03 21:27:00,26.51,1008.4,69.6,NORMAL,,False
2026-06-03 21:28:00,26.43,1008.33,70.4,NORMAL,,False
2026-06-03 21:29:00,26.5,1008.32,70.1,NORMAL,,False
2026-06-03 21:30:00,26.41,1008.32,70.3,NORMAL,,False
2026-06-03 21:31:00,26.47,1008.31,70.2,NORMAL,,False
2026-06-03 21:32:00,26.4,1008.34,70.5,NORMAL,,False
2026-06-03 21:33:00,26.47,1008.27,70.3,NORMAL,,False
2026-06-03 21:34:00,26.4,1008.3,70.4,NORMAL,,False
2026-06-03 21:35:00,26.27,1008.27,70.5,NORMAL,,False
2026-06-03 21:36:00,26.31,1008.26,70.8,NORMAL,,False
2026-06-03 21:37:00,26.24,1008.22,70.9,NORMAL,,False
2026-06-03 21:38:00,26.23,1008.26,70.8,NORMAL,,False
2026-06-03 21:39:00,26.28,1008.27,71.0,NORMAL,,False
2026-06-03 21:40:00,26.16,1008.19,71.0,NORMAL,,False
2026-06-03 21:41:00,26.2,1008.25,70.9,NORMAL,,False
2026-06-03 21:42:00,26.13,1008.19,71.5,NORMAL,,False
2026-06-03 21:43:00,26.11,1008.23,71.0,NORMAL,,False
2026-06-03 21:44:00,26.11,1008.13,71.5,NORMAL,,False
2026-06-03 21:45:00,26.09,1008.23,71.7,NORMAL,,False
2026-06-03 21:46:00,26.0,1008.13,71.9,NORMAL,,False
2026-06-03 21:47:00,25.97,1008.13,71.8,NORMAL,,False
2026-06-03 21:48:00,26.0,1008.21,71.6,NORMAL,,False
2026-06-03 21:49:00,25.98,1008.15,72.1,NORMAL,,False
2026-06-03 21:50:00,25.91,1008.13,72.2,NORMAL,,False
2026-06-03 21:51:00,25.95,1008.17,72.0,NORMAL,,False
2026-06-03 21:52:00,25.83,1008.05,72.3,NORMAL,,False
2026-06-03 21:53:00,25.83,1008.1,71.8,NORMAL,,False
2026-06-03 21:54:00,25.84,1008.02,72.3,NORMAL,,False
2026-06-03 21:55:00,25.78,1008.1,72.4,NORMAL,,False
2026-06-03 21:56:00,25.73,1008.08,72.3,NORMAL,,False
2026-06-03 21:57:00,25.83,1008.07,71.8,NORMAL,,False
2026-06-03 21:58:00,25.71,1008.08,72.1,NORMAL,,False
2026-06-03 21:59:00,25.72,1008.05,72.7,NORMAL,,False
2026-06-03 22:00:00,25.7,1008.0,72.5,NORMAL,,False
2026-06-03 22:01:00,25.71,1008.01,72.8,NORMAL,,False
2026-06-03 22:02:00,25.62,1008.03,72.5,NORMAL,,False
2026-06-03 22:03:00,25.6,1008.04,73.1,NORMAL,,False
2026-06-03 22:04:00,25.73,1007.92,72.9,NORMAL,,False
2026-06-03 22:05:00,25.54,1007.96,73.5,NORMAL,,False
2026-06-03 22:06:00,25.58,1007.94,73.2,NORMAL,,False
2026-06-03 22:07:00,25.58,1008.02,73.6,NORMAL,,False
2026-06-03 22:08:00,25.53,1007.96,73.0,NORMAL,,False
2026-06-03 22:09:00,25.48,1007.85,73.3,NORMAL,,False
2026-06-03 22:10:00,25.52,1007.91,73.6,NORMAL,,False
2026-06-03 22:11:00,25.43,1007.88,73.7,NORMAL,,False
2026-06-03 22:12:00,25.46,1007.9,74.0,NORMAL,,False
2026-06-03 22:13:00,25.43,1007.87,73.2,NORMAL,,False
2026-06-03 22:14:00,25.26,1007.89,73.8,NORMAL,,False
2026-06-03 22:15:00,25.36,1007.89,73.8,NORMAL,,False
2026-06-03 22:16:00,25.31,1007.85,73.9,NORMAL,,False
2026-06-03 22:17:00,25.21,1007.84,73.9,NORMAL,,False
2026-06-03 22:18:00,25.25,1007.87,74.0,NORMAL,,False
2026-06-03 22:19:00,25.24,1007.81,74.2,NORMAL,,False
2026-06-03 22:20:00,25.15,1007.8,74.5,NORMAL,,False
2026-06-03 22:21:00,25.22,1007.75,74.2,NORMAL,,False
2026-06-03 22:22:00,25.14,1007.81,74.7,NORMAL,,False
2026-06-03 22:23:00,25.09,1007.79,74.3,NORMAL,,False
2026-06-03 22:24:00,25.21,1007.73,74.4,NORMAL,,False
2026-06-03 22:25:00,25.1,1007.82,74.6,NORMAL,,False
2026-06-03 22:26:00,25.11,1007.73,74.7,NORMAL,,False
2026-06-03 22:27:00,25.03,1007.73,74.7,NORMAL,,False
2026-06-03 22:28:00,25.08,1007.73,74.5,NORMAL,,False
2026-06-03 22:29:00,25.03,1007.72,74.8,NORMAL,,False
2026-06-03 22:30:00,25.03,1007.7,74.7,NORMAL,,False
2026-06-03 22:31:00,24.97,1007.69,75.4,NORMAL,,False
2026-06-03 22:32:00,25.0,1007.7,74.9,NORMAL,,False
2026-06-03 22:33:00,24.99,1007.64,75.4,NORMAL,,False
2026-06-03 22:34:00,24.97,1007.67,75.0,NORMAL,,False
2026-06-03 22:35:00,24.9,1007.63,75.3,NORMAL,,False
2026-06-03 22:36:00,24.86,1007.7,75.4,NORMAL,,False
2026-06-03 22:37:00,24.91,1007.63,75.9,NORMAL,,False
2026-06-03 22:38:00,24.82,1007.64,75.7,NORMAL,,False
2026-06-03 22:39:00,24.82,1007.6,75.4,NORMAL,,False
2026-06-03 22:40:00,24.82,1007.58,76.3,NORMAL,,False
2026-06-03 22:41:00,24.73,1007.63,75.7,NORMAL,,False
2026-06-03 22:42:00,24.74,1007.58,75.8,NORMAL,,False
2026-06-03 22:43:00,24.72,1007.59,76.0,NORMAL,,False
2026-06-03 22:44:00,24.73,1007.6,76.2,NORMAL,,False
2026-06-03 22:45:00,24.65,1007.54,76.1,NORMAL,,False
2026-06-03 22:46:00,24.66,1007.56,76.3,NORMAL,,False
2026-06-03 22:47:00,24.62,1007.5,76.1,NORMAL,,False
2026-06-03 22:48:00,24.55,1007.51,76.2,NORMAL,,False
2026-06-03 22:49:00,24.63,1007.46,76.5,NORMAL,,False
2026-06-03 22:50:00,24.49,1007.52,76.4,NORMAL,,False
2026-06-03 22:51:00,24.53,1007.48,76.5,NORMAL,,False
2026-06-03 22:52:00,24.56,1007.47,76.7,NORMAL,,False
2026-06-03 22:53:00,24.43,1007.46,76.7,NORMAL,,False
2026-06-03 22:54:00,24.48,1007.51,76.4,NORMAL,,False
2026-06-03 22:55:00,24.46,1007.47,77.1,NORMAL,,False
2026-06-03 22:56:00,24.47,1007.42,76.8,NORMAL,,False
2026-06-03 22:57:00,24.34,1007.44,77.1,NORMAL,,False
2026-06-03 22:58:00,24.42,1007.42,76.9,NORMAL,,False
2026-06-03 22:59:00,24.31,1007.41,76.8,NORMAL,,False
2026-06-03 23:00:00,24.27,1007.42,77.9,NORMAL,,False
2026-06-03 23:01:00,24.39,1007.4,77.4,NORMAL,,False
2026-06-03 23:02:00,24.25,1007.44,77.4,NORMAL,,False
2026-06-03 23:03:00,24.24,1007.37,77.6,NORMAL,,False
2026-06-03 23:04:00,24.31,1007.4,77.3,NORMAL,,False
2026-06-03 23:05:00,24.31,1007.36,77.5,NORMAL,,False
2026-06-03 23:06:00,24.25,1007.39,77.7,NORMAL,,False
2026-06-03 23:07:00,24.2,1007.34,77.6,NORMAL,,False
2026-06-03 23:08:00,24.2,1007.35,77.4,NORMAL,,False
2026-06-03 23:09:00,24.22,1007.34,77.8,NORMAL,,False
2026-06-03 23:10:00,24.12,1007.31,77.9,NORMAL,,False
2026-06-03 23:11:00,24.13,1007.32,77.8,NORMAL,,False
2026-06-03 23:12:00,24.16,1007.3,77.9,NORMAL,,False
2026-06-03 23:13:00,24.14,1007.26,78.0,NORMAL,,False
2026-06-03 23:14:00,24.09,1007.29,78.1,NORMAL,,False
2026-06-03 23:15:00,24.04,1007.27,78.3,NORMAL,,False
2026-06-03 23:16:00,24.0,1007.26,78.5,NORMAL,,False
2026-06-03 23:17:00,24.04,1007.24,78.7,NORMAL,,False
2026-06-03 23:18:00,23.98,1007.24,78.4,NORMAL,,False
2026-06-03 23:19:00,23.99,1007.21,78.2,NORMAL,,False
2026-06-03 23:20:00,23.92,1007.25,78.6,NORMAL,,False
2026-06-03 23:21:00,23.96,1007.17,78.5,NORMAL,,False
2026-06-03 23:22:00,23.94,1007.23,78.5,NORMAL,,False
2026-06-03 23:23:00,23.89,1007.22,78.5,NORMAL,,False
2026-06-03 23:24:00,23.88,1007.2,78.9,NORMAL,,False
2026-06-03 23:25:00,23.95,1007.25,78.7,NORMAL,,False
2026-06-03 23:26:00,23.92,1007.15,78.8,NORMAL,,False
2026-06-03 23:27:00,23.79,1007.19,78.9,NORMAL,,False
2026-06-03 23:28:00,23.83,1007.11,79.1,NORMAL,,False
2026-06-03 23:29:00,23.68,1007.2,79.1,NORMAL,,False
2026-06-03 23:30:00,23.76,1007.12,79.5,NORMAL,,False
2026-06-03 23:31:00,23.74,1007.15,79.4,NORMAL,,False
2026-06-03 23:32:00,23.79,1007.13,79.5,NORMAL,,False
2026-06-03 23:33:00,23.69,1007.13,79.1,NORMAL,,False
2026-06-03 23:34:00,23.78,1007.12,79.1,NORMAL,,False
2026-06-03 23:35:00,23.72,1007.06,79.5,NORMAL,,False
2026-06-03 23:36:00,23.64,1007.11,79.6,NORMAL,,False
2026-06-03 23:37:00,23.62,1007.14,79.6,NORMAL,,False
2026-06-03 23:38:00,23.57,1007.08,80.0,NORMAL,,False
2026-06-03 23:39:00,23.6,1007.11,79.7,NORMAL,,False
2026-06-03 23:40:00,23.64,1007.03,79.7,NORMAL,,False
2026-06-03 23:41:00,23.54,1007.01,79.5,NORMAL,,False
2026-06-03 23:42:00,23.52,1007.06,79.8,NORMAL,,False
2026-06-03 23:43:00,23.44,1007.11,80.0,NORMAL,,False
2026-06-03 23:44:00,23.49,1007.01,80.3,NORMAL,,False
2026-06-03 23:45:00,23.53,1007.05,80.2,NORMAL,,False
2026-06-03 23:46:00,23.48,1007.01,80.1,NORMAL,,False
2026-06-03 23:47:00,23.39,1007.05,80.3,NORMAL,,False
2026-06-03 23:48:00,23.46,1007.0,80.1,NORMAL,,False
2026-06-03 23:49:00,23.38,1007.0,80.0,NORMAL,,False
2026-06-03 23:50:00,23.43,1007.01,80.4,NORMAL,,False
2026-06-03 23:51:00,23.46,1007.02,80.3,NORMAL,,False
2026-06-03 23:52:00,23.46,1007.05,80.8,NORMAL,,False
2026-06-03 23:53:00,23.42,1006.99,80.3,NORMAL,,False
2026-06-03 23:54:00,23.31,1006.95,80.8,NORMAL,,False
2026-06-03 23:55:00,23.3,1006.96,80.5,NORMAL,,False
2026-06-03 23:56:00,23.26,1007.01,81.0,NORMAL,,False
2026-06-03 23:57:00,23.3,1006.96,80.5,NORMAL,,False
2026-06-03 23:58:00,23.28,1006.97,80.7,NORMAL,,False
2026-06-03 23:59:00,23.23,1006.97,80.9,NORMAL,,False
2026-06-04 00:00:00,23.28,1006.98,81.1,NORMAL,,False
2026-06-04 00:01:00,23.21,1006.88,80.9,NORMAL,,False
2026-06-04 00:02:00,23.18,1006.95,81.1,NORMAL,,False
2026-06-04 00:03:00,23.13,1006.94,80.8,NORMAL,,False
2026-06-04 00:04:00,23.15,1006.97,80.9,NORMAL,,False
2026-06-04 00:05:00,23.24,1006.91,81.2,NORMAL,,False
2026-06-04 00:06:00,23.23,1006.93,81.5,NORMAL,,False
2026-06-04 00:07:00,23.17,1006.9,81.1,NORMAL,,False
2026-06-04 00:08:00,23.21,1006.92,81.4,NORMAL,,False
2026-06-04 00:09:00,23.11,1006.94,81.4,NORMAL,,False
2026-06-04 00:10:00,23.14,1006.89,81.7,NORMAL,,False
2026-06-04 00:11:00,23.07,1006.86,81.4,NORMAL,,False
2026-06-04 00:12:00,23.14,1006.86,81.5,NORMAL,,False
2026-06-04 00:13:00,23.04,1006.86,81.4,NORMAL,,False
2026-06-04 00:14:00,23.09,1006.91,81.6,NORMAL,,False
2026-06-04 00:15:00,23.08,1006.89,81.9,NORMAL,,False
2026-06-04 00:16:00,22.95,1006.9,81.6,NORMAL,,False
2026-06-04 00:17:00,22.96,1006.92,81.8,NORMAL,,False
2026-06-04 00:18:00,23.04,1006.87,81.6,NORMAL,,False
2026-06-04 00:19:00,23.02,1006.88,81.7,NORMAL,,False
2026-06-04 00:20:00,22.96,1006.86,82.1,NORMAL,,False
2026-06-04 00:21:00,22.96,1006.88,81.9,NORMAL,,False
2026-06-04 00:22:00,22.91,1006.83,82.0,NORMAL,,False
2026-06-04 00:23:00,22.85,1006.86,81.8,NORMAL,,False
2026-06-04 00:24:00,22.89,1006.88,82.1,NORMAL,,False
2026-06-04 00:25:00,22.79,1006.84,82.2,NORMAL,,False
2026-06-04 00:26:00,22.78,1006.88,82.0,NORMAL,,False
2026-06-04 00:27:00,22.78,1006.81,82.5,NORMAL,,False
2026-06-04 00:28:00,22.82,1006.82,82.3,NORMAL,,False
2026-06-04 00:29:00,22.77,1006.83,82.4,NORMAL,,False
2026-06-04 00:30:00,22.76,1006.85,82.3,NORMAL,,False
2026-06-04 00:31:00,22.82,1006.87,82.2,NORMAL,,False
2026-06-04 00:32:00,22.76,1006.81,82.1,NORMAL,,False
2026-06-04 00:33:00,22.78,1006.77,82.5,NORMAL,,False
2026-06-04 00:34:00,22.69,1006.84,82.5,NORMAL,,False
2026-06-04 00:35:00,22.67,1006.83,82.6,NORMAL,,False
2026-06-04 00:36:00,22.73,1006.84,82.6,NORMAL,,False
2026-06-04 00:37:00,22.72,1006.83,82.8,NORMAL,,False
2026-06-04 00:38:00,22.76,1006.81,82.7,NORMAL,,False
2026-06-04 00:39:00,22.56,1006.84,82.9,NORMAL,,False
2026-06-04 00:40:00,22.6,1006.82,82.3,NORMAL,,False
2026-06-04 00:41:00,22.62,1006.86,82.7,NORMAL,,False
2026-06-04 00:42:00,22.65,1006.83,82.9,NORMAL,,False
2026-06-04 00:43:00,22.66,1006.83,82.4,NORMAL,,False
2026-06-04 00:44:00,22.74,1006.85,82.9,NORMAL,,False
2026-06-04 00:45:00,22.67,1006.8,83.3,NORMAL,,False
2026-06-04 00:46:00,22.69,1006.82,82.7,NORMAL,,False
2026-06-04 00:47:00,22.62,1006.78,83.0,NORMAL,,False
2026-06-04 00:48:00,22.64,1006.81,82.9,NORMAL,,False
2026-06-04 00:49:00,22.58,1006.8,83.0,NORMAL,,False
2026-06-04 00:50:00,22.55,1006.78,83.0,NORMAL,,False
2026-06-04 00:51:00,22.58,1006.81,83.4,NORMAL,,False
2026-06-04 00:52:00,22.51,1006.87,83.2,NORMAL,,False
2026-06-04 00:53:00,22.54,1006.74,83.0,NORMAL,,False
2026-06-04 00:54:00,22.57,1006.8,83.1,NORMAL,,False
2026-06-04 00:55:00,22.48,1006.85,83.3,NORMAL,,False
2026-06-04 00:56:00,22.53,1006.78,83.3,NORMAL,,False
2026-06-04 00:57:00,22.4,1006.8,83.4,NORMAL,,False
2026-06-04 00:58:00,22.39,1006.76,83.3,NORMAL,,False
2026-06-04 00:59:00,22.44,1006.76,83.5,NORMAL,,False
2026-06-04 01:00:00,22.45,1006.83,83.3,NORMAL,,False
2026-06-04 01:01:00,22.47,1006.77,83.6,NORMAL,,False
2026-06-04 01:02:00,22.36,1006.8,83.9,NORMAL,,False
2026-06-04 01:03:00,22.37,1006.84,83.5,NORMAL,,False
2026-06-04 01:04:00,22.36,1006.75,83.8,NORMAL,,False
2026-06-04 01:05:00,22.51,1006.79,83.7,NORMAL,,False
2026-06-04 01:06:00,22.35,1006.79,83.3,NORMAL,,False
2026-06-04 01:07:00,22.34,1006.8,83.8,NORMAL,,False
2026-06-04 01:08:00,22.38,1006.85,83.8,NORMAL,,False
2026-06-04 01:09:00,22.34,1006.82,83.5,NORMAL,,False
2026-06-04 01:10:00,22.32,1006.77,83.4,NORMAL,,False
2026-06-04 01:11:00,22.45,1006.81,83.9,NORMAL,,False
2026-06-04 01:12:00,22.31,1006.81,84.1,NORMAL,,False
2026-06-04 01:13:00,22.24,1006.78,83.4,NORMAL,,False
2026-06-04 01:14:00,22.35,1006.77,83.6,NORMAL,,False
2026-06-04 01:15:00,22.37,1006.75,84.4,NORMAL,,False
2026-06-04 01:16:00,22.25,1006.8,83.9,NORMAL,,False
2026-06-04 01:17:00,22.28,1006.8,83.5,NORMAL,,False
2026-06-04 01:18:00,22.29,1006.83,83.7,NORMAL,,False
2026-06-04 01:19:00,22.23,1006.87,83.9,NORMAL,,False
2026-06-04 01:20:00,22.2,1006.77,84.4,NORMAL,,False
2026-06-04 01:21:00,22.26,1006.86,84.1,NORMAL,,False
2026-06-04 01:22:00,22.19,1006.86,84.3,NORMAL,,False
2026-06-04 01:23:00,22.3,1006.85,83.8,NORMAL,,False
2026-06-04 01:24:00,22.27,1006.89,84.1,NORMAL,,False
2026-06-04 01:25:00,22.24,1006.84,84.1,NORMAL,,False
2026-06-04 01:26:00,22.24,1006.86,84.3,NORMAL,,False
2026-06-04 01:27:00,22.21,1006.87,83.9,NORMAL,,False
2026-06-04 01:28:00,22.2,1006.85,84.2,NORMAL,,False
2026-06-04 01:29:00,22.2,1006.85,84.4,NORMAL,,False
2026-06-04 01:30:00,22.24,1006.87,84.6,NORMAL,,False
2026-06-04 01:31:00,22.21,1006.84,84.5,NORMAL,,False
2026-06-04 01:32:00,22.16,1006.85,84.5,NORMAL,,False
2026-06-04 01:33:00,22.14,1006.87,84.3,NORMAL,,False
2026-06-04 01:34:00,22.12,1006.82,84.5,NORMAL,,False
2026-06-04 01:35:00,22.18,1006.88,84.7,NORMAL,,False
2026-06-04 01:36:00,22.21,1006.92,84.5,NORMAL,,False
2026-06-04 01:37:00,22.17,1006.85,84.6,NORMAL,,False
2026-06-04 01:38:00,22.13,1006.86,84.5,NORMAL,,False
2026-06-04 01:39:00,22.08,1006.94,84.2,NORMAL,,False
2026-06-04 01:40:00,22.13,1006.92,84.5,NORMAL,,False
2026-06-04 01:41:00,22.15,1006.87,84.7,NORMAL,,False
2026-06-04 01:42:00,22.11,1006.88,84.5,NORMAL,,False
2026-06-04 01:43:00,22.05,1006.88,84.8,NORMAL,,False
2026-06-04 01:44:00,22.12,1006.91,84.4,NORMAL,,False
2026-06-04 01:45:00,22.11,1006.95,84.5,NORMAL,,False
2026-06-04 01:46:00,22.13,1006.91,84.5,NORMAL,,False
2026-06-04 01:47:00,22.11,1006.96,84.9,NORMAL,,False
2026-06-04 01:48:00,22.12,1006.88,84.2,NORMAL,,False
2026-06-04 01:49:00,22.12,1006.93,84.4,NORMAL,,False
2026-06-04 01:50:00,22.0,1006.92,85.0,NORMAL,,False
2026-06-04 01:51:00,22.07,1006.91,84.4,NORMAL,,False
2026-06-04 01:52:00,21.97,1006.93,84.7,NORMAL,,False
2026-06-04 01:53:00,22.11,1006.97,84.7,NORMAL,,False
2026-06-04 01:54:00,22.1,1006.96,84.8,NORMAL,,False
2026-06-04 01:55:00,22.04,1006.95,84.7,NORMAL,,False
2026-06-04 01:56:00,22.08,1007.0,84.4,NORMAL,,False
2026-06-04 01:57:00,22.01,1006.97,84.9,NORMAL,,False
2026-06-04 01:58:00,22.02,1006.98,85.1,NORMAL,,False
2026-06-04 01:59:00,22.03,1006.99,84.5,NORMAL,,False
2026-06-04 02:00:00,22.07,1007.01,84.8,NORMAL,,False
2026-06-04 02:01:00,22.11,1006.97,85.1,NORMAL,,False
2026-06-04 02:02:00,22.0,1006.99,84.9,NORMAL,,False
2026-06-04 02:03:00,22.03,1006.99,84.6,NORMAL,,False
2026-06-04 02:04:00,22.02,1006.98,84.8,NORMAL,,False
2026-06-04 02:05:00,22.04,1007.0,84.7,NORMAL,,False
2026-06-04 02:06:00,22.07,1007.04,85.0,NORMAL,,False
2026-06-04 02:07:00,22.02,1007.06,84.5,NORMAL,,False
2026-06-04 02:08:00,22.11,1007.04,84.7,NORMAL,,False
2026-06-04 02:09:00,22.05,1007.01,84.6,NORMAL,,False
2026-06-04 02:10:00,21.86,1007.02,85.1,NORMAL,,False
2026-06-04 02:11:00,22.05,1007.07,85.3,NORMAL,,False
2026-06-04 02:12:00,22.04,1007.03,85.1,NORMAL,,False
2026-06-04 02:13:00,22.0,1007.07,85.0,NORMAL,,False
2026-06-04 02:14:00,22.01,1007.11,84.9,NORMAL,,False
2026-06-04 02:15:00,22.05,1007.1,85.2,NORMAL,,False
2026-06-04 02:16:00,22.01,1007.09,84.9,NORMAL,,False
2026-06-04 02:17:00,21.99,1007.05,85.3,NORMAL,,False
2026-06-04 02:18:00,22.02,1007.06,84.8,NORMAL,,False
2026-06-04 02:19:00,22.02,1007.11,85.1,NORMAL,,False
2026-06-04 02:20:00,21.96,1007.11,84.8,NORMAL,,False
2026-06-04 02:21:00,21.98,1007.14,85.2,NORMAL,,False
2026-06-04 02:22:00,22.02,1007.03,84.9,NORMAL,,False
2026-06-04 02:23:00,21.99,1007.12,84.9,NORMAL,,False
2026-06-04 02:24:00,22.0,1007.12,84.6,NORMAL,,False
2026-06-04 02:25:00,22.03,1007.15,85.0,NORMAL,,False
2026-06-04 02:26:00,21.91,1007.15,85.2,NORMAL,,False
2026-06-04 02:27:00,21.99,1007.09,84.8,NORMAL,,False
2026-06-04 02:28:00,21.95,1007.2,85.2,NORMAL,,False
2026-06-04 02:29:00,21.94,1007.2,85.2,NORMAL,,False
2026-06-04 02:30:00,22.03,1007.15,84.6,NORMAL,,False
2026-06-04 02:31:00,21.93,1007.22,85.1,NORMAL,,False
2026-06-04 02:32:00,21.98,1007.19,85.3,NORMAL,,False
2026-06-04 02:33:00,22.01,1007.21,85.1,NORMAL,,False
2026-06-04 02:34:00,22.02,1007.19,84.9,NORMAL,,False
2026-06-04 02:35:00,21.96,1007.24,84.8,NORMAL,,False
2026-06-04 02:36:00,22.04,1007.21,84.6,NORMAL,,False
2026-06-04 02:37:00,22.06,1007.26,84.9,NORMAL,,False
2026-06-04 02:38:00,22.06,1007.2,84.9,NORMAL,,False
2026-06-04 02:39:00,22.07,1007.21,84.9,NORMAL,,False
2026-06-04 02:40:00,22.07,1007.24,84.9,NORMAL,,False
2026-06-04 02:41:00,21.95,1007.27,84.9,NORMAL,,False
2026-06-04 02:42:00,21.96,1007.23,85.0,NORMAL,,False
2026-06-04 02:43:00,22.0,1007.31,85.0,NORMAL,,False
2026-06-04 02:44:00,22.01,1007.27,85.1,NORMAL,,False
2026-06-04 02:45:00,22.01,1007.27,85.3,NORMAL,,False
2026-06-04 02:46:00,21.97,1007.29,84.9,NORMAL,,False
2026-06-04 02:47:00,22.1,1007.32,84.7,NORMAL,,False
2026-06-04 02:48:00,22.01,1007.3,85.1,NORMAL,,False
2026-06-04 02:49:00,21.95,1007.33,85.0,NORMAL,,False
2026-06-04 02:50:00,22.03,1007.34,84.8,NORMAL,,False
2026-06-04 02:51:00,21.98,1007.35,84.7,NORMAL,,False
2026-06-04 02:52:00,22.05,1007.39,84.7,NORMAL,,False
2026-06-04 02:53:00,22.1,1007.34,85.1,NORMAL,,False
2026-06-04 02:54:00,22.06,1007.39,85.2,NORMAL,,False
2026-06-04 02:55:00,22.01,1007.36,84.7,NORMAL,,False
2026-06-04 02:56:00,22.04,1007.4,85.1,NORMAL,,False
2026-06-04 02:57:00,22.11,1007.41,84.8,NORMAL,,False
2026-06-04 02:58:00,22.01,1007.47,84.8,NORMAL,,False
2026-06-04 02:59:00,22.03,1007.43,84.9,NORMAL,,False
2026-06-04 03:00:00,22.09,1007.47,85.3,NORMAL,,False
2026-06-04 03:01:00,22.03,1007.45,85.1,NORMAL,,False
2026-06-04 03:02:00,22.05,1007.46,85.1,NORMAL,,False
2026-06-04 03:03:00,22.08,1007.5,84.3,NORMAL,,False
2026-06-04 03:04:00,22.02,1007.47,84.7,NORMAL,,False
2026-06-04 03:05:00,22.09,1007.51,84.8,NORMAL,,False
2026-06-04 03:06:00,22.08,1007.51,84.7,NORMAL,,False
2026-06-04 03:07:00,22.05,1007.5,84.6,NORMAL,,False
2026-06-04 03:08:00,22.11,1007.51,84.3,NORMAL,,False
2026-06-04 03:09:00,22.06,1007.5,84.9,NORMAL,,False
2026-06-04 03:10:00,22.14,1007.52,84.7,NORMAL,,False
2026-06-04 03:11:00,22.07,1007.55,84.5,NORMAL,,False
2026-06-04 03:12:00,22.05,1007.55,84.5,NORMAL,,False
2026-06-04 03:13:00,22.17,1007.55,84.7,NORMAL,,False
2026-06-04 03:14:00,22.07,1007.59,84.6,NORMAL,,False
2026-06-04 03:15:00,22.2,1007.57,84.7,NORMAL,,False
2026-06-04 03:16:00,22.03,1007.64,84.3,NORMAL,,False
2026-06-04 03:17:00,22.17,1007.6,84.7,NORMAL,,False
2026-06-04 03:18:00,22.11,1007.63,84.6,NORMAL,,False
2026-06-04 03:19:00,22.11,1007.63,84.4,NORMAL,,False
2026-06-04 03:20:00,22.16,1007.65,84.7,NORMAL,,False
2026-06-04 03:21:00,22.17,1007.68,84.4,NORMAL,,False
2026-06-04 03:22:00,22.11,1007.66,84.4,NORMAL,,False
2026-06-04 03:23:00,22.18,1007.69,84.7,NORMAL,,False
2026-06-04 03:24:00,22.09,1007.65,84.6,NORMAL,,False
2026-06-04 03:25:00,22.22,1007.71,84.2,NORMAL,,False
2026-06-04 03:26:00,22.16,1007.65,84.8,NORMAL,,False
2026-06-04 03:27:00,22.19,1007.71,84.2,NORMAL,,False
2026-06-04 03:28:00,22.12,1007.74,84.4,NORMAL,,False
2026-06-04 03:29:00,22.14,1007.76,84.1,NORMAL,,False
2026-06-04 03:30:00,22.14,1007.7,84.1,NORMAL,,False
2026-06-04 03:31:00,22.27,1007.78,84.3,NORMAL,,False
2026-06-04 03:32:00,22.19,1007.76,84.4,NORMAL,,False
2026-06-04 03:33:00,22.26,1007.75,84.1,NORMAL,,False
2026-06-04 03:34:00,22.35,1007.79,84.3,NORMAL,,False
2026-06-04 03:35:00,22.32,1007.81,83.9,NORMAL,,False
2026-06-04 03:36:00,22.21,1007.78,84.3,NORMAL,,False
2026-06-04 03:37:00,22.29,1007.75,84.1,NORMAL,,False
2026-06-04 03:38:00,22.29,1007.83,84.2,NORMAL,,False
2026-06-04 03:39:00,22.32,1007.84,84.3,NORMAL,,False
2026-06-04 03:40:00,22.33,1007.82,84.4,NORMAL,,False
2026-06-04 03:41:00,22.23,1007.81,84.2,NORMAL,,False
2026-06-04 03:42:00,22.34,1007.87,84.0,NORMAL,,False
2026-06-04 03:43:00,22.28,1007.87,84.1,NORMAL,,False
2026-06-04 03:44:00,22.3,1007.95,83.9,NORMAL,,False
2026-06-04 03:45:00,22.37,1007.91,83.8,NORMAL,,False
2026-06-04 03:46:00,22.35,1007.93,83.8,NORMAL,,False
2026-06-04 03:47:00,22.32,1007.96,83.8,NORMAL,,False
2026-06-04 03:48:00,22.35,1007.98,83.9,NORMAL,,False
2026-06-04 03:49:00,22.38,1007.87,83.9,NORMAL,,False
2026-06-04 03:50:00,22.39,1007.89,83.7,NORMAL,,False
2026-06-04 03:51:00,22.34,1007.96,83.9,NORMAL,,False
2026-06-04 03:52:00,22.39,1007.98,83.6,NORMAL,,False
2026-06-04 03:53:00,22.37,1008.02,84.0,NORMAL,,False
2026-06-04 03:54:00,22.41,1007.95,83.8,NORMAL,,False
2026-06-04 03:55:00,22.43,1008.0,83.6,NORMAL,,False
2026-06-04 03:56:00,22.45,1008.08,83.5,NORMAL,,False
2026-06-04 03:57:00,22.43,1008.0,83.6,NORMAL,,False
2026-06-04 03:58:00,22.5,1008.06,83.6,NORMAL,,False
2026-06-04 03:59:00,22.46,1008.06,83.6,NORMAL,,False
2026-06-04 04:00:00,22.52,1008.09,83.8,NORMAL,,False
2026-06-04 04:01:00,22.41,1008.1,83.4,NORMAL,,False
2026-06-04 04:02:00,22.49,1008.09,83.5,NORMAL,,False
2026-06-04 04:03:00,22.56,1008.09,83.4,NORMAL,,False
2026-06-04 04:04:00,22.5,1008.06,83.3,NORMAL,,False
2026-06-04 04:05:00,22.53,1008.1,83.2,NORMAL,,False
2026-06-04 04:06:00,22.47,1008.06,83.2,NORMAL,,False
2026-06-04 04:07:00,22.51,1008.14,83.4,NORMAL,,False
2026-06-04 04:08:00,22.48,1008.16,83.0,NORMAL,,False
2026-06-04 04:09:00,22.47,1008.16,83.0,NORMAL,,False
2026-06-04 04:10:00,22.5,1008.19,83.1,NORMAL,,False
2026-06-04 04:11:00,22.54,1008.17,82.9,NORMAL,,False
2026-06-04 04:12:00,22.56,1008.18,83.3,NORMAL,,False
2026-06-04 04:13:00,22.62,1008.23,82.9,NORMAL,,False
2026-06-04 04:14:00,22.61,1008.18,83.0,NORMAL,,False
2026-06-04 04:15:00,22.65,1008.28,83.2,NORMAL,,False
2026-06-04 04:16:00,22.65,1008.23,82.6,NORMAL,,False
2026-06-04 04:17:00,22.61,1008.26,82.9,NORMAL,,False
2026-06-04 04:18:00,22.66,1008.23,83.0,NORMAL,,False
2026-06-04 04:19:00,22.67,1008.29,82.4,NORMAL,,False
2026-06-04 04:20:00,22.63,1008.36,82.8,NORMAL,,False
2026-06-04 04:21:00,22.73,1008.26,83.1,NORMAL,,False
2026-06-04 04:22:00,22.7,1008.28,82.7,NORMAL,,False
2026-06-04 04:23:00,22.73,1008.29,82.5,NORMAL,,False
2026-06-04 04:24:00,22.69,1008.3,82.5,NORMAL,,False
2026-06-04 04:25:00,22.74,1008.32,82.9,NORMAL,,False
2026-06-04 04:26:00,22.71,1008.38,82.5,NORMAL,,False
2026-06-04 04:27:00,22.87,1008.44,82.8,NORMAL,,False
2026-06-04 04:28:00,22.83,1008.37,82.7,NORMAL,,False
2026-06-04 04:29:00,22.8,1008.42,82.4,NORMAL,,False
2026-06-04 04:30:00,22.85,1008.41,82.4,NORMAL,,False
2026-06-04 04:31:00,22.76,1008.39,82.2,NORMAL,,False
2026-06-04 04:32:00,22.89,1008.44,82.3,NORMAL,,False
2026-06-04 04:33:00,22.88,1008.43,81.8,NORMAL,,False
2026-06-04 04:34:00,22.94,1008.43,82.2,NORMAL,,False
2026-06-04 04:35:00,22.81,1008.48,82.6,NORMAL,,False
2026-06-04 04:36:00,22.93,1008.44,82.0,NORMAL,,False
2026-06-04 04:37:00,22.85,1008.45,82.0,NORMAL,,False
2026-06-04 04:38:00,22.98,1008.51,82.3,NORMAL,,False
2026-06-04 04:39:00,22.95,1008.5,81.9,NORMAL,,False
2026-06-04 04:40:00,22.9,1008.52,82.3,NORMAL,,False
2026-06-04 04:41:00,23.01,1008.54,81.5,NORMAL,,False
2026-06-04 04:42:00,23.0,1008.52,82.0,NORMAL,,False
2026-06-04 04:43:00,23.09,1008.53,81.8,NORMAL,,False
2026-06-04 04:44:00,23.02,1008.53,81.6,NORMAL,,False
2026-06-04 04:45:00,23.01,1008.57,81.1,NORMAL,,False
2026-06-04 04:46:00,23.08,1008.59,81.5,NORMAL,,False
2026-06-04 04:47:00,23.07,1008.55,81.8,NORMAL,,False
2026-06-04 04:48:00,23.15,1008.61,81.4,NORMAL,,False
2026-06-04 04:49:00,23.06,1008.57,81.0,NORMAL,,False
2026-06-04 04:50:00,23.1,1008.59,81.2,NORMAL,,False
2026-06-04 04:51:00,23.05,1008.57,81.1,NORMAL,,False
2026-06-04 04:52:00,23.05,1008.64,81.1,NORMAL,,False
2026-06-04 04:53:00,23.05,1008.69,81.2,NORMAL,,False
2026-06-04 04:54:00,23.11,1008.67,81.2,NORMAL,,False
2026-06-04 04:55:00,23.15,1008.64,81.7,NORMAL,,False
2026-06-04 04:56:00,23.24,1008.67,81.2,NORMAL,,False
2026-06-04 04:57:00,23.16,1008.64,81.1,NORMAL,,False
2026-06-04 04:58:00,23.23,1008.72,80.9,NORMAL,,False
2026-06-04 04:59:00,23.21,1008.71,81.0,NORMAL,,False
2026-06-04 05:00:00,23.19,1008.7,80.8,NORMAL,,False
2026-06-04 05:01:00,23.2,1008.73,80.8,NORMAL,,False
2026-06-04 05:02:00,23.3,1008.74,81.0,NORMAL,,False
2026-06-04 05:03:00,23.28,1008.79,80.5,NORMAL,,False
2026-06-04 05:04:00,23.22,1008.76,80.8,NORMAL,,False
2026-06-04 05:05:00,23.37,1008.77,81.1,NORMAL,,False
2026-06-04 05:06:00,23.36,1008.79,80.6,NORMAL,,False
2026-06-04 05:07:00,23.31,1008.76,80.7,NORMAL,,False
2026-06-04 05:08:00,23.29,1008.77,80.7,NORMAL,,False
2026-06-04 05:09:00,23.45,1008.81,80.4,NORMAL,,False
2026-06-04 05:10:00,23.38,1008.81,80.5,NORMAL,,False
2026-06-04 05:11:00,23.43,1008.81,80.3,NORMAL,,False
2026-06-04 05:12:00,23.38,1008.89,80.1,NORMAL,,False
2026-06-04 05:13:00,23.53,1008.79,80.3,NORMAL,,False
2026-06-04 05:14:00,23.47,1008.85,80.1,NORMAL,,False
2026-06-04 05:15:00,23.51,1008.84,80.2,NORMAL,,False
2026-06-04 05:16:00,23.47,1008.83,79.6,NORMAL,,False
2026-06-04 05:17:00,23.57,1008.88,80.3,NORMAL,,False
2026-06-04 05:18:00,23.53,1008.8,79.9,NORMAL,,False
2026-06-04 05:19:00,23.48,1008.85,79.5,NORMAL,,False
2026-06-04 05:20:00,23.59,1008.82,79.9,NORMAL,,False
2026-06-04 05:21:00,23.69,1008.93,79.9,NORMAL,,False
2026-06-04 05:22:00,23.57,1008.92,79.5,NORMAL,,False
2026-06-04 05:23:00,23.59,1008.93,79.8,NORMAL,,False
2026-06-04 05:24:00,23.64,1008.92,79.8,NORMAL,,False
2026-06-04 05:25:00,23.64,1008.91,79.2,NORMAL,,False
2026-06-04 05:26:00,23.78,1008.92,79.5,NORMAL,,False
2026-06-04 05:27:00,23.64,1008.93,79.4,NORMAL,,False
2026-06-04 05:28:00,23.68,1008.95,79.3,NORMAL,,False
2026-06-04 05:29:00,23.69,1008.95,79.3,NORMAL,,False
2026-06-04 05:30:00,23.8,1008.97,79.1,NORMAL,,False
2026-06-04 05:31:00,23.81,1009.0,79.1,NORMAL,,False
2026-06-04 05:32:00,23.85,1009.0,79.1,NORMAL,,False
2026-06-04 05:33:00,23.83,1009.01,78.8,NORMAL,,False
2026-06-04 05:34:00,23.91,1008.99,79.0,NORMAL,,False
2026-06-04 05:35:00,23.79,1008.99,78.8,NORMAL,,False
2026-06-04 05:36:00,23.92,1009.06,79.0,NORMAL,,False
2026-06-04 05:37:00,23.87,1009.0,78.3,NORMAL,,False
2026-06-04 05:38:00,23.92,1009.06,78.9,NORMAL,,False
2026-06-04 05:39:00,23.93,1009.06,78.6,NORMAL,,False
2026-06-04 05:40:00,24.04,1009.05,78.6,NORMAL,,False
2026-06-04 05:41:00,24.0,1009.06,78.2,NORMAL,,False
2026-06-04 05:42:00,23.92,1009.06,78.6,NORMAL,,False
2026-06-04 05:43:00,24.03,1009.15,78.1,NORMAL,,False
2026-06-04 05:44:00,23.99,1009.12,78.3,NORMAL,,False
2026-06-04 05:45:00,24.01,1009.09,78.2,NORMAL,,False
2026-06-04 05:46:00,24.09,1009.07,77.6,NORMAL,,False
2026-06-04 05:47:00,24.11,1009.1,78.2,NORMAL,,False
2026-06-04 05:48:00,24.13,1009.05,77.9,NORMAL,,False
2026-06-04 05:49:00,24.05,1009.09,78.2,NORMAL,,False
2026-06-04 05:50:00,24.07,1009.09,78.0,NORMAL,,False
2026-06-04 05:51:00,24.11,1009.11,77.8,NORMAL,,False
2026-06-04 05:52:00,24.24,1009.16,77.7,NORMAL,,False
2026-06-04 05:53:00,24.15,1009.17,77.7,NORMAL,,False
2026-06-04 05:54:00,24.18,1009.12,77.3,NORMAL,,False
2026-06-04 05:55:00,24.24,1009.1,78.0,NORMAL,,False
2026-06-04 05:56:00,24.21,1009.1,77.3,NORMAL,,False
2026-06-04 05:57:00,24.33,1009.14,77.5,NORMAL,,False
2026-06-04 05:58:00,24.29,1009.13,77.1,NORMAL,,False
2026-06-04 05:59:00,24.31,1009.19,77.4,NORMAL,,False
2026-06-04 06:00:00,24.29,1009.2,77.3,NORMAL,,False
2026-06-04 06:01:00,24.31,1009.15,77.4,NORMAL,,False
2026-06-04 06:02:00,24.45,1009.21,76.9,NORMAL,,False
2026-06-04 06:03:00,24.45,1009.19,76.8,NORMAL,,False
2026-06-04 06:04:00,24.41,1009.24,77.2,NORMAL,,False
2026-06-04 06:05:00,24.46,1009.21,77.0,NORMAL,,False
2026-06-04 06:06:00,24.47,1009.3,77.0,NORMAL,,False
2026-06-04 06:07:00,24.53,1009.24,76.5,NORMAL,,False
2026-06-04 06:08:00,24.4,1009.25,76.8,NORMAL,,False
2026-06-04 06:09:00,24.5,1009.21,76.6,NORMAL,,False
2026-06-04 06:10:00,24.51,1009.3,76.6,NORMAL,,False
2026-06-04 06:11:00,24.55,1009.23,76.3,NORMAL,,False
2026-06-04 06:12:00,24.59,1009.28,76.3,NORMAL,,False
2026-06-04 06:13:00,24.62,1009.24,76.2,NORMAL,,False
2026-06-04 06:14:00,24.67,1009.31,76.3,NORMAL,,False
2026-06-04 06:15:00,24.66,1009.31,76.0,NORMAL,,False
2026-06-04 06:16:00,24.71,1009.32,76.3,NORMAL,,False
2026-06-04 06:17:00,24.74,1009.28,76.0,NORMAL,,False
2026-06-04 06:18:00,24.79,1009.29,76.1,NORMAL,,False
2026-06-04 06:19:00,24.83,1009.27,75.7,NORMAL,,False
2026-06-04 06:20:00,24.8,1009.3,75.7,NORMAL,,False
2026-06-04 06:21:00,24.82,1009.29,75.8,NORMAL,,False
2026-06-04 06:22:00,24.76,1009.38,75.5,NORMAL,,False
2026-06-04 06:23:00,24.9,1009.27,75.8,NORMAL,,False
2026-06-04 06:24:00,24.9,1009.32,75.5,NORMAL,,False
2026-06-04 06:25:00,24.8,1009.29,75.9,NORMAL,,False
2026-06-04 06:26:00,24.95,1009.36,75.4,NORMAL,,False
2026-06-04 06:27:00,24.99,1009.29,75.3,NORMAL,,False
2026-06-04 06:28:00,25.01,1009.33,75.4,NORMAL,,False
2026-06-04 06:29:00,25.0,1009.31,75.1,NORMAL,,False
2026-06-04 06:30:00,24.98,1009.38,75.1,NORMAL,,False
2026-06-04 06:31:00,25.0,1009.32,75.2,NORMAL,,False
2026-06-04 06:32:00,25.13,1009.36,74.8,NORMAL,,False
2026-06-04 06:33:00,25.07,1009.38,74.6,NORMAL,,False
2026-06-04 06:34:00,25.08,1009.4,74.6,NORMAL,,False
2026-06-04 06:35:00,25.11,1009.38,74.5,NORMAL,,False
2026-06-04 06:36:00,25.07,1009.39,74.8,NORMAL,,False
2026-06-04 06:37:00,25.2,1009.34,74.5,NORMAL,,False
2026-06-04 06:38:00,25.21,1009.37,74.7,NORMAL,,False
2026-06-04 06:39:00,25.12,1009.4,74.9,NORMAL,,False
2026-06-04 06:40:00,25.24,1009.4,74.5,NORMAL,,False
2026-06-04 06:41:00,25.22,1009.34,74.2,NORMAL,,False
2026-06-04 06:42:00,25.26,1009.41,74.0,NORMAL,,False
2026-06-04 06:43:00,25.31,1009.38,74.2,NORMAL,,False
2026-06-04 06:44:00,25.44,1009.36,73.9,NORMAL,,False
2026-06-04 06:45:00,25.3,1009.31,74.1,NORMAL,,False
2026-06-04 06:46:00,25.38,1009.41,73.7,NORMAL,,False
2026-06-04 06:47:00,25.34,1009.38,73.6,NORMAL,,False
2026-06-04 06:48:00,25.46,1009.44,73.8,NORMAL,,False
2026-06-04 06:49:00,25.44,1009.43,73.4,NORMAL,,False
2026-06-04 06:50:00,25.56,1009.38,73.5,NORMAL,,False
2026-06-04 06:51:00,25.53,1009.37,73.4,NORMAL,,False
2026-06-04 06:52:00,25.52,1009.37,73.2,NORMAL,,False
2026-06-04 06:53:00,25.66,1009.41,73.3,NORMAL,,False
2026-06-04 06:54:00,25.54,1009.38,73.2,NORMAL,,False
2026-06-04 06:55:00,25.63,1009.42,73.3,NORMAL,,False
2026-06-04 06:56:00,25.65,1009.4,73.1,NORMAL,,False
2026-06-04 06:57:00,25.64,1009.4,73.1,NORMAL,,False
2026-06-04 06:58:00,25.63,1009.44,72.4,NORMAL,,False
2026-06-04 06:59:00,25.65,1009.38,72.8,NORMAL,,False
2026-06-04 07:00:00,25.74,1009.37,72.7,NORMAL,,False
2026-06-04 07:01:00,25.82,1009.43,72.6,NORMAL,,False
2026-06-04 07:02:00,25.76,1009.4,72.4,NORMAL,,False
2026-06-04 07:03:00,25.87,1009.4,72.2,NORMAL,,False
2026-06-04 07:04:00,25.86,1009.37,72.0,NORMAL,,False
2026-06-04 07:05:00,25.81,1009.39,72.2,NORMAL,,False
2026-06-04 07:06:00,25.81,1009.45,72.1,NORMAL,,False
2026-06-04 07:07:00,25.82,1009.43,72.5,NORMAL,,False
2026-06-04 07:08:00,25.83,1009.41,72.1,NORMAL,,False
2026-06-04 07:09:00,25.94,1009.44,72.4,NORMAL,,False
2026-06-04 07:10:00,25.93,1009.38,71.8,NORMAL,,False
2026-06-04 07:11:00,25.98,1009.44,71.6,NORMAL,,False
2026-06-04 07:12:00,25.99,1009.36,71.9,NORMAL,,False
2026-06-04 07:13:00,25.99,1009.42,71.7,NORMAL,,False
2026-06-04 07:14:00,26.01,1009.44,71.3,NORMAL,,False
2026-06-04 07:15:00,26.02,1009.41,71.6,NORMAL,,False
2026-06-04 07:16:00,26.09,1009.47,71.2,NORMAL,,False
2026-06-04 07:17:00,26.09,1009.4,70.7,NORMAL,,False
2026-06-04 07:18:00,26.21,1009.4,71.2,NORMAL,,False
2026-06-04 07:19:00,26.26,1009.39,71.1,NORMAL,,False
2026-06-04 07:20:00,26.18,1009.42,71.0,NORMAL,,False
2026-06-04 07:21:00,26.29,1009.44,71.0,NORMAL,,False
2026-06-04 07:22:00,26.22,1009.35,71.0,NORMAL,,False
2026-06-04 07:23:00,26.21,1009.43,70.7,NORMAL,,False
2026-06-04 07:24:00,26.31,1009.37,70.6,NORMAL,,False
2026-06-04 07:25:00,26.36,1009.4,70.0,NORMAL,,False
2026-06-04 07:26:00,26.32,1009.4,70.6,NORMAL,,False
2026-06-04 07:27:00,26.4,1009.44,70.5,NORMAL,,False
2026-06-04 07:28:00,26.45,1009.4,70.5,NORMAL,,False
2026-06-04 07:29:00,26.43,1009.4,70.6,NORMAL,,False
2026-06-04 07:30:00,26.44,1009.41,69.9,NORMAL,,False
2026-06-04 07:31:00,26.5,1009.38,70.3,NORMAL,,False
2026-06-04 07:32:00,26.45,1009.39,69.7,NORMAL,,False
2026-06-04 07:33:00,26.52,1009.4,70.0,NORMAL,,False
2026-06-04 07:34:00,26.6,1009.4,70.1,NORMAL,,False
2026-06-04 07:35:00,26.48,1009.41,69.7,NORMAL,,False
2026-06-04 07:36:00,26.56,1009.36,69.4,NORMAL,,False
2026-06-04 07:37:00,26.64,1009.37,69.5,NORMAL,,False
2026-06-04 07:38:00,26.59,1009.41,69.8,NORMAL,,False
2026-06-04 07:39:00,26.62,1009.38,68.9,NORMAL,,False
2026-06-04 07:40:00,26.67,1009.36,69.4,NORMAL,,False
2026-06-04 07:41:00,26.74,1009.32,69.3,NORMAL,,False
2026-06-04 07:42:00,26.75,1009.37,68.9,NORMAL,,False
2026-06-04 07:43:00,26.8,1009.39,69.0,NORMAL,,False
2026-06-04 07:44:00,26.84,1009.31,69.3,NORMAL,,False
2026-06-04 07:45:00,26.84,1009.37,69.1,NORMAL,,False
2026-06-04 07:46:00,26.84,1009.38,69.0,NORMAL,,False
2026-06-04 07:47:00,26.98,1009.29,69.0,NORMAL,,False
2026-06-04 07:48:00,26.9,1009.34,68.9,NORMAL,,False
2026-06-04 07:49:00,26.94,1009.31,68.6,NORMAL,,False
2026-06-04 07:50:00,26.85,1009.3,68.9,NORMAL,,False
2026-06-04 07:51:00,26.96,1009.36,68.5,NORMAL,,False
2026-06-04 07:52:00,26.98,1009.39,68.4,NORMAL,,False
2026-06-04 07:53:00,27.09,1009.33,68.0,NORMAL,,False
2026-06-04 07:54:00,27.05,1009.34,68.2,NORMAL,,False
2026-06-04 07:55:00,27.08,1009.31,68.2,NORMAL,,False
2026-06-04 07:56:00,27.12,1009.38,68.5,NORMAL,,False
2026-06-04 07:57:00,27.1,1009.29,67.5,NORMAL,,False
2026-06-04 07:58:00,27.23,1009.32,67.7,NORMAL,,False
2026-06-04 07:59:00,27.19,1009.3,67.9,NORMAL,,False
2026-06-04 08:00:00,27.19,1009.31,67.4,NORMAL,,False
2026-06-04 08:01:00,27.24,1009.32,67.6,NORMAL,,False
2026-06-04 08:02:00,27.24,1009.3,67.8,NORMAL,,False
2026-06-04 08:03:00,27.39,1009.27,67.1,NORMAL,,False
2026-06-04 08:04:00,27.26,1009.26,66.8,NORMAL,,False
2026-06-04 08:05:00,27.33,1009.31,67.0,NORMAL,,False
2026-06-04 08:06:00,27.41,1009.3,67.0,NORMAL,,False
2026-06-04 08:07:00,27.36,1009.24,67.0,NORMAL,,False
2026-06-04 08:08:00,27.37,1009.23,66.9,NORMAL,,False
2026-06-04 08:09:00,27.42,1009.31,67.2,NORMAL,,False
2026-06-04 08:10:00,27.49,1009.27,67.1,NORMAL,,False
2026-06-04 08:11:00,27.55,1009.26,66.7,NORMAL,,False
2026-06-04 08:12:00,27.47,1009.24,66.1,NORMAL,,False
2026-06-04 08:13:00,27.57,1009.23,66.5,NORMAL,,False
2026-06-04 08:14:00,27.61,1009.27,66.5,NORMAL,,False
2026-06-04 08:15:00,27.58,1009.23,66.6,NORMAL,,False
2026-06-04 08:16:00,27.72,1009.29,66.0,NORMAL,,False
2026-06-04 08:17:00,27.72,1009.22,66.1,NORMAL,,False
2026-06-04 08:18:00,27.69,1009.22,66.3,NORMAL,,False
2026-06-04 08:19:00,27.59,1009.25,66.0,NORMAL,,False
2026-06-04 08:20:00,27.73,1009.21,66.0,NORMAL,,False
2026-06-04 08:21:00,27.68,1009.19,66.0,NORMAL,,False
2026-06-04 08:22:00,27.88,1009.21,65.7,NORMAL,,False
2026-06-04 08:23:00,27.8,1009.19,65.5,NORMAL,,False
2026-06-04 08:24:00,27.84,1009.16,65.5,NORMAL,,False
2026-06-04 08:25:00,27.76,1009.14,65.4,NORMAL,,False
2026-06-04 08:26:00,27.94,1009.21,65.6,NORMAL,,False
2026-06-04 08:27:00,27.91,1009.15,65.2,NORMAL,,False
2026-06-04 08:28:00,27.96,1009.18,65.0,NORMAL,,False
2026-06-04 08:29:00,27.98,1009.14,65.1,NORMAL,,False
2026-06-04 08:30:00,28.0,1009.11,65.1,NORMAL,,False
2026-06-04 08:31:00,28.05,1009.15,65.2,NORMAL,,False
2026-06-04 08:32:00,28.04,1009.14,64.6,NORMAL,,False
2026-06-04 08:33:00,27.99,1009.1,64.8,NORMAL,,False
2026-06-04 08:34:00,28.07,1009.14,64.3,NORMAL,,False
2026-06-04 08:35:00,28.17,1009.13,64.6,NORMAL,,False
2026-06-04 08:36:00,28.2,1009.1,64.8,NORMAL,,False
2026-06-04 08:37:00,28.19,1009.11,64.4,NORMAL,,False
2026-06-04 08:38:00,28.16,1009.09,64.4,NORMAL,,False
2026-06-04 08:39:00,28.21,1009.05,64.1,NORMAL,,False
2026-06-04 08:40:00,28.31,1009.12,64.0,NORMAL,,False
2026-06-04 08:41:00,28.25,1009.07,64.3,NORMAL,,False
2026-06-04 08:42:00,28.29,1009.09,64.1,NORMAL,,False
2026-06-04 08:43:00,28.28,1009.05,63.8,NORMAL,,False
2026-06-04 08:44:00,28.34,1009.07,63.8,NORMAL,,False
2026-06-04 08:45:00,28.35,1009.09,63.6,NORMAL,,False
2026-06-04 08:46:00,28.5,1009.05,63.4,NORMAL,,False
2026-06-04 08:47:00,28.42,1009.08,63.4,NORMAL,,False
2026-06-04 08:48:00,28.45,1008.98,63.4,NORMAL,,False
2026-06-04 08:49:00,28.45,1009.03,63.4,NORMAL,,False
2026-06-04 08:50:00,28.52,1009.04,63.0,NORMAL,,False
2026-06-04 08:51:00,28.5,1009.03,62.9,NORMAL,,False
2026-06-04 08:52:00,28.55,1009.02,62.7,NORMAL,,False
2026-06-04 08:53:00,28.61,1008.95,63.3,NORMAL,,False
2026-06-04 08:54:00,28.63,1009.01,63.0,NORMAL,,False
2026-06-04 08:55:00,28.6,1008.99,63.0,NORMAL,,False
2026-06-04 08:56:00,28.73,1008.99,62.9,NORMAL,,False
2026-06-04 08:57:00,28.73,1008.94,62.3,NORMAL,,False
2026-06-04 08:58:00,28.79,1008.96,62.6,NORMAL,,False
2026-06-04 08:59:00,28.73,1008.9,62.6,NORMAL,,False
2026-06-04 09:00:00,28.81,1008.91,62.4,NORMAL,,False
2026-06-04 09:01:00,28.83,1008.92,62.2,NORMAL,,False
2026-06-04 09:02:00,28.84,1008.88,62.0,NORMAL,,False
2026-06-04 09:03:00,28.72,1008.92,62.1,NORMAL,,False
2026-06-04 09:04:00,28.9,1008.9,62.0,NORMAL,,False
2026-06-04 09:05:00,28.9,1008.89,62.0,NORMAL,,False
2026-06-04 09:06:00,28.9,1008.9,62.2,NORMAL,,False
2026-06-04 09:07:00,28.9,1008.89,61.9,NORMAL,,False
2026-06-04 09:08:00,29.01,1008.88,61.7,NORMAL,,False
2026-06-04 09:09:00,28.96,1008.9,61.4,NORMAL,,False
2026-06-04 09:10:00,29.04,1008.84,61.3,NORMAL,,False
2026-06-04 09:11:00,28.92,1008.89,61.3,NORMAL,,False
2026-06-04 09:12:00,29.11,1008.83,61.1,NORMAL,,False
2026-06-04 09:13:00,29.16,1008.86,61.4,NORMAL,,False
2026-06-04 09:14:00,29.19,1008.8,61.4,NORMAL,,False
2026-06-04 09:15:00,29.16,1008.81,60.8,NORMAL,,False
2026-06-04 09:16:00,29.25,1008.8,61.3,NORMAL,,False
2026-06-04 09:17:00,29.29,1008.81,61.1,NORMAL,,False
2026-06-04 09:18:00,29.3,1008.83,60.9,NORMAL,,False
2026-06-04 09:19:00,29.28,1008.78,60.9,NORMAL,,False
2026-06-04 09:20:00,29.3,1008.76,60.9,NORMAL,,False
2026-06-04 09:21:00,29.36,1008.76,60.3,NORMAL,,False
2026-06-04 09:22:00,29.3,1008.76,60.6,NORMAL,,False
2026-06-04 09:23:00,29.4,1008.77,60.4,NORMAL,,False
2026-06-04 09:24:00,29.37,1008.7,60.6,NORMAL,,False
2026-06-04 09:25:00,29.5,1008.7,60.3,NORMAL,,False
2026-06-04 09:26:00,29.53,1008.71,60.2,NORMAL,,False
2026-06-04 09:27:00,29.47,1008.74,60.1,NORMAL,,False
2026-06-04 09:28:00,29.54,1008.66,59.8,NORMAL,,False
2026-06-04 09:29:00,29.47,1008.7,60.2,NORMAL,,False
2026-06-04 09:30:00,29.48,1008.7,59.5,NORMAL,,False
2026-06-04 09:31:00,29.56,1008.69,59.9,NORMAL,,False
2026-06-04 09:32:00,29.63,1008.62,59.7,NORMAL,,False
2026-06-04 09:33:00,29.69,1008.69,59.8,NORMAL,,False
2026-06-04 09:34:00,29.65,1008.63,59.5,NORMAL,,False
2026-06-04 09:35:00,29.65,1008.63,59.5,NORMAL,,False
2026-06-04 09:36:00,29.76,1008.66,59.2,NORMAL,,False
2026-06-04 09:37:00,29.7,1008.66,59.0,NORMAL,,False
2026-06-04 09:38:00,29.74,1008.61,59.1,NORMAL,,False
2026-06-04 09:39:00,29.81,1008.62,59.4,NORMAL,,False
2026-06-04 09:40:00,29.77,1008.61,58.9,NORMAL,,False
2026-06-04 09:41:00,29.89,1008.54,58.7,NORMAL,,False
2026-06-04 09:42:00,29.83,1008.58,58.9,NORMAL,,False
2026-06-04 09:43:00,29.93,1008.54,58.7,NORMAL,,False
2026-06-04 09:44:00,29.89,1008.57,58.4,NORMAL,,False
2026-06-04 09:45:00,29.97,1008.54,58.6,NORMAL,,False
2026-06-04 09:46:00,30.02,1008.52,58.2,NORMAL,,False
2026-06-04 09:47:00,30.12,1008.55,58.3,NORMAL,,False
2026-06-04 09:48:00,30.0,1008.53,58.0,NORMAL,,False
2026-06-04 09:49:00,30.02,1008.53,58.1,NORMAL,,False
2026-06-04 09:50:00,30.03,1008.49,58.0,NORMAL,,False
2026-06-04 09:51:00,30.04,1008.48,58.5,NORMAL,,False
2026-06-04 09:52:00,30.12,1008.46,58.0,NORMAL,,False
2026-06-04 09:53:00,30.16,1008.5,57.9,NORMAL,,False
2026-06-04 09:54:00,30.07,1008.4,57.7,NORMAL,,False
2026-06-04 09:55:00,30.17,1008.41,57.8,NORMAL,,False
2026-06-04 09:56:00,30.16,1008.43,57.9,NORMAL,,False
2026-06-04 09:57:00,30.22,1008.44,57.8,NORMAL,,False
2026-06-04 09:58:00,30.3,1008.44,57.5,NORMAL,,False
2026-06-04 09:59:00,30.26,1008.41,57.4,NORMAL,,False
2026-06-04 10:00:00,30.29,1008.43,57.3,SENSOR_DRIFT,temperature,True
2026-06-04 10:01:00,30.306666666666665,1008.39,57.4,SENSOR_DRIFT,temperature,True
2026-06-04 10:02:00,30.383333333333336,1008.41,57.0,SENSOR_DRIFT,temperature,True
2026-06-04 10:03:00,30.38,1008.43,57.0,SENSOR_DRIFT,temperature,True
2026-06-04 10:04:00,30.426666666666666,1008.39,57.1,SENSOR_DRIFT,temperature,True
2026-06-04 10:05:00,30.513333333333332,1008.39,57.2,SENSOR_DRIFT,temperature,True
2026-06-04 10:06:00,30.46,1008.37,56.8,SENSOR_DRIFT,temperature,True
2026-06-04 10:07:00,30.516666666666666,1008.34,56.7,SENSOR_DRIFT,temperature,True
2026-06-04 10:08:00,30.563333333333333,1008.35,56.5,SENSOR_DRIFT,temperature,True
2026-06-04 10:09:00,30.7,1008.35,56.5,SENSOR_DRIFT,temperature,True
2026-06-04 10:10:00,30.71666666666667,1008.35,57.0,SENSOR_DRIFT,temperature,True
2026-06-04 10:11:00,30.683333333333334,1008.29,56.9,SENSOR_DRIFT,temperature,True
2026-06-04 10:12:00,30.74,1008.31,56.2,SENSOR_DRIFT,temperature,True
2026-06-04 10:13:00,30.776666666666664,1008.32,56.1,SENSOR_DRIFT,temperature,True
2026-06-04 10:14:00,30.813333333333333,1008.23,56.2,SENSOR_DRIFT,temperature,True
2026-06-04 10:15:00,30.87,1008.27,56.2,SENSOR_DRIFT,temperature,True
2026-06-04 10:16:00,30.976666666666667,1008.28,56.4,SENSOR_DRIFT,temperature,True
2026-06-04 10:17:00,30.983333333333334,1008.29,56.3,SENSOR_DRIFT,temperature,True
2026-06-04 10:18:00,31.04,1008.19,56.0,SENSOR_DRIFT,temperature,True
2026-06-04 10:19:00,30.996666666666666,1008.27,55.8,SENSOR_DRIFT,temperature,True
2026-06-04 10:20:00,31.023333333333333,1008.23,55.8,SENSOR_DRIFT,temperature,True
2026-06-04 10:21:00,31.18,1008.22,55.8,SENSOR_DRIFT,temperature,True
2026-06-04 10:22:00,31.176666666666666,1008.26,55.4,SENSOR_DRIFT,temperature,True
2026-06-04 10:23:00,31.223333333333333,1008.23,55.6,SENSOR_DRIFT,temperature,True
2026-06-04 10:24:00,31.27,1008.22,55.4,SENSOR_DRIFT,temperature,True
2026-06-04 10:25:00,31.316666666666666,1008.19,55.5,SENSOR_DRIFT,temperature,True
2026-06-04 10:26:00,31.253333333333334,1008.17,55.2,SENSOR_DRIFT,temperature,True
2026-06-04 10:27:00,31.439999999999998,1008.2,55.3,SENSOR_DRIFT,temperature,True
2026-06-04 10:28:00,31.326666666666664,1008.12,55.2,SENSOR_DRIFT,temperature,True
2026-06-04 10:29:00,31.413333333333334,1008.16,55.0,SENSOR_DRIFT,temperature,True
2026-06-04 10:30:00,31.48,1008.12,54.5,SENSOR_DRIFT,temperature,True
2026-06-04 10:31:00,31.506666666666664,1008.15,55.1,SENSOR_DRIFT,temperature,True
2026-06-04 10:32:00,31.553333333333335,1008.18,55.0,SENSOR_DRIFT,temperature,True
2026-06-04 10:33:00,31.68,1008.06,54.6,SENSOR_DRIFT,temperature,True
2026-06-04 10:34:00,31.636666666666667,1008.07,54.9,SENSOR_DRIFT,temperature,True
2026-06-04 10:35:00,31.743333333333332,1008.06,54.8,SENSOR_DRIFT,temperature,True
2026-06-04 10:36:00,31.740000000000002,1008.06,54.4,SENSOR_DRIFT,temperature,True
2026-06-04 10:37:00,31.776666666666667,1008.1,54.2,SENSOR_DRIFT,temperature,True
2026-06-04 10:38:00,31.883333333333333,1008.09,54.5,SENSOR_DRIFT,temperature,True
2026-06-04 10:39:00,31.869999999999997,1008.06,54.3,SENSOR_DRIFT,temperature,True
2026-06-04 10:40:00,31.92666666666667,1008.09,54.3,SENSOR_DRIFT,temperature,True
2026-06-04 10:41:00,31.923333333333332,1008.08,54.2,SENSOR_DRIFT,temperature,True
2026-06-04 10:42:00,31.98,1008.05,54.1,SENSOR_DRIFT,temperature,True
2026-06-04 10:43:00,31.996666666666666,1008.06,54.2,SENSOR_DRIFT,temperature,True
2026-06-04 10:44:00,32.013333333333335,1008.04,54.3,SENSOR_DRIFT,temperature,True
2026-06-04 10:45:00,32.1,1008.08,54.0,SENSOR_DRIFT,temperature,True
2026-06-04 10:46:00,32.06666666666667,1007.99,54.1,SENSOR_DRIFT,temperature,True
2026-06-04 10:47:00,32.163333333333334,1007.98,53.5,SENSOR_DRIFT,temperature,True
2026-06-04 10:48:00,32.23,1007.93,53.5,SENSOR_DRIFT,temperature,True
2026-06-04 10:49:00,32.196666666666665,1007.92,53.2,SENSOR_DRIFT,temperature,True
2026-06-04 10:50:00,32.29333333333334,1007.99,53.4,SENSOR_DRIFT,temperature,True
2026-06-04 10:51:00,32.31,1008.0,53.4,SENSOR_DRIFT,temperature,True
2026-06-04 10:52:00,32.38666666666666,1007.96,52.8,SENSOR_DRIFT,temperature,True
2026-06-04 10:53:00,32.343333333333334,1008.01,53.3,SENSOR_DRIFT,temperature,True
2026-06-04 10:54:00,32.5,1007.91,53.1,SENSOR_DRIFT,temperature,True
2026-06-04 10:55:00,32.45666666666666,1007.98,53.2,SENSOR_DRIFT,temperature,True
2026-06-04 10:56:00,32.483333333333334,1007.95,53.0,SENSOR_DRIFT,temperature,True
2026-06-04 10:57:00,32.57,1007.91,53.0,SENSOR_DRIFT,temperature,True
2026-06-04 10:58:00,32.60666666666667,1007.95,52.7,SENSOR_DRIFT,temperature,True
2026-06-04 10:59:00,32.61333333333333,1007.91,53.0,SENSOR_DRIFT,temperature,True
2026-06-04 11:00:00,32.55,1007.89,52.6,SENSOR_DRIFT,temperature,True
2026-06-04 11:01:00,32.63666666666667,1007.94,52.7,SENSOR_DRIFT,temperature,True
2026-06-04 11:02:00,32.67333333333333,1007.82,52.8,SENSOR_DRIFT,temperature,True
2026-06-04 11:03:00,32.71,1007.89,52.4,SENSOR_DRIFT,temperature,True
2026-06-04 11:04:00,32.836666666666666,1007.83,52.2,SENSOR_DRIFT,temperature,True
2026-06-04 11:05:00,32.763333333333335,1007.82,52.3,SENSOR_DRIFT,temperature,True
2026-06-04 11:06:00,32.87,1007.86,52.1,SENSOR_DRIFT,temperature,True
2026-06-04 11:07:00,32.81666666666666,1007.86,52.6,SENSOR_DRIFT,temperature,True
2026-06-04 11:08:00,33.00333333333334,1007.8,52.6,SENSOR_DRIFT,temperature,True
2026-06-04 11:09:00,32.95,1007.82,52.1,SENSOR_DRIFT,temperature,True
2026-06-04 11:10:00,32.986666666666665,1007.83,52.1,SENSOR_DRIFT,temperature,True
2026-06-04 11:11:00,32.95333333333333,1007.79,51.8,SENSOR_DRIFT,temperature,True
2026-06-04 11:12:00,33.17,1007.82,51.6,SENSOR_DRIFT,temperature,True
2026-06-04 11:13:00,33.11666666666667,1007.76,52.1,SENSOR_DRIFT,temperature,True
2026-06-04 11:14:00,33.18333333333333,1007.8,52.2,SENSOR_DRIFT,temperature,True
2026-06-04 11:15:00,33.15,1007.76,51.3,SENSOR_DRIFT,temperature,True
2026-06-04 11:16:00,33.306666666666665,1007.82,51.8,SENSOR_DRIFT,temperature,True
2026-06-04 11:17:00,33.28333333333333,1007.81,51.8,SENSOR_DRIFT,temperature,True
2026-06-04 11:18:00,33.26,1007.8,51.7,SENSOR_DRIFT,temperature,True
2026-06-04 11:19:00,33.306666666666665,1007.78,51.6,SENSOR_DRIFT,temperature,True
2026-06-04 11:20:00,33.233333333333334,1007.76,51.2,SENSOR_DRIFT,temperature,True
2026-06-04 11:21:00,33.49,1007.79,51.3,SENSOR_DRIFT,temperature,True
2026-06-04 11:22:00,33.516666666666666,1007.77,51.2,SENSOR_DRIFT,temperature,True
2026-06-04 11:23:00,33.46333333333333,1007.7,51.2,SENSOR_DRIFT,temperature,True
2026-06-04 11:24:00,33.62,1007.73,51.3,SENSOR_DRIFT,temperature,True
2026-06-04 11:25:00,33.56666666666666,1007.75,51.1,SENSOR_DRIFT,temperature,True
2026-06-04 11:26:00,33.52333333333333,1007.75,50.6,SENSOR_DRIFT,temperature,True
2026-06-04 11:27:00,33.6,1007.71,51.0,SENSOR_DRIFT,temperature,True
2026-06-04 11:28:00,33.696666666666665,1007.66,50.7,SENSOR_DRIFT,temperature,True
2026-06-04 11:29:00,33.75333333333334,1007.69,50.8,SENSOR_DRIFT,temperature,True
2026-06-04 11:30:00,33.73,1007.65,50.8,SENSOR_DRIFT,temperature,True
2026-06-04 11:31:00,33.75666666666667,1007.72,50.6,SENSOR_DRIFT,temperature,True
2026-06-04 11:32:00,33.843333333333334,1007.63,50.7,SENSOR_DRIFT,temperature,True
2026-06-04 11:33:00,33.809999999999995,1007.71,51.0,SENSOR_DRIFT,temperature,True
2026-06-04 11:34:00,33.94666666666667,1007.68,50.4,SENSOR_DRIFT,temperature,True
2026-06-04 11:35:00,33.873333333333335,1007.72,50.3,SENSOR_DRIFT,temperature,True
2026-06-04 11:36:00,34.02,1007.66,50.8,SENSOR_DRIFT,temperature,True
2026-06-04 11:37:00,33.93666666666667,1007.68,50.6,SENSOR_DRIFT,temperature,True
2026-06-04 11:38:00,34.03333333333333,1007.64,50.0,SENSOR_DRIFT,temperature,True
2026-06-04 11:39:00,34.16,1007.6,50.5,SENSOR_DRIFT,temperature,True
2026-06-04 11:40:00,34.13666666666666,1007.68,50.5,SENSOR_DRIFT,temperature,True
2026-06-04 11:41:00,34.12333333333333,1007.63,49.9,SENSOR_DRIFT,temperature,True
2026-06-04 11:42:00,34.2,1007.64,50.0,SENSOR_DRIFT,temperature,True
2026-06-04 11:43:00,34.196666666666665,1007.62,50.3,SENSOR_DRIFT,temperature,True
2026-06-04 11:44:00,34.233333333333334,1007.63,50.1,SENSOR_DRIFT,temperature,True
2026-06-04 11:45:00,34.33,1007.56,50.1,SENSOR_DRIFT,temperature,True
2026-06-04 11:46:00,34.416666666666664,1007.6,50.0,SENSOR_DRIFT,temperature,True
2026-06-04 11:47:00,34.343333333333334,1007.59,49.8,SENSOR_DRIFT,temperature,True
2026-06-04 11:48:00,34.349999999999994,1007.6,49.7,SENSOR_DRIFT,temperature,True
2026-06-04 11:49:00,34.37666666666667,1007.6,49.6,SENSOR_DRIFT,temperature,True
2026-06-04 11:50:00,34.403333333333336,1007.56,49.6,SENSOR_DRIFT,temperature,True
2026-06-04 11:51:00,34.440000000000005,1007.59,49.5,SENSOR_DRIFT,temperature,True
2026-06-04 11:52:00,34.49666666666667,1007.58,49.4,SENSOR_DRIFT,temperature,True
2026-06-04 11:53:00,34.54333333333333,1007.58,49.3,SENSOR_DRIFT,temperature,True
2026-06-04 11:54:00,34.559999999999995,1007.56,49.6,SENSOR_DRIFT,temperature,True
2026-06-04 11:55:00,34.54666666666667,1007.59,49.5,SENSOR_DRIFT,temperature,True
2026-06-04 11:56:00,34.67333333333333,1007.54,49.1,SENSOR_DRIFT,temperature,True
2026-06-04 11:57:00,34.64,1007.55,49.2,SENSOR_DRIFT,temperature,True
2026-06-04 11:58:00,34.74666666666667,1007.59,49.0,SENSOR_DRIFT,temperature,True
2026-06-04 11:59:00,34.623333333333335,1007.51,49.7,SENSOR_DRIFT,temperature,True
2026-06-04 12:00:00,34.65,1007.59,48.9,SENSOR_DRIFT,temperature,True
2026-06-04 12:01:00,34.82666666666667,1007.55,49.5,SENSOR_DRIFT,temperature,True
2026-06-04 12:02:00,34.803333333333335,1007.56,48.9,SENSOR_DRIFT,temperature,True
2026-06-04 12:03:00,34.849999999999994,1007.54,48.9,SENSOR_DRIFT,temperature,True
2026-06-04 12:04:00,34.96666666666667,1007.49,49.3,SENSOR_DRIFT,temperature,True
2026-06-04 12:05:00,35.013333333333335,1007.59,49.0,SENSOR_DRIFT,temperature,True
2026-06-04 12:06:00,34.910000000000004,1007.56,49.0,SENSOR_DRIFT,temperature,True
2026-06-04 12:07:00,34.95666666666667,1007.62,49.0,SENSOR_DRIFT,temperature,True
2026-06-04 12:08:00,35.083333333333336,1007.54,48.6,SENSOR_DRIFT,temperature,True
2026-06-04 12:09:00,35.059999999999995,1007.53,48.6,SENSOR_DRIFT,temperature,True
2026-06-04 12:10:00,34.99666666666666,1007.54,48.8,SENSOR_DRIFT,temperature,True
2026-06-04 12:11:00,35.10333333333333,1007.52,48.3,SENSOR_DRIFT,temperature,True
2026-06-04 12:12:00,35.190000000000005,1007.52,48.5,SENSOR_DRIFT,temperature,True
2026-06-04 12:13:00,35.22666666666667,1007.48,48.7,SENSOR_DRIFT,temperature,True
2026-06-04 12:14:00,35.18333333333334,1007.5,48.7,SENSOR_DRIFT,temperature,True
2026-06-04 12:15:00,35.21,1007.5,48.3,SENSOR_DRIFT,temperature,True
2026-06-04 12:16:00,35.29666666666667,1007.55,48.2,SENSOR_DRIFT,temperature,True
2026-06-04 12:17:00,35.32333333333333,1007.51,48.1,SENSOR_DRIFT,temperature,True
2026-06-04 12:18:00,35.379999999999995,1007.47,48.3,SENSOR_DRIFT,temperature,True
2026-06-04 12:19:00,35.27666666666667,1007.51,48.0,SENSOR_DRIFT,temperature,True
2026-06-04 12:20:00,35.49333333333333,1007.49,47.9,SENSOR_DRIFT,temperature,True
2026-06-04 12:21:00,35.370000000000005,1007.48,47.6,SENSOR_DRIFT,temperature,True
2026-06-04 12:22:00,35.53666666666667,1007.45,48.2,SENSOR_DRIFT,temperature,True
2026-06-04 12:23:00,35.403333333333336,1007.46,48.2,SENSOR_DRIFT,temperature,True
2026-06-04 12:24:00,35.53,1007.49,47.9,SENSOR_DRIFT,temperature,True
2026-06-04 12:25:00,35.60666666666666,1007.48,48.0,SENSOR_DRIFT,temperature,True
2026-06-04 12:26:00,35.49333333333333,1007.43,47.8,SENSOR_DRIFT,temperature,True
2026-06-04 12:27:00,35.61,1007.46,47.7,SENSOR_DRIFT,temperature,True
2026-06-04 12:28:00,35.55666666666667,1007.5,47.9,SENSOR_DRIFT,temperature,True
2026-06-04 12:29:00,35.623333333333335,1007.43,48.0,SENSOR_DRIFT,temperature,True
2026-06-04 12:30:00,35.73,1007.47,48.0,SENSOR_DRIFT,temperature,True
2026-06-04 12:31:00,35.736666666666665,1007.52,47.7,SENSOR_DRIFT,temperature,True
2026-06-04 12:32:00,35.76333333333333,1007.48,47.6,SENSOR_DRIFT,temperature,True
2026-06-04 12:33:00,35.72,1007.44,47.5,SENSOR_DRIFT,temperature,True
2026-06-04 12:34:00,35.74666666666667,1007.43,46.9,SENSOR_DRIFT,temperature,True
2026-06-04 12:35:00,35.86333333333334,1007.51,47.1,SENSOR_DRIFT,temperature,True
2026-06-04 12:36:00,35.88,1007.47,47.6,SENSOR_DRIFT,temperature,True
2026-06-04 12:37:00,35.876666666666665,1007.44,47.4,SENSOR_DRIFT,temperature,True
2026-06-04 12:38:00,35.99333333333333,1007.52,47.3,SENSOR_DRIFT,temperature,True
2026-06-04 12:39:00,36.01,1007.51,47.4,SENSOR_DRIFT,temperature,True
2026-06-04 12:40:00,35.97666666666667,1007.51,47.4,SENSOR_DRIFT,temperature,True
2026-06-04 12:41:00,36.01333333333333,1007.46,47.2,SENSOR_DRIFT,temperature,True
2026-06-04 12:42:00,35.970000000000006,1007.51,47.7,SENSOR_DRIFT,temperature,True
2026-06-04 12:43:00,36.04666666666667,1007.48,47.0,SENSOR_DRIFT,temperature,True
2026-06-04 12:44:00,36.163333333333334,1007.48,47.2,SENSOR_DRIFT,temperature,True
2026-06-04 12:45:00,36.12,1007.46,46.9,SENSOR_DRIFT,temperature,True
2026-06-04 12:46:00,36.11666666666667,1007.46,47.2,SENSOR_DRIFT,temperature,True
2026-06-04 12:47:00,36.18333333333333,1007.44,46.7,SENSOR_DRIFT,temperature,True
2026-06-04 12:48:00,36.209999999999994,1007.45,47.2,SENSOR_DRIFT,temperature,True
2026-06-04 12:49:00,36.21666666666667,1007.47,46.9,SENSOR_DRIFT,temperature,True
2026-06-04 12:50:00,36.333333333333336,1007.5,47.2,SENSOR_DRIFT,temperature,True
2026-06-04 12:51:00,36.31,1007.48,47.1,SENSOR_DRIFT,temperature,True
2026-06-04 12:52:00,36.31666666666667,1007.39,46.5,SENSOR_DRIFT,temperature,True
2026-06-04 12:53:00,36.31333333333333,1007.45,46.5,SENSOR_DRIFT,temperature,True
2026-06-04 12:54:00,36.339999999999996,1007.52,46.7,SENSOR_DRIFT,temperature,True
2026-06-04 12:55:00,36.486666666666665,1007.52,46.5,SENSOR_DRIFT,temperature,True
2026-06-04 12:56:00,36.36333333333333,1007.46,46.6,SENSOR_DRIFT,temperature,True
2026-06-04 12:57:00,36.43,1007.49,46.4,SENSOR_DRIFT,temperature,True
2026-06-04 12:58:00,36.406666666666666,1007.52,46.7,SENSOR_DRIFT,temperature,True
2026-06-04 12:59:00,36.473333333333336,1007.49,46.4,SENSOR_DRIFT,temperature,True
2026-06-04 13:00:00,36.59,1007.46,46.9,SENSOR_DRIFT,temperature,True
2026-06-04 13:01:00,36.596666666666664,1007.53,46.6,SENSOR_DRIFT,temperature,True
2026-06-04 13:02:00,36.593333333333334,1007.47,46.4,SENSOR_DRIFT,temperature,True
2026-06-04 13:03:00,36.599999999999994,1007.41,46.5,SENSOR_DRIFT,temperature,True
2026-06-04 13:04:00,36.71666666666667,1007.52,46.5,SENSOR_DRIFT,temperature,True
2026-06-04 13:05:00,36.663333333333334,1007.48,46.2,SENSOR_DRIFT,temperature,True
2026-06-04 13:06:00,36.74,1007.52,46.6,SENSOR_DRIFT,temperature,True
2026-06-04 13:07:00,36.696666666666665,1007.48,46.3,SENSOR_DRIFT,temperature,True
2026-06-04 13:08:00,36.77333333333333,1007.47,46.1,SENSOR_DRIFT,temperature,True
2026-06-04 13:09:00,36.75,1007.45,46.2,SENSOR_DRIFT,temperature,True
2026-06-04 13:10:00,36.72666666666667,1007.55,46.1,SENSOR_DRIFT,temperature,True
2026-06-04 13:11:00,36.83333333333333,1007.46,46.0,SENSOR_DRIFT,temperature,True
2026-06-04 13:12:00,36.800000000000004,1007.54,46.4,SENSOR_DRIFT,temperature,True
2026-06-04 13:13:00,36.836666666666666,1007.47,46.3,SENSOR_DRIFT,temperature,True
2026-06-04 13:14:00,36.843333333333334,1007.5,46.3,SENSOR_DRIFT,temperature,True
2026-06-04 13:15:00,36.98,1007.53,46.4,SENSOR_DRIFT,temperature,True
2026-06-04 13:16:00,37.00666666666667,1007.54,46.4,SENSOR_DRIFT,temperature,True
2026-06-04 13:17:00,37.053333333333335,1007.5,46.1,SENSOR_DRIFT,temperature,True
2026-06-04 13:18:00,37.029999999999994,1007.5,46.2,SENSOR_DRIFT,temperature,True
2026-06-04 13:19:00,37.04666666666667,1007.57,46.2,SENSOR_DRIFT,temperature,True
2026-06-04 13:20:00,37.03333333333334,1007.53,45.8,SENSOR_DRIFT,temperature,True
2026-06-04 13:21:00,37.2,1007.49,45.8,SENSOR_DRIFT,temperature,True
2026-06-04 13:22:00,37.156666666666666,1007.55,45.6,SENSOR_DRIFT,temperature,True
2026-06-04 13:23:00,37.093333333333334,1007.53,46.1,SENSOR_DRIFT,temperature,True
2026-06-04 13:24:00,37.21,1007.57,45.7,SENSOR_DRIFT,temperature,True
2026-06-04 13:25:00,37.20666666666666,1007.6,45.8,SENSOR_DRIFT,temperature,True
2026-06-04 13:26:00,37.23333333333333,1007.56,45.7,SENSOR_DRIFT,temperature,True
2026-06-04 13:27:00,37.14,1007.55,45.9,SENSOR_DRIFT,temperature,True
2026-06-04 13:28:00,37.29666666666667,1007.58,45.7,SENSOR_DRIFT,temperature,True
2026-06-04 13:29:00,37.263333333333335,1007.56,45.8,SENSOR_DRIFT,temperature,True
2026-06-04 13:30:00,37.28,1007.54,45.5,SENSOR_DRIFT,temperature,True
2026-06-04 13:31:00,37.266666666666666,1007.61,46.0,SENSOR_DRIFT,temperature,True
2026-06-04 13:32:00,37.36333333333333,1007.57,45.6,SENSOR_DRIFT,temperature,True
2026-06-04 13:33:00,37.32,1007.59,45.9,SENSOR_DRIFT,temperature,True
2026-06-04 13:34:00,37.26666666666667,1007.63,45.5,SENSOR_DRIFT,temperature,True
2026-06-04 13:35:00,37.39333333333334,1007.6,45.7,SENSOR_DRIFT,temperature,True
2026-06-04 13:36:00,37.36,1007.61,45.6,SENSOR_DRIFT,temperature,True
2026-06-04 13:37:00,37.42666666666667,1007.64,45.6,SENSOR_DRIFT,temperature,True
2026-06-04 13:38:00,37.53333333333333,1007.57,45.7,SENSOR_DRIFT,temperature,True
2026-06-04 13:39:00,37.5,1007.61,45.6,SENSOR_DRIFT,temperature,True
2026-06-04 13:40:00,37.46666666666666,1007.66,45.5,SENSOR_DRIFT,temperature,True
2026-06-04 13:41:00,37.56333333333333,1007.59,45.4,SENSOR_DRIFT,temperature,True
2026-06-04 13:42:00,37.57,1007.64,45.5,SENSOR_DRIFT,temperature,True
2026-06-04 13:43:00,37.56666666666667,1007.66,45.4,SENSOR_DRIFT,temperature,True
2026-06-04 13:44:00,37.57333333333334,1007.64,45.5,SENSOR_DRIFT,temperature,True
2026-06-04 13:45:00,37.66,1007.62,45.4,SENSOR_DRIFT,temperature,True
2026-06-04 13:46:00,37.72666666666667,1007.6,45.1,SENSOR_DRIFT,temperature,True
2026-06-04 13:47:00,37.69333333333333,1007.66,45.2,SENSOR_DRIFT,temperature,True
2026-06-04 13:48:00,37.61,1007.74,45.5,SENSOR_DRIFT,temperature,True
2026-06-04 13:49:00,37.75666666666667,1007.73,45.3,SENSOR_DRIFT,temperature,True
2026-06-04 13:50:00,37.723333333333336,1007.73,45.0,SENSOR_DRIFT,temperature,True
2026-06-04 13:51:00,37.84,1007.68,45.3,SENSOR_DRIFT,temperature,True
2026-06-04 13:52:00,37.74666666666667,1007.64,45.4,SENSOR_DRIFT,temperature,True
2026-06-04 13:53:00,37.723333333333336,1007.72,45.5,SENSOR_DRIFT,temperature,True
2026-06-04 13:54:00,37.809999999999995,1007.7,45.3,SENSOR_DRIFT,temperature,True
2026-06-04 13:55:00,37.81666666666666,1007.71,45.1,SENSOR_DRIFT,temperature,True
2026-06-04 13:56:00,37.93333333333333,1007.66,45.5,SENSOR_DRIFT,temperature,True
2026-06-04 13:57:00,37.870000000000005,1007.74,45.1,SENSOR_DRIFT,temperature,True
2026-06-04 13:58:00,37.93666666666667,1007.75,45.3,SENSOR_DRIFT,temperature,True
2026-06-04 13:59:00,37.843333333333334,1007.74,45.1,SENSOR_DRIFT,temperature,True
2026-06-04 14:00:00,37.91,1007.69,45.5,SENSOR_DRIFT,temperature,True
2026-06-04 14:01:00,37.96666666666667,1007.76,45.0,SENSOR_DRIFT,temperature,True
2026-06-04 14:02:00,37.983333333333334,1007.73,45.3,SENSOR_DRIFT,temperature,True
2026-06-04 14:03:00,38.01,1007.81,45.0,SENSOR_DRIFT,temperature,True
2026-06-04 14:04:00,37.99666666666667,1007.75,44.9,SENSOR_DRIFT,temperature,True
2026-06-04 14:05:00,38.10333333333334,1007.77,45.5,SENSOR_DRIFT,temperature,True
2026-06-04 14:06:00,38.03,1007.77,45.4,SENSOR_DRIFT,temperature,True
2026-06-04 14:07:00,38.06666666666667,1007.85,45.4,SENSOR_DRIFT,temperature,True
2026-06-04 14:08:00,38.21333333333333,1007.81,44.8,SENSOR_DRIFT,temperature,True
2026-06-04 14:09:00,38.08,1007.82,45.0,SENSOR_DRIFT,temperature,True
2026-06-04 14:10:00,38.20666666666666,1007.87,44.7,SENSOR_DRIFT,temperature,True
2026-06-04 14:11:00,38.18333333333334,1007.84,45.0,SENSOR_DRIFT,temperature,True
2026-06-04 14:12:00,38.160000000000004,1007.85,44.9,SENSOR_DRIFT,temperature,True
2026-06-04 14:13:00,38.196666666666665,1007.8,45.4,SENSOR_DRIFT,temperature,True
2026-06-04 14:14:00,38.263333333333335,1007.86,44.7,SENSOR_DRIFT,temperature,True
2026-06-04 14:15:00,38.22,1007.86,45.2,SENSOR_DRIFT,temperature,True
2026-06-04 14:16:00,38.28666666666667,1007.84,45.1,SENSOR_DRIFT,temperature,True
2026-06-04 14:17:00,38.22333333333333,1007.89,45.1,SENSOR_DRIFT,temperature,True
2026-06-04 14:18:00,38.26,1007.85,45.4,SENSOR_DRIFT,temperature,True
2026-06-04 14:19:00,38.30666666666667,1007.84,44.5,SENSOR_DRIFT,temperature,True
2026-06-04 14:20:00,38.27333333333333,1007.95,45.0,SENSOR_DRIFT,temperature,True
2026-06-04 14:21:00,38.22,1007.94,45.1,SENSOR_DRIFT,temperature,True
2026-06-04 14:22:00,38.32666666666667,1007.96,44.8,SENSOR_DRIFT,temperature,True
2026-06-04 14:23:00,38.35333333333333,1007.93,45.0,SENSOR_DRIFT,temperature,True
2026-06-04 14:24:00,38.36,1007.93,45.2,SENSOR_DRIFT,temperature,True
2026-06-04 14:25:00,38.38666666666666,1007.96,44.9,SENSOR_DRIFT,temperature,True
2026-06-04 14:26:00,38.49333333333334,1007.96,44.9,SENSOR_DRIFT,temperature,True
2026-06-04 14:27:00,38.42,1007.94,44.6,SENSOR_DRIFT,temperature,True
2026-06-04 14:28:00,38.46666666666667,1007.99,44.9,SENSOR_DRIFT,temperature,True
2026-06-04 14:29:00,38.49333333333333,1008.02,45.2,SENSOR_DRIFT,temperature,True
2026-06-04 14:30:00,38.54,1008.01,45.0,SENSOR_DRIFT,temperature,True
2026-06-04 14:31:00,38.54666666666667,1008.0,45.1,SENSOR_DRIFT,temperature,True
2026-06-04 14:32:00,38.53333333333333,1008.03,45.2,SENSOR_DRIFT,temperature,True
2026-06-04 14:33:00,38.62,1008.02,45.0,SENSOR_DRIFT,temperature,True
2026-06-04 14:34:00,38.596666666666664,1008.01,45.2,SENSOR_DRIFT,temperature,True
2026-06-04 14:35:00,38.583333333333336,1008.05,44.7,SENSOR_DRIFT,temperature,True
2026-06-04 14:36:00,38.64,1008.02,44.9,SENSOR_DRIFT,temperature,True
2026-06-04 14:37:00,38.68666666666667,1008.08,44.8,SENSOR_DRIFT,temperature,True
2026-06-04 14:38:00,38.583333333333336,1008.11,45.0,SENSOR_DRIFT,temperature,True
2026-06-04 14:39:00,38.55,1008.11,44.9,SENSOR_DRIFT,temperature,True
2026-06-04 14:40:00,38.57666666666666,1008.07,45.0,SENSOR_DRIFT,temperature,True
2026-06-04 14:41:00,38.623333333333335,1008.07,45.2,SENSOR_DRIFT,temperature,True
2026-06-04 14:42:00,38.690000000000005,1008.08,44.8,SENSOR_DRIFT,temperature,True
2026-06-04 14:43:00,38.696666666666665,1008.12,44.9,SENSOR_DRIFT,temperature,True
2026-06-04 14:44:00,38.70333333333333,1008.11,45.1,SENSOR_DRIFT,temperature,True
2026-06-04 14:45:00,38.71,1008.08,45.1,SENSOR_DRIFT,temperature,True
2026-06-04 14:46:00,38.81666666666666,1008.21,44.9,SENSOR_DRIFT,temperature,True
2026-06-04 14:47:00,38.74333333333333,1008.14,45.2,SENSOR_DRIFT,temperature,True
2026-06-04 14:48:00,38.809999999999995,1008.12,45.3,SENSOR_DRIFT,temperature,True
2026-06-04 14:49:00,38.766666666666666,1008.11,45.0,SENSOR_DRIFT,temperature,True
2026-06-04 14:50:00,38.89333333333334,1008.2,45.0,SENSOR_DRIFT,temperature,True
2026-06-04 14:51:00,38.76,1008.17,44.8,SENSOR_DRIFT,temperature,True
2026-06-04 14:52:00,38.846666666666664,1008.2,45.3,SENSOR_DRIFT,temperature,True
2026-06-04 14:53:00,38.88333333333333,1008.18,44.9,SENSOR_DRIFT,temperature,True
2026-06-04 14:54:00,38.87,1008.24,45.4,SENSOR_DRIFT,temperature,True
2026-06-04 14:55:00,38.85666666666666,1008.23,45.0,SENSOR_DRIFT,temperature,True
2026-06-04 14:56:00,38.843333333333334,1008.22,45.2,SENSOR_DRIFT,temperature,True
2026-06-04 14:57:00,38.84,1008.24,45.2,SENSOR_DRIFT,temperature,True
2026-06-04 14:58:00,38.93666666666667,1008.3,45.0,SENSOR_DRIFT,temperature,True
2026-06-04 14:59:00,38.913333333333334,1008.3,45.1,SENSOR_DRIFT,temperature,True
2026-06-04 15:00:00,38.98,1008.25,44.9,SENSOR_DRIFT,temperature,True
2026-06-04 15:01:00,38.906666666666666,1008.33,45.3,SENSOR_DRIFT,temperature,True
2026-06-04 15:02:00,39.02333333333333,1008.29,44.8,SENSOR_DRIFT,temperature,True
2026-06-04 15:03:00,39.0,1008.33,45.2,SENSOR_DRIFT,temperature,True
2026-06-04 15:04:00,39.03666666666666,1008.36,45.3,SENSOR_DRIFT,temperature,True
2026-06-04 15:05:00,38.983333333333334,1008.34,45.0,SENSOR_DRIFT,temperature,True
2026-06-04 15:06:00,39.07,1008.38,45.4,SENSOR_DRIFT,temperature,True
2026-06-04 15:07:00,39.00666666666667,1008.35,45.0,SENSOR_DRIFT,temperature,True
2026-06-04 15:08:00,39.083333333333336,1008.41,45.2,SENSOR_DRIFT,temperature,True
2026-06-04 15:09:00,39.14,1008.37,45.3,SENSOR_DRIFT,temperature,True
2026-06-04 15:10:00,39.086666666666666,1008.42,45.1,SENSOR_DRIFT,temperature,True
2026-06-04 15:11:00,38.99333333333334,1008.41,45.2,SENSOR_DRIFT,temperature,True
2026-06-04 15:12:00,39.13,1008.38,45.2,SENSOR_DRIFT,temperature,True
2026-06-04 15:13:00,39.086666666666666,1008.41,45.7,SENSOR_DRIFT,temperature,True
2026-06-04 15:14:00,39.06333333333333,1008.42,45.3,SENSOR_DRIFT,temperature,True
2026-06-04 15:15:00,39.12,1008.5,45.5,SENSOR_DRIFT,temperature,True
2026-06-04 15:16:00,39.13666666666666,1008.45,45.2,SENSOR_DRIFT,temperature,True
2026-06-04 15:17:00,39.15333333333333,1008.46,45.3,SENSOR_DRIFT,temperature,True
2026-06-04 15:18:00,39.26,1008.49,45.6,SENSOR_DRIFT,temperature,True
2026-06-04 15:19:00,39.00666666666666,1008.48,45.5,SENSOR_DRIFT,temperature,True
2026-06-04 15:20:00,39.18333333333334,1008.55,45.6,SENSOR_DRIFT,temperature,True
2026-06-04 15:21:00,39.17,1008.47,45.6,SENSOR_DRIFT,temperature,True
2026-06-04 15:22:00,39.18666666666667,1008.59,45.5,SENSOR_DRIFT,temperature,True
2026-06-04 15:23:00,39.263333333333335,1008.57,45.6,SENSOR_DRIFT,temperature,True
2026-06-04 15:24:00,39.22,1008.57,45.1,SENSOR_DRIFT,temperature,True
2026-06-04 15:25:00,39.236666666666665,1008.61,45.7,SENSOR_DRIFT,temperature,True
2026-06-04 15:26:00,39.27333333333334,1008.56,45.3,SENSOR_DRIFT,temperature,True
2026-06-04 15:27:00,39.24,1008.6,45.8,SENSOR_DRIFT,temperature,True
2026-06-04 15:28:00,39.20666666666667,1008.61,45.7,SENSOR_DRIFT,temperature,True
2026-06-04 15:29:00,39.25333333333334,1008.61,45.6,SENSOR_DRIFT,temperature,True
2026-06-04 15:30:00,39.35,1008.61,45.7,SENSOR_DRIFT,temperature,True
2026-06-04 15:31:00,39.31666666666666,1008.64,45.6,SENSOR_DRIFT,temperature,True
2026-06-04 15:32:00,39.343333333333334,1008.67,45.7,SENSOR_DRIFT,temperature,True
2026-06-04 15:33:00,39.33,1008.69,45.8,SENSOR_DRIFT,temperature,True
2026-06-04 15:34:00,39.38666666666667,1008.67,46.0,SENSOR_DRIFT,temperature,True
2026-06-04 15:35:00,39.29333333333334,1008.7,45.5,SENSOR_DRIFT,temperature,True
2026-06-04 15:36:00,39.42,1008.71,45.9,SENSOR_DRIFT,temperature,True
2026-06-04 15:37:00,39.336666666666666,1008.74,46.0,SENSOR_DRIFT,temperature,True
2026-06-04 15:38:00,39.39333333333333,1008.76,46.0,SENSOR_DRIFT,temperature,True
2026-06-04 15:39:00,39.44,1008.76,45.6,SENSOR_DRIFT,temperature,True
2026-06-04 15:40:00,39.32666666666666,1008.76,45.5,SENSOR_DRIFT,temperature,True
2026-06-04 15:41:00,39.28333333333333,1008.81,46.0,SENSOR_DRIFT,temperature,True
2026-06-04 15:42:00,39.400000000000006,1008.75,45.9,SENSOR_DRIFT,temperature,True
2026-06-04 15:43:00,39.39666666666667,1008.82,45.9,SENSOR_DRIFT,temperature,True
2026-06-04 15:44:00,39.39333333333333,1008.84,45.8,SENSOR_DRIFT,temperature,True
2026-06-04 15:45:00,39.37,1008.8,46.1,SENSOR_DRIFT,temperature,True
2026-06-04 15:46:00,39.446666666666665,1008.85,45.9,SENSOR_DRIFT,temperature,True
2026-06-04 15:47:00,39.47333333333333,1008.8,46.2,SENSOR_DRIFT,temperature,True
2026-06-04 15:48:00,39.44,1008.85,46.1,SENSOR_DRIFT,temperature,True
2026-06-04 15:49:00,39.46666666666667,1008.79,45.9,SENSOR_DRIFT,temperature,True
2026-06-04 15:50:00,39.49333333333333,1008.92,46.3,SENSOR_DRIFT,temperature,True
2026-06-04 15:51:00,39.550000000000004,1008.86,46.0,SENSOR_DRIFT,temperature,True
2026-06-04 15:52:00,39.39666666666667,1008.89,46.7,SENSOR_DRIFT,temperature,True
2026-06-04 15:53:00,39.403333333333336,1008.93,46.6,SENSOR_DRIFT,temperature,True
2026-06-04 15:54:00,39.449999999999996,1008.94,46.0,SENSOR_DRIFT,temperature,True
2026-06-04 15:55:00,39.57666666666666,1008.93,46.3,SENSOR_DRIFT,temperature,True
2026-06-04 15:56:00,39.49333333333334,1008.96,46.2,SENSOR_DRIFT,temperature,True
2026-06-04 15:57:00,39.53,1008.96,46.5,SENSOR_DRIFT,temperature,True
2026-06-04 15:58:00,39.516666666666666,1008.96,46.7,SENSOR_DRIFT,temperature,True
2026-06-04 15:59:00,39.57333333333334,1009.01,46.4,SENSOR_DRIFT,temperature,True
2026-06-04 16:00:00,39.57,1009.07,46.5,SENSOR_DRIFT,temperature,True
2026-06-04 16:01:00,39.56666666666666,1008.98,46.8,SENSOR_DRIFT,temperature,True
2026-06-04 16:02:00,39.70333333333333,1009.05,46.7,SENSOR_DRIFT,temperature,True
2026-06-04 16:03:00,39.54,1009.05,46.5,SENSOR_DRIFT,temperature,True
2026-06-04 16:04:00,39.57666666666667,1009.09,46.9,SENSOR_DRIFT,temperature,True
2026-06-04 16:05:00,39.60333333333334,1009.08,47.0,SENSOR_DRIFT,temperature,True
2026-06-04 16:06:00,39.63,1009.08,46.7,SENSOR_DRIFT,temperature,True
2026-06-04 16:07:00,39.57666666666667,1009.1,46.8,SENSOR_DRIFT,temperature,True
2026-06-04 16:08:00,39.583333333333336,1009.12,47.1,SENSOR_DRIFT,temperature,True
2026-06-04 16:09:00,39.57,1009.17,46.8,SENSOR_DRIFT,temperature,True
2026-06-04 16:10:00,39.63666666666666,1009.11,46.6,SENSOR_DRIFT,temperature,True
2026-06-04 16:11:00,39.58333333333333,1009.11,46.9,SENSOR_DRIFT,temperature,True
2026-06-04 16:12:00,39.620000000000005,1009.1,47.1,SENSOR_DRIFT,temperature,True
2026-06-04 16:13:00,39.54666666666667,1009.18,46.8,SENSOR_DRIFT,temperature,True
2026-06-04 16:14:00,39.68333333333334,1009.13,46.9,SENSOR_DRIFT,temperature,True
2026-06-04 16:15:00,39.71,1009.2,47.0,SENSOR_DRIFT,temperature,True
2026-06-04 16:16:00,39.56666666666666,1009.23,47.2,SENSOR_DRIFT,temperature,True
2026-06-04 16:17:00,39.64333333333333,1009.22,47.0,SENSOR_DRIFT,temperature,True
2026-06-04 16:18:00,39.65,1009.27,47.4,SENSOR_DRIFT,temperature,True
2026-06-04 16:19:00,39.70666666666666,1009.27,47.2,SENSOR_DRIFT,temperature,True
2026-06-04 16:20:00,39.70333333333333,1009.25,47.4,SENSOR_DRIFT,temperature,True
2026-06-04 16:21:00,39.57,1009.26,47.2,SENSOR_DRIFT,temperature,True
2026-06-04 16:22:00,39.776666666666664,1009.28,47.4,SENSOR_DRIFT,temperature,True
2026-06-04 16:23:00,39.60333333333333,1009.3,47.5,SENSOR_DRIFT,temperature,True
2026-06-04 16:24:00,39.67,1009.31,47.3,SENSOR_DRIFT,temperature,True
2026-06-04 16:25:00,39.72666666666667,1009.3,47.2,SENSOR_DRIFT,temperature,True
2026-06-04 16:26:00,39.71333333333334,1009.3,47.2,SENSOR_DRIFT,temperature,True
2026-06-04 16:27:00,39.690000000000005,1009.34,47.9,SENSOR_DRIFT,temperature,True
2026-06-04 16:28:00,39.766666666666666,1009.32,47.5,SENSOR_DRIFT,temperature,True
2026-06-04 16:29:00,39.70333333333333,1009.36,47.8,SENSOR_DRIFT,temperature,True
2026-06-04 16:30:00,39.7,1009.37,47.9,SENSOR_DRIFT,temperature,True
2026-06-04 16:31:00,39.71666666666667,1009.4,48.1,SENSOR_DRIFT,temperature,True
2026-06-04 16:32:00,39.663333333333334,1009.39,48.0,SENSOR_DRIFT,temperature,True
2026-06-04 16:33:00,39.75,1009.39,47.9,SENSOR_DRIFT,temperature,True
2026-06-04 16:34:00,39.70666666666666,1009.4,47.8,SENSOR_DRIFT,temperature,True
2026-06-04 16:35:00,39.70333333333333,1009.42,47.7,SENSOR_DRIFT,temperature,True
2026-06-04 16:36:00,39.68,1009.42,48.1,SENSOR_DRIFT,temperature,True
2026-06-04 16:37:00,39.736666666666665,1009.45,48.1,SENSOR_DRIFT,temperature,True
2026-06-04 16:38:00,39.75333333333333,1009.43,48.0,SENSOR_DRIFT,temperature,True
2026-06-04 16:39:00,39.64,1009.5,48.1,SENSOR_DRIFT,temperature,True
2026-06-04 16:40:00,39.776666666666664,1009.47,47.7,SENSOR_DRIFT,temperature,True
2026-06-04 16:41:00,39.74333333333334,1009.51,48.0,SENSOR_DRIFT,temperature,True
2026-06-04 16:42:00,39.74,1009.48,48.2,SENSOR_DRIFT,temperature,True
2026-06-04 16:43:00,39.70666666666667,1009.48,48.4,SENSOR_DRIFT,temperature,True
2026-06-04 16:44:00,39.723333333333336,1009.56,48.3,SENSOR_DRIFT,temperature,True
2026-06-04 16:45:00,39.73,1009.56,48.2,SENSOR_DRIFT,temperature,True
2026-06-04 16:46:00,39.70666666666666,1009.56,48.7,SENSOR_DRIFT,temperature,True
2026-06-04 16:47:00,39.65333333333333,1009.58,48.7,SENSOR_DRIFT,temperature,True
2026-06-04 16:48:00,39.73,1009.58,48.4,SENSOR_DRIFT,temperature,True
2026-06-04 16:49:00,39.75666666666666,1009.56,48.4,SENSOR_DRIFT,temperature,True
2026-06-04 16:50:00,39.63333333333333,1009.65,48.5,SENSOR_DRIFT,temperature,True
2026-06-04 16:51:00,39.78,1009.56,48.7,SENSOR_DRIFT,temperature,True
2026-06-04 16:52:00,39.72666666666667,1009.65,48.6,SENSOR_DRIFT,temperature,True
2026-06-04 16:53:00,39.75333333333333,1009.64,48.8,SENSOR_DRIFT,temperature,True
2026-06-04 16:54:00,39.76,1009.62,48.8,SENSOR_DRIFT,temperature,True
2026-06-04 16:55:00,39.71666666666666,1009.64,48.9,SENSOR_DRIFT,temperature,True
2026-06-04 16:56:00,39.80333333333333,1009.7,48.6,SENSOR_DRIFT,temperature,True
2026-06-04 16:57:00,39.74,1009.63,48.5,SENSOR_DRIFT,temperature,True
2026-06-04 16:58:00,39.71666666666667,1009.71,48.8,SENSOR_DRIFT,temperature,True
2026-06-04 16:59:00,39.82333333333334,1009.65,48.9,SENSOR_DRIFT,temperature,True
2026-06-04 17:00:00,39.71,1009.71,49.3,SENSOR_DRIFT,temperature,True
2026-06-04 17:01:00,39.806666666666665,1009.74,49.1,SENSOR_DRIFT,temperature,True
2026-06-04 17:02:00,39.77333333333333,1009.77,49.4,SENSOR_DRIFT,temperature,True
2026-06-04 17:03:00,39.779999999999994,1009.77,49.3,SENSOR_DRIFT,temperature,True
2026-06-04 17:04:00,39.78666666666666,1009.78,49.5,SENSOR_DRIFT,temperature,True
2026-06-04 17:05:00,39.833333333333336,1009.76,49.7,SENSOR_DRIFT,temperature,True
2026-06-04 17:06:00,39.71,1009.86,49.3,SENSOR_DRIFT,temperature,True
2026-06-04 17:07:00,39.67666666666667,1009.79,49.5,SENSOR_DRIFT,temperature,True
2026-06-04 17:08:00,39.733333333333334,1009.82,49.1,SENSOR_DRIFT,temperature,True
2026-06-04 17:09:00,39.809999999999995,1009.81,49.9,SENSOR_DRIFT,temperature,True
2026-06-04 17:10:00,39.81666666666666,1009.77,49.7,SENSOR_DRIFT,temperature,True
2026-06-04 17:11:00,39.75333333333333,1009.83,49.6,SENSOR_DRIFT,temperature,True
2026-06-04 17:12:00,39.78,1009.87,49.8,SENSOR_DRIFT,temperature,True
2026-06-04 17:13:00,39.82666666666667,1009.86,50.2,SENSOR_DRIFT,temperature,True
2026-06-04 17:14:00,39.74333333333333,1009.93,49.8,SENSOR_DRIFT,temperature,True
2026-06-04 17:15:00,39.71,1009.86,50.3,SENSOR_DRIFT,temperature,True
2026-06-04 17:16:00,39.766666666666666,1009.89,50.3,SENSOR_DRIFT,temperature,True
2026-06-04 17:17:00,39.69333333333333,1009.86,49.7,SENSOR_DRIFT,temperature,True
2026-06-04 17:18:00,39.769999999999996,1009.91,49.9,SENSOR_DRIFT,temperature,True
2026-06-04 17:19:00,39.77666666666667,1009.9,50.7,SENSOR_DRIFT,temperature,True
2026-06-04 17:20:00,39.75333333333334,1009.87,50.0,SENSOR_DRIFT,temperature,True
2026-06-04 17:21:00,39.660000000000004,1009.92,50.5,SENSOR_DRIFT,temperature,True
2026-06-04 17:22:00,39.79666666666667,1010.01,50.0,SENSOR_DRIFT,temperature,True
2026-06-04 17:23:00,39.733333333333334,1009.94,50.6,SENSOR_DRIFT,temperature,True
2026-06-04 17:24:00,39.809999999999995,1009.91,50.7,SENSOR_DRIFT,temperature,True
2026-06-04 17:25:00,39.78666666666666,1010.0,50.4,SENSOR_DRIFT,temperature,True
2026-06-04 17:26:00,39.80333333333333,1009.95,50.5,SENSOR_DRIFT,temperature,True
2026-06-04 17:27:00,39.77,1010.0,50.6,SENSOR_DRIFT,temperature,True
2026-06-04 17:28:00,39.78666666666667,1010.0,51.1,SENSOR_DRIFT,temperature,True
2026-06-04 17:29:00,39.763333333333335,1010.02,50.6,SENSOR_DRIFT,temperature,True
2026-06-04 17:30:00,39.82,1010.04,51.1,SENSOR_DRIFT,temperature,True
2026-06-04 17:31:00,39.696666666666665,1010.05,51.2,SENSOR_DRIFT,temperature,True
2026-06-04 17:32:00,39.803333333333335,1010.06,51.1,SENSOR_DRIFT,temperature,True
2026-06-04 17:33:00,39.75,1010.02,51.3,SENSOR_DRIFT,temperature,True
2026-06-04 17:34:00,39.656666666666666,1010.03,50.9,SENSOR_DRIFT,temperature,True
2026-06-04 17:35:00,39.70333333333333,1010.06,51.3,SENSOR_DRIFT,temperature,True
2026-06-04 17:36:00,39.72,1010.12,51.0,SENSOR_DRIFT,temperature,True
2026-06-04 17:37:00,39.70666666666667,1010.05,51.5,SENSOR_DRIFT,temperature,True
2026-06-04 17:38:00,39.74333333333333,1010.07,51.4,SENSOR_DRIFT,temperature,True
2026-06-04 17:39:00,39.79,1010.16,51.4,SENSOR_DRIFT,temperature,True
2026-06-04 17:40:00,39.736666666666665,1010.11,51.3,SENSOR_DRIFT,temperature,True
2026-06-04 17:41:00,39.733333333333334,1010.1,51.8,SENSOR_DRIFT,temperature,True
2026-06-04 17:42:00,39.730000000000004,1010.17,51.8,SENSOR_DRIFT,temperature,True
2026-06-04 17:43:00,39.666666666666664,1010.13,51.5,SENSOR_DRIFT,temperature,True
2026-06-04 17:44:00,39.693333333333335,1010.18,51.8,SENSOR_DRIFT,temperature,True
2026-06-04 17:45:00,39.68,1010.12,52.0,SENSOR_DRIFT,temperature,True
2026-06-04 17:46:00,39.68666666666667,1010.13,51.8,SENSOR_DRIFT,temperature,True
2026-06-04 17:47:00,39.623333333333335,1010.15,52.2,SENSOR_DRIFT,temperature,True
2026-06-04 17:48:00,39.68,1010.16,52.3,SENSOR_DRIFT,temperature,True
2026-06-04 17:49:00,39.71666666666667,1010.23,52.1,SENSOR_DRIFT,temperature,True
2026-06-04 17:50:00,39.74333333333333,1010.19,52.2,SENSOR_DRIFT,temperature,True
2026-06-04 17:51:00,39.7,1010.21,52.5,SENSOR_DRIFT,temperature,True
2026-06-04 17:52:00,39.70666666666666,1010.24,52.3,SENSOR_DRIFT,temperature,True
2026-06-04 17:53:00,39.67333333333333,1010.17,52.4,SENSOR_DRIFT,temperature,True
2026-06-04 17:54:00,39.62,1010.25,52.6,SENSOR_DRIFT,temperature,True
2026-06-04 17:55:00,39.71666666666667,1010.21,52.2,SENSOR_DRIFT,temperature,True
2026-06-04 17:56:00,39.68333333333334,1010.21,52.8,SENSOR_DRIFT,temperature,True
2026-06-04 17:57:00,39.65,1010.21,52.3,SENSOR_DRIFT,temperature,True
2026-06-04 17:58:00,39.68666666666667,1010.17,52.8,SENSOR_DRIFT,temperature,True
2026-06-04 17:59:00,39.67333333333333,1010.23,52.8,SENSOR_DRIFT,temperature,True
2026-06-04 18:00:00,31.61,1010.27,52.7,NORMAL,,False
2026-06-04 18:01:00,31.62,1010.3,52.9,NORMAL,,False
2026-06-04 18:02:00,31.64,1010.29,52.7,NORMAL,,False
2026-06-04 18:03:00,31.51,1010.33,52.8,NORMAL,,False
2026-06-04 18:04:00,31.49,1010.36,52.9,NORMAL,,False
2026-06-04 18:05:00,31.55,1010.3,53.2,NORMAL,,False
2026-06-04 18:06:00,31.54,1010.34,53.6,NORMAL,,False
2026-06-04 18:07:00,31.48,1010.32,53.4,NORMAL,,False
2026-06-04 18:08:00,31.48,1010.35,53.6,NORMAL,,False
2026-06-04 18:09:00,31.49,1010.33,53.5,NORMAL,,False
2026-06-04 18:10:00,31.5,1010.34,53.9,NORMAL,,False
2026-06-04 18:11:00,31.46,1010.36,53.7,NORMAL,,False
2026-06-04 18:12:00,31.43,1010.37,53.8,NORMAL,,False
2026-06-04 18:13:00,31.38,1010.37,53.7,NORMAL,,False
2026-06-04 18:14:00,31.31,1010.41,53.7,NORMAL,,False
2026-06-04 18:15:00,31.37,1010.38,53.5,NORMAL,,False
2026-06-04 18:16:00,31.31,1010.4,53.6,NORMAL,,False
2026-06-04 18:17:00,31.32,1010.37,53.7,NORMAL,,False
2026-06-04 18:18:00,31.22,1010.44,53.9,NORMAL,,False
2026-06-04 18:19:00,31.22,1010.37,54.3,NORMAL,,False
2026-06-04 18:20:00,31.2,1010.42,54.2,NORMAL,,False
2026-06-04 18:21:00,31.22,1010.4,53.7,NORMAL,,False
2026-06-04 18:22:00,31.2,1010.37,54.0,NORMAL,,False
2026-06-04 18:23:00,31.08,1010.37,54.1,NORMAL,,False
2026-06-04 18:24:00,31.07,1010.37,54.5,NORMAL,,False
2026-06-04 18:25:00,31.09,1010.51,54.6,NORMAL,,False
2026-06-04 18:26:00,31.04,1010.37,54.9,NORMAL,,False
2026-06-04 18:27:00,31.11,1010.46,54.6,NORMAL,,False
2026-06-04 18:28:00,31.06,1010.43,54.8,NORMAL,,False
2026-06-04 18:29:00,31.06,1010.49,54.8,NORMAL,,False
2026-06-04 18:30:00,31.05,1010.45,55.2,NORMAL,,False
2026-06-04 18:31:00,30.9,1010.48,55.4,NORMAL,,False
2026-06-04 18:32:00,30.91,1010.45,55.2,NORMAL,,False
2026-06-04 18:33:00,30.89,1010.44,55.2,NORMAL,,False
2026-06-04 18:34:00,30.93,1010.47,55.3,NORMAL,,False
2026-06-04 18:35:00,30.87,1010.44,55.5,NORMAL,,False
2026-06-04 18:36:00,30.88,1010.49,55.1,NORMAL,,False
2026-06-04 18:37:00,30.88,1010.51,55.3,NORMAL,,False
2026-06-04 18:38:00,30.86,1010.49,55.8,NORMAL,,False
2026-06-04 18:39:00,30.84,1010.51,55.9,NORMAL,,False
2026-06-04 18:40:00,30.83,1010.48,55.8,NORMAL,,False
2026-06-04 18:41:00,30.71,1010.53,56.0,NORMAL,,False
2026-06-04 18:42:00,30.7,1010.5,55.9,NORMAL,,False
2026-06-04 18:43:00,30.75,1010.55,55.7,NORMAL,,False
2026-06-04 18:44:00,30.7,1010.48,55.8,NORMAL,,False
2026-06-04 18:45:00,30.64,1010.52,56.1,NORMAL,,False
2026-06-04 18:46:00,30.64,1010.57,56.1,NORMAL,,False
2026-06-04 18:47:00,30.61,1010.55,56.2,NORMAL,,False
2026-06-04 18:48:00,30.53,1010.49,56.6,NORMAL,,False
2026-06-04 18:49:00,30.65,1010.51,56.2,NORMAL,,False
2026-06-04 18:50:00,30.52,1010.54,56.7,NORMAL,,False
2026-06-04 18:51:00,30.6,1010.53,56.6,NORMAL,,False
2026-06-04 18:52:00,30.56,1010.5,57.0,NORMAL,,False
2026-06-04 18:53:00,30.53,1010.5,57.0,NORMAL,,False
2026-06-04 18:54:00,30.46,1010.5,56.8,NORMAL,,False
2026-06-04 18:55:00,30.45,1010.56,57.1,NORMAL,,False
2026-06-04 18:56:00,30.36,1010.55,57.3,NORMAL,,False
2026-06-04 18:57:00,30.38,1010.51,57.0,NORMAL,,False
2026-06-04 18:58:00,30.36,1010.56,57.3,NORMAL,,False
2026-06-04 18:59:00,30.36,1010.54,57.6,NORMAL,,False
2026-06-04 19:00:00,30.2,1010.55,57.5,NORMAL,,False
2026-06-04 19:01:00,30.22,1010.59,57.2,NORMAL,,False
2026-06-04 19:02:00,30.21,1010.58,57.4,NORMAL,,False
2026-06-04 19:03:00,30.24,1010.55,57.6,NORMAL,,False
2026-06-04 19:04:00,30.11,1010.49,58.1,NORMAL,,False
2026-06-04 19:05:00,30.17,1010.56,57.5,NORMAL,,False
2026-06-04 19:06:00,30.14,1010.57,57.9,NORMAL,,False
2026-06-04 19:07:00,29.99,1010.57,58.1,NORMAL,,False
2026-06-04 19:08:00,30.05,1010.55,58.0,NORMAL,,False
2026-06-04 19:09:00,29.93,1010.62,58.4,NORMAL,,False
2026-06-04 19:10:00,30.08,1010.6,58.4,NORMAL,,False
2026-06-04 19:11:00,30.01,1010.57,58.2,NORMAL,,False
2026-06-04 19:12:00,30.02,1010.61,58.1,NORMAL,,False
2026-06-04 19:13:00,29.98,1010.59,58.4,NORMAL,,False
2026-06-04 19:14:00,29.96,1010.57,58.4,NORMAL,,False
2026-06-04 19:15:00,29.82,1010.59,58.8,NORMAL,,False
2026-06-04 19:16:00,29.92,1010.56,59.0,NORMAL,,False
2026-06-04 19:17:00,29.88,1010.61,58.6,NORMAL,,False
2026-06-04 19:18:00,29.79,1010.62,59.0,NORMAL,,False
2026-06-04 19:19:00,29.85,1010.57,59.2,NORMAL,,False
2026-06-04 19:20:00,29.78,1010.55,59.1,NORMAL,,False
2026-06-04 19:21:00,29.78,1010.61,59.3,NORMAL,,False
2026-06-04 19:22:00,29.75,1010.6,58.9,NORMAL,,False
2026-06-04 19:23:00,29.7,1010.51,59.2,NORMAL,,False
2026-06-04 19:24:00,29.78,1010.56,59.4,NORMAL,,False
2026-06-04 19:25:00,29.7,1010.61,59.2,NORMAL,,False
2026-06-04 19:26:00,29.64,1010.6,59.6,NORMAL,,False
2026-06-04 19:27:00,29.73,1010.63,59.9,NORMAL,,False
2026-06-04 19:28:00,29.65,1010.53,59.9,NORMAL,,False
2026-06-04 19:29:00,29.61,1010.55,59.5,NORMAL,,False
2026-06-04 19:30:00,29.63,1010.54,59.8,NORMAL,,False
2026-06-04 19:31:00,29.46,1010.59,60.1,NORMAL,,False
2026-06-04 19:32:00,29.51,1010.58,59.7,NORMAL,,False
2026-06-04 19:33:00,29.52,1010.54,59.9,NORMAL,,False
2026-06-04 19:34:00,29.44,1010.6,60.2,NORMAL,,False
2026-06-04 19:35:00,29.38,1010.59,60.2,NORMAL,,False
2026-06-04 19:36:00,29.45,1010.56,60.4,NORMAL,,False
2026-06-04 19:37:00,29.3,1010.59,60.8,NORMAL,,False
2026-06-04 19:38:00,29.31,1010.57,60.4,NORMAL,,False
2026-06-04 19:39:00,29.34,1010.61,60.5,NORMAL,,False
2026-06-04 19:40:00,29.37,1010.57,60.7,NORMAL,,False
2026-06-04 19:41:00,29.24,1010.53,60.7,NORMAL,,False
2026-06-04 19:42:00,29.29,1010.57,61.1,NORMAL,,False
2026-06-04 19:43:00,29.32,1010.56,60.9,NORMAL,,False
2026-06-04 19:44:00,29.26,1010.57,60.7,NORMAL,,False
2026-06-04 19:45:00,29.09,1010.56,60.8,NORMAL,,False
2026-06-04 19:46:00,29.1,1010.54,61.3,NORMAL,,False
2026-06-04 19:47:00,29.22,1010.53,61.4,NORMAL,,False
2026-06-04 19:48:00,29.11,1010.62,61.5,NORMAL,,False
2026-06-04 19:49:00,29.01,1010.58,61.4,NORMAL,,False
2026-06-04 19:50:00,29.06,1010.52,61.4,NORMAL,,False
2026-06-04 19:51:00,29.01,1010.56,61.9,NORMAL,,False
2026-06-04 19:52:00,29.01,1010.54,62.0,NORMAL,,False
2026-06-04 19:53:00,28.96,1010.5,61.7,NORMAL,,False
2026-06-04 19:54:00,28.96,1010.54,61.6,NORMAL,,False
2026-06-04 19:55:00,28.98,1010.56,62.1,NORMAL,,False
2026-06-04 19:56:00,28.81,1010.57,62.0,NORMAL,,False
2026-06-04 19:57:00,28.8,1010.49,62.2,NORMAL,,False
2026-06-04 19:58:00,28.78,1010.51,62.3,NORMAL,,False
2026-06-04 19:59:00,28.81,1010.49,62.5,NORMAL,,False
2026-06-04 20:00:00,28.93,1010.51,62.6,NORMAL,,False
2026-06-04 20:01:00,28.82,1010.54,62.6,NORMAL,,False
2026-06-04 20:02:00,28.72,1010.53,62.8,NORMAL,,False
2026-06-04 20:03:00,28.74,1010.51,62.7,NORMAL,,False
2026-06-04 20:04:00,28.67,1010.51,62.5,NORMAL,,False
2026-06-04 20:05:00,28.6,1010.53,62.8,NORMAL,,False
2026-06-04 20:06:00,28.71,1010.48,62.7,NORMAL,,False
2026-06-04 20:07:00,28.55,1010.52,63.1,NORMAL,,False
2026-06-04 20:08:00,28.55,1010.58,63.0,NORMAL,,False
2026-06-04 20:09:00,28.53,1010.46,63.0,NORMAL,,False
2026-06-04 20:10:00,28.45,1010.52,63.5,NORMAL,,False
2026-06-04 20:11:00,28.47,1010.48,63.6,NORMAL,,False
2026-06-04 20:12:00,28.45,1010.42,63.4,NORMAL,,False
2026-06-04 20:13:00,28.39,1010.49,63.6,NORMAL,,False
2026-06-04 20:14:00,28.42,1010.48,63.6,NORMAL,,False
2026-06-04 20:15:00,28.5,1010.47,64.0,NORMAL,,False
2026-06-04 20:16:00,28.33,1010.51,63.9,NORMAL,,False
2026-06-04 20:17:00,28.41,1010.46,63.6,NORMAL,,False
2026-06-04 20:18:00,28.28,1010.46,63.7,NORMAL,,False
2026-06-04 20:19:00,28.23,1010.45,64.0,NORMAL,,False
2026-06-04 20:20:00,28.3,1010.41,64.2,NORMAL,,False
2026-06-04 20:21:00,28.3,1010.5,64.1,NORMAL,,False
2026-06-04 20:22:00,28.22,1010.47,64.6,NORMAL,,False
2026-06-04 20:23:00,28.15,1010.42,64.3,NORMAL,,False
2026-06-04 20:24:00,28.14,1010.39,64.5,NORMAL,,False
2026-06-04 20:25:00,28.14,1010.36,64.6,NORMAL,,False
2026-06-04 20:26:00,28.08,1010.39,64.5,NORMAL,,False
2026-06-04 20:27:00,28.17,1010.38,64.4,NORMAL,,False
2026-06-04 20:28:00,28.06,1010.42,64.8,NORMAL,,False
2026-06-04 20:29:00,28.11,1010.41,65.3,NORMAL,,False
2026-06-04 20:30:00,27.97,1010.36,65.1,NORMAL,,False
2026-06-04 20:31:00,28.04,1010.36,65.6,NORMAL,,False
2026-06-04 20:32:00,27.9,1010.39,65.1,NORMAL,,False
2026-06-04 20:33:00,27.93,1010.35,65.2,NORMAL,,False
2026-06-04 20:34:00,27.97,1010.36,65.3,NORMAL,,False
2026-06-04 20:35:00,27.88,1010.37,65.7,NORMAL,,False
2026-06-04 20:36:00,27.88,1010.37,65.4,NORMAL,,False
2026-06-04 20:37:00,27.83,1010.28,66.0,NORMAL,,False
2026-06-04 20:38:00,27.8,1010.36,65.9,NORMAL,,False
2026-06-04 20:39:00,27.71,1010.37,66.0,NORMAL,,False
2026-06-04 20:40:00,27.8,1010.34,65.7,NORMAL,,False
2026-06-04 20:41:00,27.66,1010.33,65.9,NORMAL,,False
2026-06-04 20:42:00,27.7,1010.29,65.7,NORMAL,,False
2026-06-04 20:43:00,27.69,1010.34,66.1,NORMAL,,False
2026-06-04 20:44:00,27.57,1010.3,66.2,NORMAL,,False
2026-06-04 20:45:00,27.59,1010.28,66.0,NORMAL,,False
2026-06-04 20:46:00,27.52,1010.27,66.4,NORMAL,,False
2026-06-04 20:47:00,27.53,1010.28,66.4,NORMAL,,False
2026-06-04 20:48:00,27.45,1010.26,66.5,NORMAL,,False
2026-06-04 20:49:00,27.44,1010.29,66.7,NORMAL,,False
2026-06-04 20:50:00,27.49,1010.24,66.5,NORMAL,,False
2026-06-04 20:51:00,27.52,1010.24,66.4,NORMAL,,False
2026-06-04 20:52:00,27.49,1010.31,67.0,NORMAL,,False
2026-06-04 20:53:00,27.48,1010.3,67.3,NORMAL,,False
2026-06-04 20:54:00,27.38,1010.28,66.9,NORMAL,,False
2026-06-04 20:55:00,27.29,1010.22,66.8,NORMAL,,False
2026-06-04 20:56:00,27.32,1010.27,67.3,NORMAL,,False
2026-06-04 20:57:00,27.29,1010.23,67.8,NORMAL,,False
2026-06-04 20:58:00,27.31,1010.23,67.3,NORMAL,,False
2026-06-04 20:59:00,27.26,1010.22,67.3,NORMAL,,False
2026-06-04 21:00:00,27.17,1010.18,68.1,NORMAL,,False
2026-06-04 21:01:00,27.2,1010.16,67.6,NORMAL,,False
2026-06-04 21:02:00,27.19,1010.15,67.9,NORMAL,,False
2026-06-04 21:03:00,27.09,1010.21,68.1,NORMAL,,False
2026-06-04 21:04:00,27.15,1010.17,67.7,NORMAL,,False
2026-06-04 21:05:00,27.15,1010.14,67.6,NORMAL,,False
2026-06-04 21:06:00,27.03,1010.21,68.2,NORMAL,,False
2026-06-04 21:07:00,27.13,1010.19,68.1,NORMAL,,False
2026-06-04 21:08:00,26.92,1010.2,68.4,NORMAL,,False
2026-06-04 21:09:00,26.91,1010.19,68.4,NORMAL,,False
2026-06-04 21:10:00,26.96,1010.15,68.6,NORMAL,,False
2026-06-04 21:11:00,26.89,1010.16,68.5,NORMAL,,False
2026-06-04 21:12:00,26.93,1010.13,68.5,NORMAL,,False
2026-06-04 21:13:00,26.86,1010.1,68.8,NORMAL,,False
2026-06-04 21:14:00,26.88,1010.13,68.7,NORMAL,,False
2026-06-04 21:15:00,26.76,1010.11,69.2,NORMAL,,False
2026-06-04 21:16:00,26.85,1010.15,69.1,NORMAL,,False
2026-06-04 21:17:00,26.73,1010.13,68.7,NORMAL,,False
2026-06-04 21:18:00,26.72,1010.12,69.2,NORMAL,,False
2026-06-04 21:19:00,26.8,1010.07,69.1,NORMAL,,False
2026-06-04 21:20:00,26.73,1010.04,69.5,NORMAL,,False
2026-06-04 21:21:00,26.75,1010.05,69.4,NORMAL,,False
2026-06-04 21:22:00,26.7,1010.1,69.6,NORMAL,,False
2026-06-04 21:23:00,26.59,1010.08,69.7,NORMAL,,False
2026-06-04 21:24:00,26.59,1010.05,69.5,NORMAL,,False
2026-06-04 21:25:00,26.61,1010.07,69.4,NORMAL,,False
2026-06-04 21:26:00,26.63,1009.99,69.7,NORMAL,,False
2026-06-04 21:27:00,26.56,1010.02,70.1,NORMAL,,False
2026-06-04 21:28:00,26.43,1010.01,69.9,NORMAL,,False
2026-06-04 21:29:00,26.47,1009.96,69.6,NORMAL,,False
2026-06-04 21:30:00,26.37,1010.0,69.9,NORMAL,,False
2026-06-04 21:31:00,26.41,1009.97,70.3,NORMAL,,False
2026-06-04 21:32:00,26.4,1010.0,70.4,NORMAL,,False
2026-06-04 21:33:00,26.31,1010.02,70.5,NORMAL,,False
2026-06-04 21:34:00,26.35,1009.93,70.4,NORMAL,,False
2026-06-04 21:35:00,26.31,1009.95,70.7,NORMAL,,False
2026-06-04 21:36:00,26.26,1010.01,70.8,NORMAL,,False
2026-06-04 21:37:00,26.28,1009.98,70.8,NORMAL,,False
2026-06-04 21:38:00,26.27,1009.87,70.8,NORMAL,,False
2026-06-04 21:39:00,26.22,1009.9,70.8,NORMAL,,False
2026-06-04 21:40:00,26.17,1009.93,71.4,NORMAL,,False
2026-06-04 21:41:00,26.22,1009.9,70.8,NORMAL,,False
2026-06-04 21:42:00,26.06,1009.87,71.0,NORMAL,,False
2026-06-04 21:43:00,26.13,1009.95,71.2,NORMAL,,False
2026-06-04 21:44:00,26.1,1009.86,71.1,NORMAL,,False
2026-06-04 21:45:00,25.95,1009.83,71.5,NORMAL,,False
2026-06-04 21:46:00,26.08,1009.87,71.7,NORMAL,,False
2026-06-04 21:47:00,25.94,1009.88,72.0,NORMAL,,False
2026-06-04 21:48:00,25.99,1009.84,71.6,NORMAL,,False
2026-06-04 21:49:00,25.99,1009.86,71.6,NORMAL,,False
2026-06-04 21:50:00,25.92,1009.84,71.7,NORMAL,,False
2026-06-04 21:51:00,25.97,1009.89,71.8,NORMAL,,False
2026-06-04 21:52:00,25.92,1009.77,71.7,NORMAL,,False
2026-06-04 21:53:00,25.9,1009.78,72.2,NORMAL,,False
2026-06-04 21:54:00,25.87,1009.76,72.1,NORMAL,,False
2026-06-04 21:55:00,25.82,1009.82,72.2,NORMAL,,False
2026-06-04 21:56:00,25.85,1009.79,72.4,NORMAL,,False
2026-06-04 21:57:00,25.84,1009.76,73.1,NORMAL,,False
2026-06-04 21:58:00,25.84,1009.72,72.2,NORMAL,,False
2026-06-04 21:59:00,25.73,1009.74,72.7,NORMAL,,False
2026-06-04 22:00:00,25.72,1009.75,118.0,OUT_OF_BOUNDS,humidity,True
2026-06-04 22:01:00,25.61,1009.71,72.9,NORMAL,,False
2026-06-04 22:02:00,25.67,1009.71,72.9,NORMAL,,False
2026-06-04 22:03:00,25.68,1009.72,72.7,NORMAL,,False
2026-06-04 22:04:00,25.65,1009.69,73.0,NORMAL,,False
2026-06-04 22:05:00,25.55,1009.72,72.9,NORMAL,,False
2026-06-04 22:06:00,25.57,1009.71,73.3,NORMAL,,False
2026-06-04 22:07:00,25.48,1009.67,73.0,NORMAL,,False
2026-06-04 22:08:00,25.51,1009.63,73.2,NORMAL,,False
2026-06-04 22:09:00,25.49,1009.62,73.3,NORMAL,,False
2026-06-04 22:10:00,25.38,1009.67,73.2,NORMAL,,False
2026-06-04 22:11:00,25.45,1009.68,73.8,NORMAL,,False
2026-06-04 22:12:00,25.44,1009.65,73.6,NORMAL,,False
2026-06-04 22:13:00,25.39,1009.65,73.6,NORMAL,,False
2026-06-04 22:14:00,25.44,1009.67,73.7,NORMAL,,False
2026-06-04 22:15:00,25.37,1009.62,73.9,NORMAL,,False
2026-06-04 22:16:00,25.31,1009.61,73.7,NORMAL,,False
2026-06-04 22:17:00,25.39,1009.58,74.3,NORMAL,,False
2026-06-04 22:18:00,25.3,1009.6,74.1,NORMAL,,False
2026-06-04 22:19:00,25.25,1009.61,74.3,NORMAL,,False
2026-06-04 22:20:00,25.19,1009.52,74.6,NORMAL,,False
2026-06-04 22:21:00,25.17,1009.57,74.4,NORMAL,,False
2026-06-04 22:22:00,25.1,1009.57,74.6,NORMAL,,False
2026-06-04 22:23:00,25.15,1009.56,74.6,NORMAL,,False
2026-06-04 22:24:00,25.13,1009.6,74.4,NORMAL,,False
2026-06-04 22:25:00,25.02,1009.5,74.4,NORMAL,,False
2026-06-04 22:26:00,25.09,1009.52,75.0,NORMAL,,False
2026-06-04 22:27:00,25.06,1009.59,74.7,NORMAL,,False
2026-06-04 22:28:00,24.96,1009.49,74.9,NORMAL,,False
2026-06-04 22:29:00,24.93,1009.51,74.7,NORMAL,,False
2026-06-04 22:30:00,25.07,1009.47,74.9,NORMAL,,False
2026-06-04 22:31:00,24.95,1009.49,75.2,NORMAL,,False
2026-06-04 22:32:00,24.95,1009.51,75.1,NORMAL,,False
2026-06-04 22:33:00,24.94,1009.46,75.5,NORMAL,,False
2026-06-04 22:34:00,24.99,1009.51,75.2,NORMAL,,False
2026-06-04 22:35:00,24.89,1009.45,75.4,NORMAL,,False
2026-06-04 22:36:00,24.8,1009.47,75.8,NORMAL,,False
2026-06-04 22:37:00,24.81,1009.44,75.2,NORMAL,,False
2026-06-04 22:38:00,24.82,1009.39,75.5,NORMAL,,False
2026-06-04 22:39:00,24.78,1009.38,76.1,NORMAL,,False
2026-06-04 22:40:00,24.82,1009.37,75.7,NORMAL,,False
2026-06-04 22:41:00,24.68,1009.4,76.0,NORMAL,,False
2026-06-04 22:42:00,24.73,1009.37,75.7,NORMAL,,False
2026-06-04 22:43:00,24.76,1009.42,76.1,NORMAL,,False
2026-06-04 22:44:00,24.7,1009.42,76.1,NORMAL,,False
2026-06-04 22:45:00,24.65,1009.36,75.9,NORMAL,,False
2026-06-04 22:46:00,24.6,1009.42,76.3,NORMAL,,False
2026-06-04 22:47:00,24.58,1009.38,76.5,NORMAL,,False
2026-06-04 22:48:00,24.59,1009.4,76.1,NORMAL,,False
2026-06-04 22:49:00,24.6,1009.38,76.4,NORMAL,,False
2026-06-04 22:50:00,24.55,1009.32,76.8,NORMAL,,False
2026-06-04 22:51:00,24.41,1009.3,76.4,NORMAL,,False
2026-06-04 22:52:00,24.5,1009.35,76.9,NORMAL,,False
2026-06-04 22:53:00,24.48,1009.32,76.7,NORMAL,,False
2026-06-04 22:54:00,24.42,1009.32,76.8,NORMAL,,False
2026-06-04 22:55:00,24.43,1009.32,76.8,NORMAL,,False
2026-06-04 22:56:00,24.37,1009.32,76.6,NORMAL,,False
2026-06-04 22:57:00,24.43,1009.31,76.9,NORMAL,,False
2026-06-04 22:58:00,24.41,1009.31,77.0,NORMAL,,False
2026-06-04 22:59:00,24.41,1009.29,77.1,NORMAL,,False
2026-06-04 23:00:00,24.39,1009.26,77.6,NORMAL,,False
2026-06-04 23:01:00,24.3,1009.24,77.3,NORMAL,,False
2026-06-04 23:02:00,24.32,1009.25,77.3,NORMAL,,False
2026-06-04 23:03:00,24.27,1009.26,77.8,NORMAL,,False
2026-06-04 23:04:00,24.2,1009.24,77.6,NORMAL,,False
2026-06-04 23:05:00,24.25,1009.2,77.5,NORMAL,,False
2026-06-04 23:06:00,24.28,1009.23,77.5,NORMAL,,False
2026-06-04 23:07:00,24.23,1009.21,77.7,NORMAL,,False
2026-06-04 23:08:00,24.16,1009.26,77.8,NORMAL,,False
2026-06-04 23:09:00,24.25,1009.25,77.7,NORMAL,,False
2026-06-04 23:10:00,24.25,1009.15,77.7,NORMAL,,False
2026-06-04 23:11:00,24.15,1009.2,78.2,NORMAL,,False
2026-06-04 23:12:00,24.16,1009.23,78.0,NORMAL,,False
2026-06-04 23:13:00,24.01,1009.2,78.3,NORMAL,,False
2026-06-04 23:14:00,24.02,1009.18,78.0,NORMAL,,False
2026-06-04 23:15:00,24.06,1009.16,78.3,NORMAL,,False
2026-06-04 23:16:00,23.98,1009.18,77.9,NORMAL,,False
2026-06-04 23:17:00,23.91,1009.18,78.4,NORMAL,,False
2026-06-04 23:18:00,23.97,1009.12,78.4,NORMAL,,False
2026-06-04 23:19:00,23.98,1009.15,78.7,NORMAL,,False
2026-06-04 23:20:00,24.0,1009.16,78.5,NORMAL,,False
2026-06-04 23:21:00,23.95,1009.18,78.7,NORMAL,,False
2026-06-04 23:22:00,23.88,1009.06,78.6,NORMAL,,False
2026-06-04 23:23:00,23.94,1009.16,79.0,NORMAL,,False
2026-06-04 23:24:00,23.87,1009.08,78.6,NORMAL,,False
2026-06-04 23:25:00,23.94,1009.08,78.9,NORMAL,,False
2026-06-04 23:26:00,23.9,1009.09,78.7,NORMAL,,False
2026-06-04 23:27:00,23.75,1009.12,78.6,NORMAL,,False
2026-06-04 23:28:00,23.76,1009.07,79.0,NORMAL,,False
2026-06-04 23:29:00,23.82,1009.11,79.3,NORMAL,,False
2026-06-04 23:30:00,23.73,1009.07,79.4,NORMAL,,False
2026-06-04 23:31:00,23.69,1009.07,79.2,NORMAL,,False
2026-06-04 23:32:00,23.71,1009.16,79.2,NORMAL,,False
2026-06-04 23:33:00,23.75,1009.09,79.2,NORMAL,,False
2026-06-04 23:34:00,23.6,1009.05,79.3,NORMAL,,False
2026-06-04 23:35:00,23.64,1009.05,79.3,NORMAL,,False
2026-06-04 23:36:00,23.7,1009.0,79.4,NORMAL,,False
2026-06-04 23:37:00,23.58,1009.03,79.6,NORMAL,,False
2026-06-04 23:38:00,23.65,1009.06,79.6,NORMAL,,False
2026-06-04 23:39:00,23.6,1009.04,79.6,NORMAL,,False
2026-06-04 23:40:00,23.58,1009.07,79.6,NORMAL,,False
2026-06-04 23:41:00,23.58,1009.01,79.6,NORMAL,,False
2026-06-04 23:42:00,23.47,1009.03,79.6,NORMAL,,False
2026-06-04 23:43:00,23.6,1009.04,80.0,NORMAL,,False
2026-06-04 23:44:00,23.5,1009.02,80.2,NORMAL,,False
2026-06-04 23:45:00,23.52,1009.05,80.3,NORMAL,,False
2026-06-04 23:46:00,23.45,1008.95,80.1,NORMAL,,False
2026-06-04 23:47:00,23.51,1009.04,80.0,NORMAL,,False
2026-06-04 23:48:00,23.44,1009.03,80.2,NORMAL,,False
2026-06-04 23:49:00,23.47,1009.0,80.3,NORMAL,,False
2026-06-04 23:50:00,23.41,1009.04,80.4,NORMAL,,False
2026-06-04 23:51:00,23.36,1009.01,80.4,NORMAL,,False
2026-06-04 23:52:00,23.36,1009.0,80.2,NORMAL,,False
2026-06-04 23:53:00,23.33,1008.97,80.6,NORMAL,,False
2026-06-04 23:54:00,23.33,1008.98,80.5,NORMAL,,False
2026-06-04 23:55:00,23.29,1008.99,80.7,NORMAL,,False
2026-06-04 23:56:00,23.34,1008.99,80.7,NORMAL,,False
2026-06-04 23:57:00,23.36,1008.95,80.8,NORMAL,,False
2026-06-04 23:58:00,23.28,1008.98,80.6,NORMAL,,False
2026-06-04 23:59:00,23.21,1009.01,80.5,NORMAL,,False
2026-06-05 00:00:00,23.29,1008.97,81.0,NORMAL,,False
2026-06-05 00:01:00,23.24,1008.96,81.0,NORMAL,,False
2026-06-05 00:02:00,23.17,1008.99,80.9,NORMAL,,False
2026-06-05 00:03:00,23.14,1008.92,81.0,NORMAL,,False
2026-06-05 00:04:00,23.13,1008.96,81.3,NORMAL,,False
2026-06-05 00:05:00,23.14,1008.91,81.1,NORMAL,,False
2026-06-05 00:06:00,23.21,1008.94,81.4,NORMAL,,False
2026-06-05 00:07:00,23.23,1008.89,81.2,NORMAL,,False
2026-06-05 00:08:00,23.16,1008.96,81.4,NORMAL,,False
2026-06-05 00:09:00,23.16,1008.92,81.4,NORMAL,,False
2026-06-05 00:10:00,23.13,1008.91,81.5,NORMAL,,False
2026-06-05 00:11:00,23.07,1008.92,81.3,NORMAL,,False
2026-06-05 00:12:00,23.11,1008.96,81.2,NORMAL,,False
2026-06-05 00:13:00,23.01,1008.86,81.5,NORMAL,,False
2026-06-05 00:14:00,22.97,1008.94,81.8,NORMAL,,False
2026-06-05 00:15:00,23.0,1008.92,81.4,NORMAL,,False
2026-06-05 00:16:00,22.97,1008.91,81.8,NORMAL,,False
2026-06-05 00:17:00,23.06,1008.96,81.7,NORMAL,,False
2026-06-05 00:18:00,22.92,1008.96,81.9,NORMAL,,False
2026-06-05 00:19:00,22.94,1008.91,81.7,NORMAL,,False
2026-06-05 00:20:00,22.95,1008.96,82.1,NORMAL,,False
2026-06-05 00:21:00,22.93,1008.94,81.8,NORMAL,,False
2026-06-05 00:22:00,22.93,1008.95,82.0,NORMAL,,False
2026-06-05 00:23:00,22.98,1008.93,82.1,NORMAL,,False
2026-06-05 00:24:00,22.91,1008.9,82.2,NORMAL,,False
2026-06-05 00:25:00,22.88,1008.89,82.2,NORMAL,,False
2026-06-05 00:26:00,22.81,1008.91,81.9,NORMAL,,False
2026-06-05 00:27:00,22.87,1008.86,82.0,NORMAL,,False
2026-06-05 00:28:00,22.75,1008.87,81.9,NORMAL,,False
2026-06-05 00:29:00,22.8,1008.9,82.8,NORMAL,,False
2026-06-05 00:30:00,22.74,1008.92,82.1,NORMAL,,False
2026-06-05 00:31:00,22.78,1008.93,82.4,NORMAL,,False
2026-06-05 00:32:00,22.79,1008.87,82.3,NORMAL,,False
2026-06-05 00:33:00,22.72,1008.93,82.4,NORMAL,,False
2026-06-05 00:34:00,22.73,1008.96,82.6,NORMAL,,False
2026-06-05 00:35:00,22.84,1008.9,83.0,NORMAL,,False
2026-06-05 00:36:00,22.76,1008.9,82.6,NORMAL,,False
2026-06-05 00:37:00,22.73,1008.9,82.5,NORMAL,,False
2026-06-05 00:38:00,22.7,1008.93,82.8,NORMAL,,False
2026-06-05 00:39:00,22.61,1008.92,82.7,NORMAL,,False
2026-06-05 00:40:00,22.73,1008.88,82.4,NORMAL,,False
2026-06-05 00:41:00,22.66,1008.94,82.6,NORMAL,,False
2026-06-05 00:42:00,22.62,1008.9,83.0,NORMAL,,False
2026-06-05 00:43:00,22.53,1008.9,82.7,NORMAL,,False
2026-06-05 00:44:00,22.6,1008.85,83.1,NORMAL,,False
2026-06-05 00:45:00,22.56,1008.89,83.0,NORMAL,,False
2026-06-05 00:46:00,22.62,1008.86,82.5,NORMAL,,False
2026-06-05 00:47:00,22.5,1008.93,82.9,NORMAL,,False
2026-06-05 00:48:00,22.55,1008.93,83.2,NORMAL,,False
2026-06-05 00:49:00,22.53,1008.9,83.3,NORMAL,,False
2026-06-05 00:50:00,22.43,1008.93,83.1,NORMAL,,False
2026-06-05 00:51:00,22.56,1008.93,83.1,NORMAL,,False
2026-06-05 00:52:00,22.51,1008.85,83.4,NORMAL,,False
2026-06-05 00:53:00,22.51,1008.89,82.8,NORMAL,,False
2026-06-05 00:54:00,22.62,1008.91,83.1,NORMAL,,False
2026-06-05 00:55:00,22.53,1008.96,83.1,NORMAL,,False
2026-06-05 00:56:00,22.46,1008.96,83.2,NORMAL,,False
2026-06-05 00:57:00,22.46,1008.96,83.1,NORMAL,,False
2026-06-05 00:58:00,22.52,1008.93,83.8,NORMAL,,False
2026-06-05 00:59:00,22.52,1008.93,83.6,NORMAL,,False
2026-06-05 01:00:00,22.4,1008.95,83.7,NORMAL,,False
2026-06-05 01:01:00,22.44,1008.98,83.2,NORMAL,,False
2026-06-05 01:02:00,22.4,1008.98,84.2,NORMAL,,False
2026-06-05 01:03:00,22.41,1008.93,83.4,NORMAL,,False
2026-06-05 01:04:00,22.51,1008.95,83.3,NORMAL,,False
2026-06-05 01:05:00,22.37,1008.97,83.6,NORMAL,,False
2026-06-05 01:06:00,22.4,1008.93,83.6,NORMAL,,False
2026-06-05 01:07:00,22.37,1008.93,83.7,NORMAL,,False
2026-06-05 01:08:00,22.45,1008.99,83.7,NORMAL,,False
2026-06-05 01:09:00,22.38,1008.94,83.7,NORMAL,,False
2026-06-05 01:10:00,22.45,1008.97,83.7,NORMAL,,False
2026-06-05 01:11:00,22.34,1008.98,84.0,NORMAL,,False
2026-06-05 01:12:00,22.32,1008.99,83.8,NORMAL,,False
2026-06-05 01:13:00,22.32,1008.99,84.0,NORMAL,,False
2026-06-05 01:14:00,22.37,1009.0,83.9,NORMAL,,False
2026-06-05 01:15:00,22.29,1008.94,84.2,NORMAL,,False
2026-06-05 01:16:00,22.3,1008.95,84.4,NORMAL,,False
2026-06-05 01:17:00,22.24,1008.99,84.2,NORMAL,,False
2026-06-05 01:18:00,22.28,1008.95,83.9,NORMAL,,False
2026-06-05 01:19:00,22.21,1008.99,84.3,NORMAL,,False
2026-06-05 01:20:00,22.31,1009.0,83.7,NORMAL,,False
2026-06-05 01:21:00,22.24,1009.01,83.9,NORMAL,,False
2026-06-05 01:22:00,22.22,1008.99,84.0,NORMAL,,False
2026-06-05 01:23:00,22.28,1009.01,84.1,NORMAL,,False
2026-06-05 01:24:00,22.31,1009.06,84.0,NORMAL,,False
2026-06-05 01:25:00,22.26,1008.96,84.1,NORMAL,,False
2026-06-05 01:26:00,22.28,1009.08,83.8,NORMAL,,False
2026-06-05 01:27:00,22.27,1009.05,84.1,NORMAL,,False
2026-06-05 01:28:00,22.21,1009.04,84.2,NORMAL,,False
2026-06-05 01:29:00,22.22,1009.02,84.4,NORMAL,,False
2026-06-05 01:30:00,22.23,1009.02,84.4,NORMAL,,False
2026-06-05 01:31:00,22.26,1009.04,84.4,NORMAL,,False
2026-06-05 01:32:00,22.23,1009.09,84.4,NORMAL,,False
2026-06-05 01:33:00,22.17,1009.1,84.7,NORMAL,,False
2026-06-05 01:34:00,22.18,1009.05,84.2,NORMAL,,False
2026-06-05 01:35:00,22.16,1009.06,84.9,NORMAL,,False
2026-06-05 01:36:00,22.18,1009.05,84.6,NORMAL,,False
2026-06-05 01:37:00,22.13,1009.12,84.7,NORMAL,,False
2026-06-05 01:38:00,22.19,1009.06,84.8,NORMAL,,False
2026-06-05 01:39:00,22.13,1009.03,84.4,NORMAL,,False
2026-06-05 01:40:00,22.15,1009.08,84.3,NORMAL,,False
2026-06-05 01:41:00,22.01,1009.15,84.3,NORMAL,,False
2026-06-05 01:42:00,22.11,1009.1,84.4,NORMAL,,False
2026-06-05 01:43:00,22.16,1009.07,84.4,NORMAL,,False
2026-06-05 01:44:00,22.05,1009.13,84.7,NORMAL,,False
2026-06-05 01:45:00,22.17,1009.12,84.6,NORMAL,,False
2026-06-05 01:46:00,22.07,1009.1,84.8,NORMAL,,False
2026-06-05 01:47:00,22.01,1009.09,84.8,NORMAL,,False
2026-06-05 01:48:00,22.11,1009.11,84.8,NORMAL,,False
2026-06-05 01:49:00,22.12,1009.14,84.9,NORMAL,,False
2026-06-05 01:50:00,22.1,1009.16,84.7,NORMAL,,False
2026-06-05 01:51:00,22.08,1009.2,84.8,NORMAL,,False
2026-06-05 01:52:00,22.09,1009.15,84.6,NORMAL,,False
2026-06-05 01:53:00,22.08,1009.15,84.9,NORMAL,,False
2026-06-05 01:54:00,22.12,1009.19,84.9,NORMAL,,False
2026-06-05 01:55:00,22.09,1009.13,84.5,NORMAL,,False
2026-06-05 01:56:00,22.1,1009.24,84.8,NORMAL,,False
2026-06-05 01:57:00,22.04,1009.19,84.7,NORMAL,,False
2026-06-05 01:58:00,22.14,1009.18,85.0,NORMAL,,False
2026-06-05 01:59:00,21.97,1009.23,84.5,NORMAL,,False
2026-06-05 02:00:00,22.04,1009.23,85.2,NORMAL,,False
2026-06-05 02:01:00,21.99,1009.27,84.7,NORMAL,,False
2026-06-05 02:02:00,22.07,1009.26,85.0,NORMAL,,False
2026-06-05 02:03:00,22.04,1009.23,84.8,NORMAL,,False
2026-06-05 02:04:00,22.15,1009.21,84.7,NORMAL,,False
2026-06-05 02:05:00,22.03,1009.23,84.9,NORMAL,,False
2026-06-05 02:06:00,22.08,1009.33,84.9,NORMAL,,False
2026-06-05 02:07:00,22.02,1009.26,84.6,NORMAL,,False
2026-06-05 02:08:00,21.99,1009.3,84.6,NORMAL,,False
2026-06-05 02:09:00,22.0,1009.28,85.1,NORMAL,,False
2026-06-05 02:10:00,21.96,1009.23,85.2,NORMAL,,False
2026-06-05 02:11:00,21.91,1009.35,85.0,NORMAL,,False
2026-06-05 02:12:00,22.05,1009.36,84.9,NORMAL,,False
2026-06-05 02:13:00,21.96,1009.33,84.6,NORMAL,,False
2026-06-05 02:14:00,22.08,1009.31,85.1,NORMAL,,False
2026-06-05 02:15:00,22.01,1009.31,84.9,NORMAL,,False
2026-06-05 02:16:00,22.04,1009.32,85.1,NORMAL,,False
2026-06-05 02:17:00,22.01,1009.3,85.3,NORMAL,,False
2026-06-05 02:18:00,22.02,1009.37,84.7,NORMAL,,False
2026-06-05 02:19:00,22.01,1009.36,84.9,NORMAL,,False
2026-06-05 02:20:00,21.97,1009.43,85.1,NORMAL,,False
2026-06-05 02:21:00,22.04,1009.38,84.9,NORMAL,,False
2026-06-05 02:22:00,22.03,1009.4,84.8,NORMAL,,False
2026-06-05 02:23:00,22.02,1009.36,84.9,NORMAL,,False
2026-06-05 02:24:00,22.04,1009.37,85.0,NORMAL,,False
2026-06-05 02:25:00,21.96,1009.41,85.3,NORMAL,,False
2026-06-05 02:26:00,21.97,1009.44,85.2,NORMAL,,False
2026-06-05 02:27:00,21.98,1009.42,84.6,NORMAL,,False
2026-06-05 02:28:00,21.97,1009.53,85.2,NORMAL,,False
2026-06-05 02:29:00,22.01,1009.49,85.3,NORMAL,,False
2026-06-05 02:30:00,21.97,1009.46,84.9,NORMAL,,False
2026-06-05 02:31:00,22.06,1009.5,84.9,NORMAL,,False
2026-06-05 02:32:00,22.0,1009.51,85.0,NORMAL,,False
2026-06-05 02:33:00,22.03,1009.51,84.9,NORMAL,,False
2026-06-05 02:34:00,22.07,1009.51,85.0,NORMAL,,False
2026-06-05 02:35:00,21.98,1009.51,85.0,NORMAL,,False
2026-06-05 02:36:00,21.96,1009.49,85.4,NORMAL,,False
2026-06-05 02:37:00,21.97,1009.58,84.6,NORMAL,,False
2026-06-05 02:38:00,21.95,1009.54,85.1,NORMAL,,False
2026-06-05 02:39:00,21.96,1009.55,84.8,NORMAL,,False
2026-06-05 02:40:00,22.01,1009.54,85.1,NORMAL,,False
2026-06-05 02:41:00,22.01,1009.61,85.2,NORMAL,,False
2026-06-05 02:42:00,22.01,1009.57,84.9,NORMAL,,False
2026-06-05 02:43:00,21.95,1009.62,85.5,NORMAL,,False
2026-06-05 02:44:00,21.97,1009.58,84.5,NORMAL,,False
2026-06-05 02:45:00,22.0,1009.62,84.8,NORMAL,,False
2026-06-05 02:46:00,22.08,1009.68,84.6,NORMAL,,False
2026-06-05 02:47:00,21.99,1009.62,85.2,NORMAL,,False
2026-06-05 02:48:00,22.01,1009.7,85.0,NORMAL,,False
2026-06-05 02:49:00,22.07,1009.69,84.9,NORMAL,,False
2026-06-05 02:50:00,22.09,1009.69,84.8,NORMAL,,False
2026-06-05 02:51:00,21.96,1009.71,85.0,NORMAL,,False
2026-06-05 02:52:00,22.05,1009.75,84.9,NORMAL,,False
2026-06-05 02:53:00,22.07,1009.68,84.9,NORMAL,,False
2026-06-05 02:54:00,21.92,1009.69,85.3,NORMAL,,False
2026-06-05 02:55:00,22.01,1009.72,85.1,NORMAL,,False
2026-06-05 02:56:00,22.04,1009.71,84.9,NORMAL,,False
2026-06-05 02:57:00,22.07,1009.77,84.7,NORMAL,,False
2026-06-05 02:58:00,22.02,1009.74,84.7,NORMAL,,False
2026-06-05 02:59:00,22.09,1009.74,84.5,NORMAL,,False
2026-06-05 03:00:00,22.07,1009.8,84.8,NORMAL,,False
2026-06-05 03:01:00,22.01,1009.84,84.6,NORMAL,,False
2026-06-05 03:02:00,22.15,1009.84,84.9,NORMAL,,False
2026-06-05 03:03:00,22.07,1009.86,84.6,NORMAL,,False
2026-06-05 03:04:00,22.05,1009.83,84.8,NORMAL,,False
2026-06-05 03:05:00,21.93,1009.83,84.5,NORMAL,,False
2026-06-05 03:06:00,22.13,1009.89,84.7,NORMAL,,False
2026-06-05 03:07:00,22.12,1009.86,84.7,NORMAL,,False
2026-06-05 03:08:00,22.07,1009.89,84.6,NORMAL,,False
2026-06-05 03:09:00,22.16,1009.87,84.4,NORMAL,,False
2026-06-05 03:10:00,22.11,1009.91,84.9,NORMAL,,False
2026-06-05 03:11:00,22.12,1009.93,84.6,NORMAL,,False
2026-06-05 03:12:00,22.06,1009.95,85.2,NORMAL,,False
2026-06-05 03:13:00,22.05,1009.92,84.9,NORMAL,,False
2026-06-05 03:14:00,22.05,1009.94,84.5,NORMAL,,False
2026-06-05 03:15:00,22.16,1009.95,84.8,NORMAL,,False
2026-06-05 03:16:00,22.08,1009.96,84.7,NORMAL,,False
2026-06-05 03:17:00,22.16,1009.95,84.9,NORMAL,,False
2026-06-05 03:18:00,22.13,1010.0,84.4,NORMAL,,False
2026-06-05 03:19:00,22.16,1009.99,84.8,NORMAL,,False
2026-06-05 03:20:00,22.05,1009.98,84.8,NORMAL,,False
2026-06-05 03:21:00,22.1,1010.08,84.5,NORMAL,,False
2026-06-05 03:22:00,22.18,1010.03,84.4,NORMAL,,False
2026-06-05 03:23:00,22.17,1010.02,84.8,NORMAL,,False
2026-06-05 03:24:00,22.16,1010.05,84.7,NORMAL,,False
2026-06-05 03:25:00,22.11,1010.08,84.3,NORMAL,,False
2026-06-05 03:26:00,22.22,1010.06,84.5,NORMAL,,False
2026-06-05 03:27:00,22.22,1010.12,83.9,NORMAL,,False
2026-06-05 03:28:00,22.27,1010.07,84.3,NORMAL,,False
2026-06-05 03:29:00,22.18,1010.12,83.9,NORMAL,,False
2026-06-05 03:30:00,22.2,1010.15,84.5,NORMAL,,False
2026-06-05 03:31:00,22.22,1010.13,84.5,NORMAL,,False
2026-06-05 03:32:00,22.27,1010.19,84.5,NORMAL,,False
2026-06-05 03:33:00,22.26,1010.19,84.4,NORMAL,,False
2026-06-05 03:34:00,22.28,1010.21,84.1,NORMAL,,False
2026-06-05 03:35:00,22.31,1010.18,84.2,NORMAL,,False
2026-06-05 03:36:00,22.18,1010.23,84.2,NORMAL,,False
2026-06-05 03:37:00,22.23,1010.24,84.2,NORMAL,,False
2026-06-05 03:38:00,22.25,1010.22,84.3,NORMAL,,False
2026-06-05 03:39:00,22.38,1010.29,84.3,NORMAL,,False
2026-06-05 03:40:00,22.19,1010.3,83.9,NORMAL,,False
2026-06-05 03:41:00,22.35,1010.29,84.0,NORMAL,,False
2026-06-05 03:42:00,22.35,1010.23,84.2,NORMAL,,False
2026-06-05 03:43:00,22.33,1010.28,84.2,NORMAL,,False
2026-06-05 03:44:00,22.28,1010.28,83.9,NORMAL,,False
2026-06-05 03:45:00,22.28,1010.26,84.2,NORMAL,,False
2026-06-05 03:46:00,22.28,1010.37,83.8,NORMAL,,False
2026-06-05 03:47:00,22.23,1010.31,83.5,NORMAL,,False
2026-06-05 03:48:00,22.34,1010.36,84.0,NORMAL,,False
2026-06-05 03:49:00,22.39,1010.41,83.7,NORMAL,,False
2026-06-05 03:50:00,22.39,1010.36,83.9,NORMAL,,False
2026-06-05 03:51:00,22.36,1010.39,83.9,NORMAL,,False
2026-06-05 03:52:00,22.42,1010.44,84.1,NORMAL,,False
2026-06-05 03:53:00,22.45,1010.47,84.0,NORMAL,,False
2026-06-05 03:54:00,22.42,1010.45,83.9,NORMAL,,False
2026-06-05 03:55:00,22.45,1010.45,83.6,NORMAL,,False
2026-06-05 03:56:00,22.42,1010.44,83.8,NORMAL,,False
2026-06-05 03:57:00,22.4,1010.43,83.5,NORMAL,,False
2026-06-05 03:58:00,22.36,1010.5,83.8,NORMAL,,False
2026-06-05 03:59:00,22.44,1010.42,83.7,NORMAL,,False
2026-06-05 04:00:00,22.41,1010.55,83.2,NORMAL,,False
2026-06-05 04:01:00,22.43,1010.58,83.4,NORMAL,,False
2026-06-05 04:02:00,22.5,1010.55,83.4,NORMAL,,False
2026-06-05 04:03:00,22.47,1010.53,83.3,NORMAL,,False
2026-06-05 04:04:00,22.51,1010.56,83.3,NORMAL,,False
2026-06-05 04:05:00,22.67,1010.64,83.2,NORMAL,,False
2026-06-05 04:06:00,22.55,1010.61,83.3,NORMAL,,False
2026-06-05 04:07:00,22.44,1010.6,83.3,NORMAL,,False
2026-06-05 04:08:00,22.57,1010.61,82.9,NORMAL,,False
2026-06-05 04:09:00,22.6,1010.68,83.3,NORMAL,,False
2026-06-05 04:10:00,22.55,1010.64,82.8,NORMAL,,False
2026-06-05 04:11:00,22.54,1010.73,83.5,NORMAL,,False
2026-06-05 04:12:00,22.56,1010.68,82.9,NORMAL,,False
2026-06-05 04:13:00,22.62,1010.73,82.5,NORMAL,,False
2026-06-05 04:14:00,22.63,1010.7,83.4,NORMAL,,False
2026-06-05 04:15:00,22.65,1010.74,82.9,NORMAL,,False
2026-06-05 04:16:00,22.7,1010.7,83.0,NORMAL,,False
2026-06-05 04:17:00,22.6,1010.75,82.4,NORMAL,,False
2026-06-05 04:18:00,22.75,1010.76,82.8,NORMAL,,False
2026-06-05 04:19:00,22.71,1010.72,82.5,NORMAL,,False
2026-06-05 04:20:00,22.64,1010.79,83.1,NORMAL,,False
2026-06-05 04:21:00,22.7,1010.79,82.7,NORMAL,,False
2026-06-05 04:22:00,22.73,1010.8,82.6,NORMAL,,False
2026-06-05 04:23:00,22.78,1010.75,82.7,NORMAL,,False
2026-06-05 04:24:00,22.73,1010.81,82.6,NORMAL,,False
2026-06-05 04:25:00,22.85,1010.82,82.6,NORMAL,,False
2026-06-05 04:26:00,22.7,1010.89,82.4,NORMAL,,False
2026-06-05 04:27:00,22.74,1010.8,82.6,NORMAL,,False
2026-06-05 04:28:00,22.79,1010.85,82.4,NORMAL,,False
2026-06-05 04:29:00,22.8,1010.92,82.5,NORMAL,,False
2026-06-05 04:30:00,22.78,1010.94,82.7,NORMAL,,False
2026-06-05 04:31:00,22.85,1010.84,82.2,NORMAL,,False
2026-06-05 04:32:00,22.82,1010.87,82.6,NORMAL,,False
2026-06-05 04:33:00,22.86,1010.97,82.5,NORMAL,,False
2026-06-05 04:34:00,22.81,1010.93,81.9,NORMAL,,False
2026-06-05 04:35:00,22.91,1010.98,82.4,NORMAL,,False
2026-06-05 04:36:00,22.8,1010.97,81.8,NORMAL,,False
2026-06-05 04:37:00,22.89,1011.0,81.8,NORMAL,,False
2026-06-05 04:38:00,22.8,1011.01,81.9,NORMAL,,False
2026-06-05 04:39:00,22.99,1010.98,81.8,NORMAL,,False
2026-06-05 04:40:00,22.95,1011.03,81.8,NORMAL,,False
2026-06-05 04:41:00,23.01,1010.99,81.9,NORMAL,,False
2026-06-05 04:42:00,22.95,1011.04,81.6,NORMAL,,False
2026-06-05 04:43:00,22.94,1011.08,81.7,NORMAL,,False
2026-06-05 04:44:00,22.99,1011.02,81.2,NORMAL,,False
2026-06-05 04:45:00,23.02,1011.09,81.3,NORMAL,,False
2026-06-05 04:46:00,23.05,1011.09,81.6,NORMAL,,False
2026-06-05 04:47:00,23.06,1011.11,81.8,NORMAL,,False
2026-06-05 04:48:00,23.07,1011.08,81.5,NORMAL,,False
2026-06-05 04:49:00,22.94,1011.1,81.1,NORMAL,,False
2026-06-05 04:50:00,23.08,1011.2,81.3,NORMAL,,False
2026-06-05 04:51:00,23.03,1011.17,81.7,NORMAL,,False
2026-06-05 04:52:00,23.15,1011.13,81.1,NORMAL,,False
2026-06-05 04:53:00,23.05,1011.15,81.5,NORMAL,,False
2026-06-05 04:54:00,23.11,1011.16,81.4,NORMAL,,False
2026-06-05 04:55:00,23.14,1011.22,81.0,NORMAL,,False
2026-06-05 04:56:00,23.17,1011.21,80.7,NORMAL,,False
2026-06-05 04:57:00,23.21,1011.27,81.2,NORMAL,,False
2026-06-05 04:58:00,23.29,1011.22,80.9,NORMAL,,False
2026-06-05 04:59:00,23.29,1011.24,80.9,NORMAL,,False
2026-06-05 05:00:00,23.26,1011.26,80.8,NORMAL,,False
2026-06-05 05:01:00,23.28,1011.21,80.7,NORMAL,,False
2026-06-05 05:02:00,23.27,1011.21,81.2,NORMAL,,False
2026-06-05 05:03:00,23.37,1011.25,81.0,NORMAL,,False
2026-06-05 05:04:00,23.37,1011.31,80.7,NORMAL,,False
2026-06-05 05:05:00,23.45,1011.33,80.5,NORMAL,,False
2026-06-05 05:06:00,23.35,1011.27,80.5,NORMAL,,False
2026-06-05 05:07:00,23.35,1011.32,80.2,NORMAL,,False
2026-06-05 05:08:00,23.35,1011.35,80.6,NORMAL,,False
2026-06-05 05:09:00,23.39,1011.31,80.6,NORMAL,,False
2026-06-05 05:10:00,23.36,1011.33,80.5,NORMAL,,False
2026-06-05 05:11:00,23.48,1011.35,80.4,NORMAL,,False
2026-06-05 05:12:00,23.41,1011.33,80.0,NORMAL,,False
2026-06-05 05:13:00,23.38,1011.41,79.9,NORMAL,,False
2026-06-05 05:14:00,23.5,1011.37,80.6,NORMAL,,False
2026-06-05 05:15:00,23.46,1011.42,80.1,NORMAL,,False
2026-06-05 05:16:00,23.56,1011.42,79.9,NORMAL,,False
2026-06-05 05:17:00,23.5,1011.44,79.8,NORMAL,,False
2026-06-05 05:18:00,23.45,1011.43,80.1,NORMAL,,False
2026-06-05 05:19:00,23.58,1011.43,79.8,NORMAL,,False
2026-06-05 05:20:00,23.54,1011.47,79.5,NORMAL,,False
2026-06-05 05:21:00,23.58,1011.48,79.7,NORMAL,,False
2026-06-05 05:22:00,23.72,1011.48,79.4,NORMAL,,False
2026-06-05 05:23:00,23.59,1011.51,79.7,NORMAL,,False
2026-06-05 05:24:00,23.65,1011.47,79.2,NORMAL,,False
2026-06-05 05:25:00,23.7,1011.52,79.1,NORMAL,,False
2026-06-05 05:26:00,23.71,1011.54,79.6,NORMAL,,False
2026-06-05 05:27:00,23.63,1011.46,79.1,NORMAL,,False
2026-06-05 05:28:00,23.77,1011.52,79.3,NORMAL,,False
2026-06-05 05:29:00,23.77,1011.54,78.9,NORMAL,,False
2026-06-05 05:30:00,23.74,1011.56,79.1,NORMAL,,False
2026-06-05 05:31:00,23.8,1011.52,78.9,NORMAL,,False
2026-06-05 05:32:00,23.83,1011.51,79.1,NORMAL,,False
2026-06-05 05:33:00,23.79,1011.56,78.9,NORMAL,,False
2026-06-05 05:34:00,23.84,1011.6,78.8,NORMAL,,False
2026-06-05 05:35:00,23.83,1011.55,79.0,NORMAL,,False
2026-06-05 05:36:00,23.84,1011.58,78.9,NORMAL,,False
2026-06-05 05:37:00,23.8,1011.58,78.6,NORMAL,,False
2026-06-05 05:38:00,23.95,1011.54,78.5,NORMAL,,False
2026-06-05 05:39:00,23.89,1011.64,78.6,NORMAL,,False
2026-06-05 05:40:00,23.95,1011.63,78.4,NORMAL,,False
2026-06-05 05:41:00,24.02,1011.66,78.6,NORMAL,,False
2026-06-05 05:42:00,23.98,1011.66,78.5,NORMAL,,False
2026-06-05 05:43:00,24.0,1011.65,78.4,NORMAL,,False
2026-06-05 05:44:00,24.12,1011.64,78.1,NORMAL,,False
2026-06-05 05:45:00,24.04,1011.69,77.8,NORMAL,,False
2026-06-05 05:46:00,23.98,1011.74,78.1,NORMAL,,False
2026-06-05 05:47:00,24.07,1011.76,78.0,NORMAL,,False
2026-06-05 05:48:00,24.1,1011.74,77.6,NORMAL,,False
2026-06-05 05:49:00,24.16,1011.74,78.0,NORMAL,,False
2026-06-05 05:50:00,24.17,1011.72,78.1,NORMAL,,False
2026-06-05 05:51:00,24.11,1011.75,77.8,NORMAL,,False
2026-06-05 05:52:00,24.2,1011.77,77.9,NORMAL,,False
2026-06-05 05:53:00,24.22,1011.73,77.5,NORMAL,,False
2026-06-05 05:54:00,24.23,1011.75,77.5,NORMAL,,False
2026-06-05 05:55:00,24.13,1011.75,77.7,NORMAL,,False
2026-06-05 05:56:00,24.33,1011.83,77.1,NORMAL,,False
2026-06-05 05:57:00,24.34,1011.8,77.0,NORMAL,,False
2026-06-05 05:58:00,24.25,1011.81,77.5,NORMAL,,False
2026-06-05 05:59:00,24.32,1011.78,77.2,NORMAL,,False
2026-06-05 06:00:00,24.39,1011.83,77.4,NORMAL,,False
2026-06-05 06:01:00,24.41,1011.83,77.5,NORMAL,,False
2026-06-05 06:02:00,24.38,1011.81,77.1,NORMAL,,False
2026-06-05 06:03:00,24.38,1011.83,77.0,NORMAL,,False
2026-06-05 06:04:00,24.51,1011.81,76.8,NORMAL,,False
2026-06-05 06:05:00,24.44,1011.88,76.5,NORMAL,,False
2026-06-05 06:06:00,24.54,1011.84,76.8,NORMAL,,False
2026-06-05 06:07:00,24.52,1011.89,76.7,NORMAL,,False
2026-06-05 06:08:00,24.52,1011.89,76.9,NORMAL,,False
2026-06-05 06:09:00,24.51,1011.89,76.7,NORMAL,,False
2026-06-05 06:10:00,24.57,1011.88,76.4,NORMAL,,False
2026-06-05 06:11:00,24.5,1011.89,76.6,NORMAL,,False
2026-06-05 06:12:00,24.55,1011.91,76.3,NORMAL,,False
2026-06-05 06:13:00,24.55,1011.87,76.6,NORMAL,,False
2026-06-05 06:14:00,24.67,1011.95,76.4,NORMAL,,False
2026-06-05 06:15:00,24.6,1011.9,75.7,NORMAL,,False
2026-06-05 06:16:00,24.64,1011.93,75.7,NORMAL,,False
2026-06-05 06:17:00,24.8,1011.94,75.7,NORMAL,,False
2026-06-05 06:18:00,24.66,1011.98,75.9,NORMAL,,False
2026-06-05 06:19:00,24.67,1011.9,76.1,NORMAL,,False
2026-06-05 06:20:00,24.78,1011.91,75.6,NORMAL,,False
2026-06-05 06:21:00,24.81,1011.91,75.2,NORMAL,,False
2026-06-05 06:22:00,24.92,1011.96,75.9,NORMAL,,False
2026-06-05 06:23:00,24.91,1011.93,75.6,NORMAL,,False
2026-06-05 06:24:00,24.88,1011.99,75.7,NORMAL,,False
2026-06-05 06:25:00,24.92,1011.96,74.8,NORMAL,,False
2026-06-05 06:26:00,24.89,1011.96,75.4,NORMAL,,False
2026-06-05 06:27:00,24.85,1011.98,75.4,NORMAL,,False
2026-06-05 06:28:00,24.93,1011.98,74.8,NORMAL,,False
2026-06-05 06:29:00,24.97,1011.97,75.3,NORMAL,,False
2026-06-05 06:30:00,24.95,1011.95,75.2,NORMAL,,False
2026-06-05 06:31:00,25.06,1012.02,74.7,NORMAL,,False
2026-06-05 06:32:00,25.15,1011.98,74.9,NORMAL,,False
2026-06-05 06:33:00,25.06,1011.98,74.7,NORMAL,,False
2026-06-05 06:34:00,25.1,1011.97,74.4,NORMAL,,False
2026-06-05 06:35:00,25.13,1012.02,74.4,NORMAL,,False
2026-06-05 06:36:00,25.11,1012.04,74.5,NORMAL,,False
2026-06-05 06:37:00,25.15,1011.98,74.6,NORMAL,,False
2026-06-05 06:38:00,25.14,1012.01,74.3,NORMAL,,False
2026-06-05 06:39:00,25.18,1011.94,74.0,NORMAL,,False
2026-06-05 06:40:00,25.24,1012.0,74.1,NORMAL,,False
2026-06-05 06:41:00,25.28,1012.02,74.4,NORMAL,,False
2026-06-05 06:42:00,25.25,1012.06,74.2,NORMAL,,False
2026-06-05 06:43:00,25.25,1012.05,74.1,NORMAL,,False
2026-06-05 06:44:00,25.34,1011.99,74.2,NORMAL,,False
2026-06-05 06:45:00,25.29,1012.07,73.9,NORMAL,,False
2026-06-05 06:46:00,25.31,1012.05,73.6,NORMAL,,False
2026-06-05 06:47:00,25.39,1012.06,73.5,NORMAL,,False
2026-06-05 06:48:00,25.48,1012.08,73.9,NORMAL,,False
2026-06-05 06:49:00,25.45,1012.07,73.2,NORMAL,,False
2026-06-05 06:50:00,25.41,1012.07,73.6,NORMAL,,False
2026-06-05 06:51:00,25.49,1012.08,73.1,NORMAL,,False
2026-06-05 06:52:00,25.45,1012.03,73.3,NORMAL,,False
2026-06-05 06:53:00,25.51,1012.11,73.1,NORMAL,,False
2026-06-05 06:54:00,25.56,1012.04,73.3,NORMAL,,False
2026-06-05 06:55:00,25.54,1012.08,73.0,NORMAL,,False
2026-06-05 06:56:00,25.52,1012.09,73.0,NORMAL,,False
2026-06-05 06:57:00,25.54,1012.1,73.1,NORMAL,,False
2026-06-05 06:58:00,25.64,1012.11,73.0,NORMAL,,False
2026-06-05 06:59:00,25.66,1012.11,72.5,NORMAL,,False
2026-06-05 07:00:00,25.71,1012.05,72.6,NORMAL,,False
2026-06-05 07:01:00,25.79,1012.08,72.4,NORMAL,,False
2026-06-05 07:02:00,25.72,1012.11,72.8,NORMAL,,False
2026-06-05 07:03:00,25.84,1012.03,72.6,NORMAL,,False
2026-06-05 07:04:00,25.79,1012.14,72.4,NORMAL,,False
2026-06-05 07:05:00,25.7,1012.11,72.3,NORMAL,,False
2026-06-05 07:06:00,25.8,1012.08,72.2,NORMAL,,False
2026-06-05 07:07:00,25.94,1012.12,72.4,NORMAL,,False
2026-06-05 07:08:00,25.93,1012.1,72.2,NORMAL,,False
2026-06-05 07:09:00,25.98,1012.1,71.9,NORMAL,,False
2026-06-05 07:10:00,25.99,1012.12,71.7,NORMAL,,False
2026-06-05 07:11:00,26.04,1012.11,72.0,NORMAL,,False
2026-06-05 07:12:00,25.97,1012.1,71.5,NORMAL,,False
2026-06-05 07:13:00,26.09,1012.11,71.2,NORMAL,,False
2026-06-05 07:14:00,26.05,1012.05,71.4,NORMAL,,False
2026-06-05 07:15:00,26.19,1012.12,71.4,NORMAL,,False
2026-06-05 07:16:00,26.18,1012.11,71.3,NORMAL,,False
2026-06-05 07:17:00,26.11,1012.15,71.3,NORMAL,,False
2026-06-05 07:18:00,26.13,1012.07,70.8,NORMAL,,False
2026-06-05 07:19:00,26.21,1012.08,71.3,NORMAL,,False
2026-06-05 07:20:00,26.19,1012.13,71.0,NORMAL,,False
2026-06-05 07:21:00,26.21,1012.14,70.9,NORMAL,,False
2026-06-05 07:22:00,26.25,1012.07,70.7,NORMAL,,False
2026-06-05 07:23:00,26.29,1012.03,71.1,NORMAL,,False
2026-06-05 07:24:00,26.24,1012.07,70.8,NORMAL,,False
2026-06-05 07:25:00,26.32,1012.1,70.6,NORMAL,,False
2026-06-05 07:26:00,26.39,1012.07,70.7,NORMAL,,False
2026-06-05 07:27:00,26.41,1012.11,70.5,NORMAL,,False
2026-06-05 07:28:00,26.4,1012.12,70.1,NORMAL,,False
2026-06-05 07:29:00,26.41,1012.17,70.3,NORMAL,,False
2026-06-05 07:30:00,26.4,1012.13,70.7,NORMAL,,False
2026-06-05 07:31:00,26.52,1012.11,70.3,NORMAL,,False
2026-06-05 07:32:00,26.43,1012.04,69.6,NORMAL,,False
2026-06-05 07:33:00,26.48,1012.07,70.0,NORMAL,,False
2026-06-05 07:34:00,26.54,1012.13,69.9,NORMAL,,False
2026-06-05 07:35:00,26.64,1012.14,70.1,NORMAL,,False
2026-06-05 07:36:00,26.56,1012.07,69.5,NORMAL,,False
2026-06-05 07:37:00,26.63,1012.1,69.5,NORMAL,,False
2026-06-05 07:38:00,26.68,1012.07,69.5,NORMAL,,False
2026-06-05 07:39:00,26.65,1012.13,69.5,NORMAL,,False
2026-06-05 07:40:00,26.67,1012.12,69.1,NORMAL,,False
2026-06-05 07:41:00,26.74,1012.09,69.0,NORMAL,,False
2026-06-05 07:42:00,26.68,1012.07,69.1,NORMAL,,False
2026-06-05 07:43:00,26.84,1012.07,68.9,NORMAL,,False
2026-06-05 07:44:00,26.88,1012.08,69.2,NORMAL,,False
2026-06-05 07:45:00,26.86,1012.08,69.3,NORMAL,,False
2026-06-05 07:46:00,26.9,1012.08,68.8,NORMAL,,False
2026-06-05 07:47:00,26.85,1012.12,68.9,NORMAL,,False
2026-06-05 07:48:00,26.92,1012.07,68.6,NORMAL,,False
2026-06-05 07:49:00,26.88,1012.01,68.3,NORMAL,,False
2026-06-05 07:50:00,26.98,1012.06,68.4,NORMAL,,False
2026-06-05 07:51:00,26.93,1012.05,68.6,NORMAL,,False
2026-06-05 07:52:00,26.97,1012.09,68.1,NORMAL,,False
2026-06-05 07:53:00,27.11,1012.05,68.0,NORMAL,,False
2026-06-05 07:54:00,27.06,1012.04,68.3,NORMAL,,False
2026-06-05 07:55:00,27.15,1012.05,67.9,NORMAL,,False
2026-06-05 07:56:00,27.08,1012.04,67.9,NORMAL,,False
2026-06-05 07:57:00,27.1,1012.02,67.8,NORMAL,,False
2026-06-05 07:58:00,27.05,1012.03,68.1,NORMAL,,False
2026-06-05 07:59:00,27.23,1012.05,67.8,NORMAL,,False
2026-06-05 08:00:00,12.21,1012.04,15.0,PHYSICAL_INCONSISTENCY,multivariate,True
2026-06-05 08:01:00,27.23,1012.05,67.5,NORMAL,,False
2026-06-05 08:02:00,27.23,1011.98,67.5,NORMAL,,False
2026-06-05 08:03:00,27.31,1012.01,67.2,NORMAL,,False
2026-06-05 08:04:00,27.35,1011.98,67.4,NORMAL,,False
2026-06-05 08:05:00,27.33,1012.01,67.2,NORMAL,,False
2026-06-05 08:06:00,27.39,1012.0,66.9,NORMAL,,False
2026-06-05 08:07:00,27.43,1011.98,67.1,NORMAL,,False
2026-06-05 08:08:00,27.44,1012.03,67.1,NORMAL,,False
2026-06-05 08:09:00,27.43,1012.04,66.7,NORMAL,,False
2026-06-05 08:10:00,27.44,1012.02,66.7,NORMAL,,False
2026-06-05 08:11:00,27.53,1012.02,67.0,NORMAL,,False
2026-06-05 08:12:00,27.52,1011.95,66.4,NORMAL,,False
2026-06-05 08:13:00,27.47,1011.99,66.7,NORMAL,,False
2026-06-05 08:14:00,27.64,1011.97,66.4,NORMAL,,False
2026-06-05 08:15:00,27.6,1011.97,66.4,NORMAL,,False
2026-06-05 08:16:00,27.65,1011.97,66.0,NORMAL,,False
2026-06-05 08:17:00,27.66,1011.94,66.2,NORMAL,,False
2026-06-05 08:18:00,27.68,1011.98,66.1,NORMAL,,False
2026-06-05 08:19:00,27.76,1011.99,65.9,NORMAL,,False
2026-06-05 08:20:00,27.68,1011.95,65.5,NORMAL,,False
2026-06-05 08:21:00,27.71,1011.92,65.9,NORMAL,,False
2026-06-05 08:22:00,27.84,1011.97,65.9,NORMAL,,False
2026-06-05 08:23:00,27.85,1011.95,65.4,NORMAL,,False
2026-06-05 08:24:00,27.88,1011.93,65.4,NORMAL,,False
2026-06-05 08:25:00,27.82,1011.94,65.4,NORMAL,,False
2026-06-05 08:26:00,27.92,1011.95,65.1,NORMAL,,False
2026-06-05 08:27:00,27.94,1011.95,65.3,NORMAL,,False
2026-06-05 08:28:00,27.89,1011.95,65.0,NORMAL,,False
2026-06-05 08:29:00,27.93,1011.94,64.6,NORMAL,,False
2026-06-05 08:30:00,27.96,1011.86,65.2,NORMAL,,False
2026-06-05 08:31:00,27.99,1011.89,64.9,NORMAL,,False
2026-06-05 08:32:00,27.99,1011.85,64.8,NORMAL,,False
2026-06-05 08:33:00,28.09,1011.88,64.6,NORMAL,,False
2026-06-05 08:34:00,28.18,1011.91,64.5,NORMAL,,False
2026-06-05 08:35:00,28.2,1011.87,64.4,NORMAL,,False
2026-06-05 08:36:00,28.05,1011.88,64.4,NORMAL,,False
2026-06-05 08:37:00,28.22,1011.93,64.3,NORMAL,,False
2026-06-05 08:38:00,28.22,1011.86,64.1,NORMAL,,False
2026-06-05 08:39:00,28.13,1011.81,64.1,NORMAL,,False
2026-06-05 08:40:00,28.22,1011.79,64.0,NORMAL,,False
2026-06-05 08:41:00,28.25,1011.78,64.2,NORMAL,,False
2026-06-05 08:42:00,28.28,1011.81,64.2,NORMAL,,False
2026-06-05 08:43:00,28.39,1011.81,64.2,NORMAL,,False
2026-06-05 08:44:00,28.38,1011.84,63.7,NORMAL,,False
2026-06-05 08:45:00,28.43,1011.79,63.4,NORMAL,,False
2026-06-05 08:46:00,28.34,1011.84,63.3,NORMAL,,False
2026-06-05 08:47:00,28.37,1011.78,63.6,NORMAL,,False
2026-06-05 08:48:00,28.4,1011.82,63.4,NORMAL,,False
2026-06-05 08:49:00,28.47,1011.79,63.4,NORMAL,,False
2026-06-05 08:50:00,28.49,1011.76,63.5,NORMAL,,False
2026-06-05 08:51:00,28.67,1011.75,63.5,NORMAL,,False
2026-06-05 08:52:00,28.6,1011.78,62.7,NORMAL,,False
2026-06-05 08:53:00,28.66,1011.73,63.2,NORMAL,,False
2026-06-05 08:54:00,28.58,1011.8,63.1,NORMAL,,False
2026-06-05 08:55:00,28.69,1011.73,62.7,NORMAL,,False
2026-06-05 08:56:00,28.6,1011.75,62.7,NORMAL,,False
2026-06-05 08:57:00,28.69,1011.74,62.8,NORMAL,,False
2026-06-05 08:58:00,28.79,1011.7,62.5,NORMAL,,False
2026-06-05 08:59:00,28.75,1011.7,62.7,NORMAL,,False
2026-06-05 09:00:00,28.79,1011.72,62.4,NORMAL,,False
2026-06-05 09:01:00,28.74,1011.66,62.6,NORMAL,,False
2026-06-05 09:02:00,28.75,1011.71,62.0,NORMAL,,False
2026-06-05 09:03:00,28.81,1011.68,62.0,NORMAL,,False
2026-06-05 09:04:00,28.95,1011.72,62.4,NORMAL,,False
2026-06-05 09:05:00,28.88,1011.73,62.0,NORMAL,,False
2026-06-05 09:06:00,29.02,1011.65,62.1,NORMAL,,False
2026-06-05 09:07:00,29.02,1011.61,61.8,NORMAL,,False
2026-06-05 09:08:00,28.91,1011.66,61.8,NORMAL,,False
2026-06-05 09:09:00,28.94,1011.69,61.7,NORMAL,,False
2026-06-05 09:10:00,29.12,1011.65,61.6,NORMAL,,False
2026-06-05 09:11:00,29.09,1011.63,61.4,NORMAL,,False
2026-06-05 09:12:00,29.15,1011.67,61.3,NORMAL,,False
2026-06-05 09:13:00,29.0,1011.65,61.2,NORMAL,,False
2026-06-05 09:14:00,29.13,1011.6,61.3,NORMAL,,False
2026-06-05 09:15:00,29.16,1011.61,61.3,NORMAL,,False
2026-06-05 09:16:00,29.24,1011.62,60.7,NORMAL,,False
2026-06-05 09:17:00,29.16,1011.59,61.1,NORMAL,,False
2026-06-05 09:18:00,29.28,1011.57,60.7,NORMAL,,False
2026-06-05 09:19:00,29.24,1011.58,60.9,NORMAL,,False
2026-06-05 09:20:00,29.27,1011.53,60.3,NORMAL,,False
2026-06-05 09:21:00,29.33,1011.59,60.2,NORMAL,,False
2026-06-05 09:22:00,29.42,1011.5,60.6,NORMAL,,False
2026-06-05 09:23:00,29.37,1011.52,60.3,NORMAL,,False
2026-06-05 09:24:00,29.4,1011.51,60.6,NORMAL,,False
2026-06-05 09:25:00,29.36,1011.49,59.7,NORMAL,,False
2026-06-05 09:26:00,29.55,1011.48,60.1,NORMAL,,False
2026-06-05 09:27:00,29.5,1011.49,60.3,NORMAL,,False
2026-06-05 09:28:00,29.5,1011.53,60.3,NORMAL,,False
2026-06-05 09:29:00,29.46,1011.52,59.9,NORMAL,,False
2026-06-05 09:30:00,29.57,1011.49,60.0,NORMAL,,False
2026-06-05 09:31:00,29.56,1011.5,59.7,NORMAL,,False
2026-06-05 09:32:00,29.6,1011.48,59.6,NORMAL,,False
2026-06-05 09:33:00,29.67,1011.48,59.6,NORMAL,,False
2026-06-05 09:34:00,29.56,1011.41,59.6,NORMAL,,False
2026-06-05 09:35:00,29.66,1011.4,59.4,NORMAL,,False
2026-06-05 09:36:00,29.81,1011.41,59.3,NORMAL,,False
2026-06-05 09:37:00,29.79,1011.43,59.1,NORMAL,,False
2026-06-05 09:38:00,29.83,1011.4,59.3,NORMAL,,False
2026-06-05 09:39:00,29.79,1011.47,59.7,NORMAL,,False
2026-06-05 09:40:00,29.69,1011.38,59.1,NORMAL,,False
2026-06-05 09:41:00,29.8,1011.37,58.5,NORMAL,,False
2026-06-05 09:42:00,29.9,1011.37,58.7,NORMAL,,False
2026-06-05 09:43:00,30.01,1011.36,58.8,NORMAL,,False
2026-06-05 09:44:00,29.87,1011.41,58.4,NORMAL,,False
2026-06-05 09:45:00,30.03,1011.35,58.7,NORMAL,,False
2026-06-05 09:46:00,29.91,1011.37,58.6,NORMAL,,False
2026-06-05 09:47:00,29.95,1011.36,58.6,NORMAL,,False
2026-06-05 09:48:00,29.98,1011.28,58.1,NORMAL,,False
2026-06-05 09:49:00,30.02,1011.28,57.9,NORMAL,,False
2026-06-05 09:50:00,30.11,1011.3,58.0,NORMAL,,False
2026-06-05 09:51:00,30.07,1011.3,57.9,NORMAL,,False
2026-06-05 09:52:00,30.11,1011.31,57.5,NORMAL,,False
2026-06-05 09:53:00,30.07,1011.28,57.9,NORMAL,,False
2026-06-05 09:54:00,30.18,1011.27,58.0,NORMAL,,False
2026-06-05 09:55:00,30.13,1011.24,57.6,NORMAL,,False
2026-06-05 09:56:00,30.19,1011.27,57.8,NORMAL,,False
2026-06-05 09:57:00,30.22,1011.19,57.5,NORMAL,,False
2026-06-05 09:58:00,30.25,1011.25,57.3,NORMAL,,False
2026-06-05 09:59:00,30.26,1011.23,57.2,NORMAL,,False
2026-06-05 10:00:00,30.3,1011.27,57.3,NORMAL,,False
2026-06-05 10:01:00,30.3,1011.19,57.8,NORMAL,,False
2026-06-05 10:02:00,30.36,1011.23,56.9,NORMAL,,False
2026-06-05 10:03:00,30.29,1011.14,57.2,NORMAL,,False
2026-06-05 10:04:00,30.43,1011.19,57.1,NORMAL,,False
2026-06-05 10:05:00,30.47,1011.17,56.9,NORMAL,,False
2026-06-05 10:06:00,30.38,1011.12,56.9,NORMAL,,False
2026-06-05 10:07:00,30.49,1011.15,56.9,NORMAL,,False
2026-06-05 10:08:00,30.49,1011.15,56.9,NORMAL,,False
2026-06-05 10:09:00,30.46,1011.13,56.7,NORMAL,,False
2026-06-05 10:10:00,30.52,1011.12,56.3,NORMAL,,False
2026-06-05 10:11:00,30.54,1011.12,56.6,NORMAL,,False
2026-06-05 10:12:00,30.63,1011.13,56.0,NORMAL,,False
2026-06-05 10:13:00,30.6,1011.12,56.4,NORMAL,,False
2026-06-05 10:14:00,30.63,1011.12,56.4,NORMAL,,False
2026-06-05 10:15:00,30.66,1011.07,56.1,NORMAL,,False
2026-06-05 10:16:00,30.75,1011.04,55.8,NORMAL,,False
2026-06-05 10:17:00,30.65,1011.1,55.9,NORMAL,,False
2026-06-05 10:18:00,30.81,1011.07,55.9,NORMAL,,False
2026-06-05 10:19:00,30.75,1011.01,55.7,NORMAL,,False
2026-06-05 10:20:00,30.79,1011.03,55.6,NORMAL,,False
2026-06-05 10:21:00,30.78,1011.07,55.4,NORMAL,,False
2026-06-05 10:22:00,30.86,1011.06,55.4,NORMAL,,False
2026-06-05 10:23:00,30.86,1011.01,55.5,NORMAL,,False
2026-06-05 10:24:00,30.84,1011.01,55.4,NORMAL,,False
2026-06-05 10:25:00,30.82,1011.01,55.1,NORMAL,,False
2026-06-05 10:26:00,30.9,1010.99,55.1,NORMAL,,False
2026-06-05 10:27:00,30.79,1010.95,55.4,NORMAL,,False
2026-06-05 10:28:00,30.96,1011.01,55.3,NORMAL,,False
2026-06-05 10:29:00,31.0,1010.98,55.0,NORMAL,,False
2026-06-05 10:30:00,30.99,1010.99,55.2,NORMAL,,False
2026-06-05 10:31:00,30.98,1010.98,55.0,NORMAL,,False
2026-06-05 10:32:00,31.12,1010.96,55.1,NORMAL,,False
2026-06-05 10:33:00,31.08,1010.95,54.6,NORMAL,,False
2026-06-05 10:34:00,31.08,1010.91,54.6,NORMAL,,False
2026-06-05 10:35:00,31.12,1010.94,54.4,NORMAL,,False
2026-06-05 10:36:00,31.19,1010.91,55.0,NORMAL,,False
2026-06-05 10:37:00,31.17,1010.87,54.2,NORMAL,,False
2026-06-05 10:38:00,31.19,1010.88,54.8,NORMAL,,False
2026-06-05 10:39:00,31.22,1010.87,54.2,NORMAL,,False
2026-06-05 10:40:00,31.29,1010.91,54.2,NORMAL,,False
2026-06-05 10:41:00,31.25,1010.86,54.1,NORMAL,,False
2026-06-05 10:42:00,31.3,1010.83,54.2,NORMAL,,False
2026-06-05 10:43:00,31.37,1010.85,54.1,NORMAL,,False
2026-06-05 10:44:00,31.24,1010.89,54.0,NORMAL,,False
2026-06-05 10:45:00,31.38,1010.84,54.1,NORMAL,,False
2026-06-05 10:46:00,31.37,1010.8,53.9,NORMAL,,False
2026-06-05 10:47:00,31.36,1010.83,54.0,NORMAL,,False
2026-06-05 10:48:00,31.45,1010.79,53.5,NORMAL,,False
2026-06-05 10:49:00,31.42,1010.81,54.0,NORMAL,,False
2026-06-05 10:50:00,31.4,1010.8,53.9,NORMAL,,False
2026-06-05 10:51:00,31.38,1010.68,53.6,NORMAL,,False
2026-06-05 10:52:00,31.51,1010.81,53.5,NORMAL,,False
2026-06-05 10:53:00,31.38,1010.77,53.3,NORMAL,,False
2026-06-05 10:54:00,31.53,1010.84,53.4,NORMAL,,False
2026-06-05 10:55:00,31.59,1010.71,53.3,NORMAL,,False
2026-06-05 10:56:00,31.55,1010.76,53.4,NORMAL,,False
2026-06-05 10:57:00,31.57,1010.78,53.2,NORMAL,,False
2026-06-05 10:58:00,31.66,1010.74,53.0,NORMAL,,False
2026-06-05 10:59:00,31.7,1010.71,52.9,NORMAL,,False
2026-06-05 11:00:00,31.64,1010.71,52.4,NORMAL,,False
2026-06-05 11:01:00,31.61,1010.76,52.6,NORMAL,,False
2026-06-05 11:02:00,31.71,1010.72,52.5,NORMAL,,False
2026-06-05 11:03:00,31.78,1010.72,52.7,NORMAL,,False
2026-06-05 11:04:00,31.71,1010.75,52.4,NORMAL,,False
2026-06-05 11:05:00,31.82,1010.68,52.4,NORMAL,,False
2026-06-05 11:06:00,31.69,1010.67,52.5,NORMAL,,False
2026-06-05 11:07:00,31.79,1010.66,52.5,NORMAL,,False
2026-06-05 11:08:00,31.91,1010.64,52.2,NORMAL,,False
2026-06-05 11:09:00,31.88,1010.66,52.3,NORMAL,,False
2026-06-05 11:10:00,31.91,1010.7,52.3,NORMAL,,False
2026-06-05 11:11:00,31.96,1010.62,51.6,NORMAL,,False
2026-06-05 11:12:00,31.97,1010.6,52.2,NORMAL,,False
2026-06-05 11:13:00,31.9,1010.6,52.0,NORMAL,,False
2026-06-05 11:14:00,31.89,1010.59,51.7,NORMAL,,False
2026-06-05 11:15:00,31.99,1010.64,51.4,NORMAL,,False
2026-06-05 11:16:00,32.05,1010.63,51.7,NORMAL,,False
2026-06-05 11:17:00,32.04,1010.6,52.1,NORMAL,,False
2026-06-05 11:18:00,31.98,1010.59,51.6,NORMAL,,False
2026-06-05 11:19:00,32.04,1010.55,51.6,NORMAL,,False
2026-06-05 11:20:00,31.98,1010.59,51.0,NORMAL,,False
2026-06-05 11:21:00,32.07,1010.58,51.6,NORMAL,,False
2026-06-05 11:22:00,32.11,1010.56,51.3,NORMAL,,False
2026-06-05 11:23:00,32.12,1010.59,51.0,NORMAL,,False
2026-06-05 11:24:00,32.14,1010.56,50.8,NORMAL,,False
2026-06-05 11:25:00,32.03,1010.59,51.3,NORMAL,,False
2026-06-05 11:26:00,32.16,1010.55,51.0,NORMAL,,False
2026-06-05 11:27:00,32.23,1010.57,51.1,NORMAL,,False
2026-06-05 11:28:00,32.17,1010.54,51.0,NORMAL,,False
2026-06-05 11:29:00,32.22,1010.54,51.0,NORMAL,,False
2026-06-05 11:30:00,32.29,1010.52,50.8,NORMAL,,False
2026-06-05 11:31:00,32.29,1010.51,50.8,NORMAL,,False
2026-06-05 11:32:00,32.31,1010.51,50.8,NORMAL,,False
2026-06-05 11:33:00,32.24,1010.5,50.8,NORMAL,,False
2026-06-05 11:34:00,32.42,1010.52,50.7,NORMAL,,False
2026-06-05 11:35:00,32.33,1010.5,50.6,NORMAL,,False
2026-06-05 11:36:00,32.41,1010.49,50.5,NORMAL,,False
2026-06-05 11:37:00,32.41,1010.45,50.4,NORMAL,,False
2026-06-05 11:38:00,32.39,1010.51,50.5,NORMAL,,False
2026-06-05 11:39:00,32.41,1010.45,50.0,NORMAL,,False
2026-06-05 11:40:00,32.45,1010.5,50.3,NORMAL,,False
2026-06-05 11:41:00,32.5,1010.47,50.7,NORMAL,,False
2026-06-05 11:42:00,32.49,1010.45,50.0,NORMAL,,False
2026-06-05 11:43:00,32.41,1010.43,50.1,NORMAL,,False
2026-06-05 11:44:00,32.38,1010.44,50.0,NORMAL,,False
2026-06-05 11:45:00,32.45,1010.43,49.6,NORMAL,,False
2026-06-05 11:46:00,32.52,1010.41,49.6,NORMAL,,False
2026-06-05 11:47:00,32.51,1010.42,49.5,NORMAL,,False
2026-06-05 11:48:00,32.52,1010.49,50.4,NORMAL,,False
2026-06-05 11:49:00,32.54,1010.39,49.9,NORMAL,,False
2026-06-05 11:50:00,32.56,1010.42,49.7,NORMAL,,False
2026-06-05 11:51:00,32.63,1010.39,49.9,NORMAL,,False
2026-06-05 11:52:00,32.69,1010.4,49.5,NORMAL,,False
2026-06-05 11:53:00,32.61,1010.41,49.6,NORMAL,,False
2026-06-05 11:54:00,32.73,1010.41,49.0,NORMAL,,False
2026-06-05 11:55:00,32.69,1010.38,49.5,NORMAL,,False
2026-06-05 11:56:00,32.66,1010.37,49.1,NORMAL,,False
2026-06-05 11:57:00,32.74,1010.39,49.0,NORMAL,,False
2026-06-05 11:58:00,32.77,1010.4,49.2,NORMAL,,False
2026-06-05 11:59:00,32.74,1010.44,49.2,NORMAL,,False
2026-06-05 12:00:00,,1010.37,49.1,MISSING,temperature,True
2026-06-05 12:01:00,32.81,1010.38,49.0,NORMAL,,False
2026-06-05 12:02:00,32.74,1010.35,49.5,NORMAL,,False
2026-06-05 12:03:00,32.78,1010.34,48.7,NORMAL,,False
2026-06-05 12:04:00,32.86,1010.37,48.8,NORMAL,,False
2026-06-05 12:05:00,32.85,1010.36,49.0,NORMAL,,False
2026-06-05 12:06:00,32.91,1010.37,48.6,NORMAL,,False
2026-06-05 12:07:00,32.8,1010.35,48.7,NORMAL,,False
2026-06-05 12:08:00,32.77,1010.33,48.7,NORMAL,,False
2026-06-05 12:09:00,32.85,1010.32,48.4,NORMAL,,False
2026-06-05 12:10:00,32.94,1010.35,48.6,NORMAL,,False
2026-06-05 12:11:00,32.91,1010.33,48.3,NORMAL,,False
2026-06-05 12:12:00,32.98,1010.33,48.6,NORMAL,,False
2026-06-05 12:13:00,32.98,1010.4,48.5,NORMAL,,False
2026-06-05 12:14:00,32.95,1010.3,48.3,NORMAL,,False
2026-06-05 12:15:00,33.1,1010.43,48.5,NORMAL,,False
2026-06-05 12:16:00,33.04,1010.33,48.3,NORMAL,,False
2026-06-05 12:17:00,33.04,1010.25,48.3,NORMAL,,False
2026-06-05 12:18:00,32.99,1010.28,48.2,NORMAL,,False
2026-06-05 12:19:00,33.02,1010.3,48.4,NORMAL,,False
2026-06-05 12:20:00,33.09,1010.31,47.6,NORMAL,,False
2026-06-05 12:21:00,33.08,1010.26,47.9,NORMAL,,False
2026-06-05 12:22:00,33.1,1010.3,48.1,NORMAL,,False
2026-06-05 12:23:00,33.11,1010.32,48.2,NORMAL,,False
2026-06-05 12:24:00,33.14,1010.28,48.0,NORMAL,,False
2026-06-05 12:25:00,33.11,1010.31,47.9,NORMAL,,False
2026-06-05 12:26:00,33.13,1010.34,47.5,NORMAL,,False
2026-06-05 12:27:00,33.28,1010.34,48.0,NORMAL,,False
2026-06-05 12:28:00,33.22,1010.29,47.7,NORMAL,,False
2026-06-05 12:29:00,33.2,1010.28,47.6,NORMAL,,False
2026-06-05 12:30:00,33.15,1010.27,47.6,NORMAL,,False
2026-06-05 12:31:00,33.21,1010.28,47.6,NORMAL,,False
2026-06-05 12:32:00,33.26,1010.34,47.2,NORMAL,,False
2026-06-05 12:33:00,33.19,1010.34,47.4,NORMAL,,False
2026-06-05 12:34:00,33.29,1010.3,47.5,NORMAL,,False
2026-06-05 12:35:00,33.29,1010.33,46.9,NORMAL,,False
2026-06-05 12:36:00,33.3,1010.3,47.3,NORMAL,,False
2026-06-05 12:37:00,33.28,1010.28,47.3,NORMAL,,False
2026-06-05 12:38:00,33.36,1010.29,47.4,NORMAL,,False
2026-06-05 12:39:00,33.24,1010.34,47.4,NORMAL,,False
2026-06-05 12:40:00,33.29,1010.3,47.3,NORMAL,,False
2026-06-05 12:41:00,33.4,1010.31,47.0,NORMAL,,False
2026-06-05 12:42:00,33.32,1010.34,47.2,NORMAL,,False
2026-06-05 12:43:00,33.33,1010.28,47.1,NORMAL,,False
2026-06-05 12:44:00,33.25,1010.22,47.2,NORMAL,,False
2026-06-05 12:45:00,33.47,1010.29,46.7,NORMAL,,False
2026-06-05 12:46:00,33.38,1010.26,46.8,NORMAL,,False
2026-06-05 12:47:00,33.47,1010.3,46.9,NORMAL,,False
2026-06-05 12:48:00,33.51,1010.33,47.4,NORMAL,,False
2026-06-05 12:49:00,33.41,1010.33,46.3,NORMAL,,False
2026-06-05 12:50:00,33.47,1010.31,46.7,NORMAL,,False
2026-06-05 12:51:00,33.42,1010.27,46.7,NORMAL,,False
2026-06-05 12:52:00,33.5,1010.26,46.5,NORMAL,,False
2026-06-05 12:53:00,33.44,1010.3,46.7,NORMAL,,False
2026-06-05 12:54:00,33.5,1010.26,46.7,NORMAL,,False
2026-06-05 12:55:00,33.49,1010.3,46.5,NORMAL,,False
2026-06-05 12:56:00,33.52,1010.33,46.8,NORMAL,,False
2026-06-05 12:57:00,33.44,1010.32,46.6,NORMAL,,False
2026-06-05 12:58:00,33.45,1010.29,46.7,NORMAL,,False
2026-06-05 12:59:00,33.55,1010.31,46.6,NORMAL,,False
2026-06-05 13:00:00,33.56,1010.3,46.3,NORMAL,,False
2026-06-05 13:01:00,33.64,1010.33,46.4,NORMAL,,False
2026-06-05 13:02:00,33.54,1010.35,46.4,NORMAL,,False
2026-06-05 13:03:00,33.56,1010.33,46.4,NORMAL,,False
2026-06-05 13:04:00,33.62,1010.35,46.1,NORMAL,,False
2026-06-05 13:05:00,33.64,1010.31,46.2,NORMAL,,False
2026-06-05 13:06:00,33.54,1010.31,46.3,NORMAL,,False
2026-06-05 13:07:00,33.61,1010.3,46.2,NORMAL,,False
2026-06-05 13:08:00,33.63,1010.33,46.6,NORMAL,,False
2026-06-05 13:09:00,33.57,1010.28,46.5,NORMAL,,False
2026-06-05 13:10:00,33.63,1010.31,46.0,NORMAL,,False
2026-06-05 13:11:00,33.74,1010.3,45.6,NORMAL,,False
2026-06-05 13:12:00,33.57,1010.39,46.4,NORMAL,,False
2026-06-05 13:13:00,33.68,1010.24,46.4,NORMAL,,False
2026-06-05 13:14:00,33.69,1010.35,46.2,NORMAL,,False
2026-06-05 13:15:00,33.65,1010.32,46.0,NORMAL,,False
2026-06-05 13:16:00,33.7,1010.35,45.9,NORMAL,,False
2026-06-05 13:17:00,33.68,1010.36,45.9,NORMAL,,False
2026-06-05 13:18:00,33.7,1010.42,45.7,NORMAL,,False
2026-06-05 13:19:00,33.72,1010.35,45.9,NORMAL,,False
2026-06-05 13:20:00,33.71,1010.28,45.5,NORMAL,,False
2026-06-05 13:21:00,33.83,1010.36,45.9,NORMAL,,False
2026-06-05 13:22:00,33.73,1010.3,45.8,NORMAL,,False
2026-06-05 13:23:00,33.78,1010.31,45.5,NORMAL,,False
2026-06-05 13:24:00,33.77,1010.35,45.9,NORMAL,,False
2026-06-05 13:25:00,33.88,1010.43,45.9,NORMAL,,False
2026-06-05 13:26:00,33.74,1010.41,45.8,NORMAL,,False
2026-06-05 13:27:00,33.82,1010.33,45.7,NORMAL,,False
2026-06-05 13:28:00,33.71,1010.33,45.8,NORMAL,,False
2026-06-05 13:29:00,33.83,1010.41,45.9,NORMAL,,False
2026-06-05 13:30:00,33.71,1010.39,46.0,NORMAL,,False
2026-06-05 13:31:00,33.68,1010.35,45.5,NORMAL,,False
2026-06-05 13:32:00,33.81,1010.38,45.6,NORMAL,,False
2026-06-05 13:33:00,33.81,1010.35,45.4,NORMAL,,False
2026-06-05 13:34:00,33.76,1010.39,45.3,NORMAL,,False
2026-06-05 13:35:00,33.87,1010.41,45.7,NORMAL,,False
2026-06-05 13:36:00,33.85,1010.42,45.8,NORMAL,,False
2026-06-05 13:37:00,33.9,1010.41,45.5,NORMAL,,False
2026-06-05 13:38:00,33.9,1010.4,45.4,NORMAL,,False
2026-06-05 13:39:00,33.77,1010.43,45.5,NORMAL,,False
2026-06-05 13:40:00,33.89,1010.44,45.6,NORMAL,,False
2026-06-05 13:41:00,33.78,1010.45,45.0,NORMAL,,False
2026-06-05 13:42:00,33.88,1010.44,45.5,NORMAL,,False
2026-06-05 13:43:00,33.85,1010.39,45.0,NORMAL,,False
2026-06-05 13:44:00,33.94,1010.43,45.8,NORMAL,,False
2026-06-05 13:45:00,33.79,1010.41,44.9,NORMAL,,False
2026-06-05 13:46:00,33.89,1010.48,45.6,NORMAL,,False
2026-06-05 13:47:00,33.92,1010.49,45.3,NORMAL,,False
2026-06-05 13:48:00,33.85,1010.52,45.4,NORMAL,,False
2026-06-05 13:49:00,33.82,1010.48,45.7,NORMAL,,False
2026-06-05 13:50:00,33.84,1010.48,45.2,NORMAL,,False
2026-06-05 13:51:00,33.87,1010.54,45.0,NORMAL,,False
2026-06-05 13:52:00,33.91,1010.47,45.3,NORMAL,,False
2026-06-05 13:53:00,33.86,1010.56,45.2,NORMAL,,False
2026-06-05 13:54:00,33.99,1010.53,45.6,NORMAL,,False
2026-06-05 13:55:00,33.92,1010.49,45.3,NORMAL,,False
2026-06-05 13:56:00,34.09,1010.48,45.4,NORMAL,,False
2026-06-05 13:57:00,33.89,1010.51,44.8,NORMAL,,False
2026-06-05 13:58:00,33.94,1010.59,45.5,NORMAL,,False
2026-06-05 13:59:00,33.96,1010.52,45.1,NORMAL,,False
2026-06-05 14:00:00,33.88,1010.55,45.3,NORMAL,,False
2026-06-05 14:01:00,34.05,1010.54,45.3,NORMAL,,False
2026-06-05 14:02:00,33.95,1010.58,44.7,NORMAL,,False
2026-06-05 14:03:00,33.99,1010.51,45.1,NORMAL,,False
2026-06-05 14:04:00,34.03,1010.57,44.9,NORMAL,,False
2026-06-05 14:05:00,33.97,1010.57,45.2,NORMAL,,False
2026-06-05 14:06:00,33.88,1010.63,45.5,NORMAL,,False
2026-06-05 14:07:00,33.95,1010.53,45.1,NORMAL,,False
2026-06-05 14:08:00,34.03,1010.59,45.4,NORMAL,,False
2026-06-05 14:09:00,33.9,1010.57,44.8,NORMAL,,False
2026-06-05 14:10:00,33.94,1010.64,45.0,NORMAL,,False
2026-06-05 14:11:00,33.93,1010.63,45.1,NORMAL,,False
2026-06-05 14:12:00,34.05,1010.59,44.9,NORMAL,,False
2026-06-05 14:13:00,33.93,1010.62,45.1,NORMAL,,False
2026-06-05 14:14:00,33.99,1010.64,45.2,NORMAL,,False
2026-06-05 14:15:00,34.0,1010.66,44.9,NORMAL,,False
2026-06-05 14:16:00,34.01,1010.64,44.8,NORMAL,,False
2026-06-05 14:17:00,34.02,1010.65,45.0,NORMAL,,False
2026-06-05 14:18:00,33.93,1010.69,44.6,NORMAL,,False
2026-06-05 14:19:00,33.97,1010.68,44.9,NORMAL,,False
2026-06-05 14:20:00,33.95,1010.71,45.3,NORMAL,,False
2026-06-05 14:21:00,33.97,1010.7,44.9,NORMAL,,False
2026-06-05 14:22:00,34.05,1010.73,45.0,NORMAL,,False
2026-06-05 14:23:00,33.94,1010.75,44.6,NORMAL,,False
2026-06-05 14:24:00,33.98,1010.7,45.1,NORMAL,,False
2026-06-05 14:25:00,34.07,1010.73,45.1,NORMAL,,False
2026-06-05 14:26:00,33.98,1010.71,45.0,NORMAL,,False
2026-06-05 14:27:00,34.02,1010.74,45.0,NORMAL,,False
2026-06-05 14:28:00,33.93,1010.75,44.8,NORMAL,,False
2026-06-05 14:29:00,34.0,1010.78,44.9,NORMAL,,False
2026-06-05 14:30:00,34.04,1010.78,44.8,NORMAL,,False
2026-06-05 14:31:00,33.91,1010.79,44.9,NORMAL,,False
2026-06-05 14:32:00,33.98,1010.8,45.1,NORMAL,,False
2026-06-05 14:33:00,33.95,1010.71,45.0,NORMAL,,False
2026-06-05 14:34:00,34.01,1010.8,44.8,NORMAL,,False
2026-06-05 14:35:00,34.01,1010.85,44.9,NORMAL,,False
2026-06-05 14:36:00,34.03,1010.85,45.0,NORMAL,,False
2026-06-05 14:37:00,33.95,1010.88,44.8,NORMAL,,False
2026-06-05 14:38:00,34.0,1010.9,44.8,NORMAL,,False
2026-06-05 14:39:00,33.99,1010.86,44.7,NORMAL,,False
2026-06-05 14:40:00,34.01,1010.86,45.2,NORMAL,,False
2026-06-05 14:41:00,34.03,1010.88,45.2,NORMAL,,False
2026-06-05 14:42:00,33.91,1010.9,45.2,NORMAL,,False
2026-06-05 14:43:00,33.94,1010.92,44.9,NORMAL,,False
2026-06-05 14:44:00,34.0,1010.88,45.1,NORMAL,,False
2026-06-05 14:45:00,33.97,1010.88,45.1,NORMAL,,False
2026-06-05 14:46:00,33.85,1010.94,44.9,NORMAL,,False
2026-06-05 14:47:00,33.96,1010.93,44.9,NORMAL,,False
2026-06-05 14:48:00,34.03,1010.94,45.1,NORMAL,,False
2026-06-05 14:49:00,33.99,1010.93,45.0,NORMAL,,False
2026-06-05 14:50:00,33.99,1011.01,45.3,NORMAL,,False
2026-06-05 14:51:00,34.01,1011.0,45.1,NORMAL,,False
2026-06-05 14:52:00,33.95,1010.96,44.6,NORMAL,,False
2026-06-05 14:53:00,34.0,1011.02,45.3,NORMAL,,False
2026-06-05 14:54:00,33.98,1010.99,45.4,NORMAL,,False
2026-06-05 14:55:00,33.87,1010.99,45.0,NORMAL,,False
2026-06-05 14:56:00,33.96,1011.02,45.1,NORMAL,,False
2026-06-05 14:57:00,34.07,1011.03,44.9,NORMAL,,False
2026-06-05 14:58:00,33.94,1011.02,45.0,NORMAL,,False
2026-06-05 14:59:00,33.87,1011.03,45.2,NORMAL,,False
2026-06-05 15:00:00,33.94,1011.01,45.2,NORMAL,,False
2026-06-05 15:01:00,33.93,1011.04,45.2,NORMAL,,False
2026-06-05 15:02:00,33.87,1011.11,45.0,NORMAL,,False
2026-06-05 15:03:00,33.93,1011.07,45.3,NORMAL,,False
2026-06-05 15:04:00,33.93,1011.12,45.2,NORMAL,,False
2026-06-05 15:05:00,34.0,1011.14,45.1,NORMAL,,False
2026-06-05 15:06:00,33.92,1011.15,45.0,NORMAL,,False
2026-06-05 15:07:00,33.88,1011.16,45.2,NORMAL,,False
2026-06-05 15:08:00,33.9,1011.14,45.3,NORMAL,,False
2026-06-05 15:09:00,33.9,1011.13,45.4,NORMAL,,False
2026-06-05 15:10:00,33.93,1011.18,45.4,NORMAL,,False
2026-06-05 15:11:00,33.95,1011.15,45.4,NORMAL,,False
2026-06-05 15:12:00,33.9,1011.22,45.4,NORMAL,,False
2026-06-05 15:13:00,34.0,1011.21,45.4,NORMAL,,False
2026-06-05 15:14:00,33.9,1011.23,45.0,NORMAL,,False
2026-06-05 15:15:00,33.82,1011.22,45.1,NORMAL,,False
2026-06-05 15:16:00,33.9,1011.26,45.4,NORMAL,,False
2026-06-05 15:17:00,33.95,1011.3,45.6,NORMAL,,False
2026-06-05 15:18:00,33.84,1011.27,45.6,NORMAL,,False
2026-06-05 15:19:00,33.82,1011.26,45.4,NORMAL,,False
2026-06-05 15:20:00,33.87,1011.24,45.6,NORMAL,,False
2026-06-05 15:21:00,33.88,1011.34,45.6,NORMAL,,False
2026-06-05 15:22:00,33.85,1011.31,45.6,NORMAL,,False
2026-06-05 15:23:00,33.89,1011.3,45.8,NORMAL,,False
2026-06-05 15:24:00,33.81,1011.34,45.5,NORMAL,,False
2026-06-05 15:25:00,33.82,1011.31,45.5,NORMAL,,False
2026-06-05 15:26:00,33.83,1011.29,45.5,NORMAL,,False
2026-06-05 15:27:00,33.79,1011.37,45.2,NORMAL,,False
2026-06-05 15:28:00,33.82,1011.37,45.2,NORMAL,,False
2026-06-05 15:29:00,33.78,1011.36,45.9,NORMAL,,False
2026-06-05 15:30:00,33.81,1011.36,45.3,NORMAL,,False
2026-06-05 15:31:00,33.68,1011.42,45.7,NORMAL,,False
2026-06-05 15:32:00,33.82,1011.44,46.1,NORMAL,,False
2026-06-05 15:33:00,33.88,1011.44,45.6,NORMAL,,False
2026-06-05 15:34:00,33.84,1011.45,46.0,NORMAL,,False
2026-06-05 15:35:00,33.79,1011.47,45.3,NORMAL,,False
2026-06-05 15:36:00,33.76,1011.46,45.8,NORMAL,,False
2026-06-05 15:37:00,33.81,1011.42,45.8,NORMAL,,False
2026-06-05 15:38:00,33.73,1011.51,45.9,NORMAL,,False
2026-06-05 15:39:00,33.68,1011.43,45.5,NORMAL,,False
2026-06-05 15:40:00,33.69,1011.51,46.2,NORMAL,,False
2026-06-05 15:41:00,33.78,1011.55,46.2,NORMAL,,False
2026-06-05 15:42:00,33.76,1011.51,46.0,NORMAL,,False
2026-06-05 15:43:00,33.69,1011.53,46.1,NORMAL,,False
2026-06-05 15:44:00,33.65,1011.63,46.2,NORMAL,,False
2026-06-05 15:45:00,33.72,1011.55,45.9,NORMAL,,False
2026-06-05 15:46:00,33.71,1011.54,46.2,NORMAL,,False
2026-06-05 15:47:00,33.69,1011.6,46.1,NORMAL,,False
2026-06-05 15:48:00,33.7,1011.57,46.0,NORMAL,,False
2026-06-05 15:49:00,33.78,1011.59,46.0,NORMAL,,False
2026-06-05 15:50:00,33.64,1011.66,45.9,NORMAL,,False
2026-06-05 15:51:00,33.64,1011.63,46.0,NORMAL,,False
2026-06-05 15:52:00,33.62,1011.64,46.3,NORMAL,,False
2026-06-05 15:53:00,33.45,1011.59,46.3,NORMAL,,False
2026-06-05 15:54:00,33.62,1011.71,46.3,NORMAL,,False
2026-06-05 15:55:00,33.6,1011.72,46.8,NORMAL,,False
2026-06-05 15:56:00,33.62,1011.71,46.2,NORMAL,,False
2026-06-05 15:57:00,33.65,1011.67,46.7,NORMAL,,False
2026-06-05 15:58:00,33.66,1011.71,46.3,NORMAL,,False
2026-06-05 15:59:00,33.57,1011.76,46.5,NORMAL,,False
2026-06-05 16:00:00,33.58,1011.75,46.6,NORMAL,,False
2026-06-05 16:01:00,33.51,1011.76,46.6,NORMAL,,False
2026-06-05 16:02:00,33.55,1011.75,46.6,NORMAL,,False
2026-06-05 16:03:00,33.52,1011.71,46.8,NORMAL,,False
2026-06-05 16:04:00,33.52,1011.79,46.5,NORMAL,,False
2026-06-05 16:05:00,33.49,1011.78,46.8,NORMAL,,False
2026-06-05 16:06:00,33.46,1011.79,46.9,NORMAL,,False
2026-06-05 16:07:00,33.37,1011.84,46.8,NORMAL,,False
2026-06-05 16:08:00,33.4,1011.78,46.8,NORMAL,,False
2026-06-05 16:09:00,33.42,1011.85,46.9,NORMAL,,False
2026-06-05 16:10:00,33.44,1011.88,46.7,NORMAL,,False
2026-06-05 16:11:00,33.51,1011.87,46.8,NORMAL,,False
2026-06-05 16:12:00,33.41,1011.84,47.0,NORMAL,,False
2026-06-05 16:13:00,33.39,1011.84,47.0,NORMAL,,False
2026-06-05 16:14:00,33.38,1011.92,46.9,NORMAL,,False
2026-06-05 16:15:00,33.3,1011.89,47.1,NORMAL,,False
2026-06-05 16:16:00,33.38,1011.93,47.1,NORMAL,,False
2026-06-05 16:17:00,33.28,1011.97,46.8,NORMAL,,False
2026-06-05 16:18:00,33.29,1011.95,47.0,NORMAL,,False
2026-06-05 16:19:00,33.33,1011.99,47.2,NORMAL,,False
2026-06-05 16:20:00,33.34,1011.95,47.5,NORMAL,,False
2026-06-05 16:21:00,33.35,1012.03,47.5,NORMAL,,False
2026-06-05 16:22:00,33.25,1012.01,47.5,NORMAL,,False
2026-06-05 16:23:00,33.23,1011.97,47.0,NORMAL,,False
2026-06-05 16:24:00,33.19,1012.02,47.9,NORMAL,,False
2026-06-05 16:25:00,33.28,1012.03,47.4,NORMAL,,False
2026-06-05 16:26:00,33.26,1012.03,47.7,NORMAL,,False
2026-06-05 16:27:00,33.29,1012.02,47.9,NORMAL,,False
2026-06-05 16:28:00,33.22,1012.03,47.8,NORMAL,,False
2026-06-05 16:29:00,33.16,1012.05,47.8,NORMAL,,False
2026-06-05 16:30:00,33.28,1012.06,47.9,NORMAL,,False
2026-06-05 16:31:00,33.08,1012.1,47.5,NORMAL,,False
2026-06-05 16:32:00,33.17,1012.08,47.7,NORMAL,,False
2026-06-05 16:33:00,33.14,1012.07,47.8,NORMAL,,False
2026-06-05 16:34:00,33.13,1012.12,48.3,NORMAL,,False
2026-06-05 16:35:00,33.16,1012.12,47.9,NORMAL,,False
2026-06-05 16:36:00,33.08,1012.12,47.6,NORMAL,,False
2026-06-05 16:37:00,33.14,1012.2,48.0,NORMAL,,False
2026-06-05 16:38:00,33.13,1012.18,48.2,NORMAL,,False
2026-06-05 16:39:00,33.1,1012.14,48.2,NORMAL,,False
2026-06-05 16:40:00,32.96,1012.17,48.3,NORMAL,,False
2026-06-05 16:41:00,33.05,1012.21,47.7,NORMAL,,False
2026-06-05 16:42:00,32.97,1012.22,48.5,NORMAL,,False
2026-06-05 16:43:00,33.0,1012.24,48.5,NORMAL,,False
2026-06-05 16:44:00,32.99,1012.24,48.2,NORMAL,,False
2026-06-05 16:45:00,32.95,1012.22,48.7,NORMAL,,False
2026-06-05 16:46:00,32.91,1012.27,48.2,NORMAL,,False
2026-06-05 16:47:00,32.95,1012.25,48.2,NORMAL,,False
2026-06-05 16:48:00,32.88,1012.28,48.6,NORMAL,,False
2026-06-05 16:49:00,32.9,1012.3,48.6,NORMAL,,False
2026-06-05 16:50:00,32.95,1012.26,48.9,NORMAL,,False
2026-06-05 16:51:00,32.88,1012.33,48.5,NORMAL,,False
2026-06-05 16:52:00,32.93,1012.3,48.8,NORMAL,,False
2026-06-05 16:53:00,32.8,1012.32,48.9,NORMAL,,False
2026-06-05 16:54:00,32.89,1012.28,48.7,NORMAL,,False
2026-06-05 16:55:00,32.84,1012.31,48.8,NORMAL,,False
2026-06-05 16:56:00,32.85,1012.38,48.7,NORMAL,,False
2026-06-05 16:57:00,32.8,1012.38,48.6,NORMAL,,False
2026-06-05 16:58:00,32.85,1012.41,49.3,NORMAL,,False
2026-06-05 16:59:00,32.78,1012.39,49.0,NORMAL,,False
2026-06-05 17:00:00,32.73,1012.39,49.1,NORMAL,,False
2026-06-05 17:01:00,32.78,1012.34,49.3,NORMAL,,False
2026-06-05 17:02:00,32.73,1012.4,49.2,NORMAL,,False
2026-06-05 17:03:00,32.7,1012.44,49.4,NORMAL,,False
2026-06-05 17:04:00,32.65,1012.41,49.6,NORMAL,,False
2026-06-05 17:05:00,32.67,1012.38,49.5,NORMAL,,False
2026-06-05 17:06:00,32.59,1012.49,49.6,NORMAL,,False
2026-06-05 17:07:00,32.64,1012.46,49.4,NORMAL,,False
2026-06-05 17:08:00,32.64,1012.46,49.2,NORMAL,,False
2026-06-05 17:09:00,32.6,1012.46,50.0,NORMAL,,False
2026-06-05 17:10:00,32.6,1012.48,49.8,NORMAL,,False
2026-06-05 17:11:00,32.64,1012.47,49.4,NORMAL,,False
2026-06-05 17:12:00,32.5,1012.47,49.6,NORMAL,,False
2026-06-05 17:13:00,32.6,1012.53,49.7,NORMAL,,False
2026-06-05 17:14:00,32.5,1012.54,50.0,NORMAL,,False
2026-06-05 17:15:00,32.47,1012.47,50.2,NORMAL,,False
2026-06-05 17:16:00,32.47,1012.6,50.1,NORMAL,,False
2026-06-05 17:17:00,32.52,1012.55,50.1,NORMAL,,False
2026-06-05 17:18:00,32.46,1012.56,50.2,NORMAL,,False
2026-06-05 17:19:00,32.42,1012.6,50.2,NORMAL,,False
2026-06-05 17:20:00,32.44,1012.6,50.5,NORMAL,,False
2026-06-05 17:21:00,32.44,1012.6,50.2,NORMAL,,False
2026-06-05 17:22:00,32.35,1012.61,50.3,NORMAL,,False
2026-06-05 17:23:00,32.37,1012.6,50.9,NORMAL,,False
2026-06-05 17:24:00,32.39,1012.65,50.7,NORMAL,,False
2026-06-05 17:25:00,32.35,1012.67,50.2,NORMAL,,False
2026-06-05 17:26:00,32.32,1012.71,50.2,NORMAL,,False
2026-06-05 17:27:00,32.34,1012.62,50.8,NORMAL,,False
2026-06-05 17:28:00,32.29,1012.66,51.0,NORMAL,,False
2026-06-05 17:29:00,32.26,1012.65,50.7,NORMAL,,False
2026-06-05 17:30:00,32.26,1012.72,51.0,NORMAL,,False
2026-06-05 17:31:00,32.27,1012.63,50.7,NORMAL,,False
2026-06-05 17:32:00,32.19,1012.7,50.9,NORMAL,,False
2026-06-05 17:33:00,32.16,1012.7,51.0,NORMAL,,False
2026-06-05 17:34:00,32.23,1012.7,51.0,NORMAL,,False
2026-06-05 17:35:00,32.17,1012.72,51.1,NORMAL,,False
2026-06-05 17:36:00,32.14,1012.68,51.3,NORMAL,,False
2026-06-05 17:37:00,32.2,1012.79,51.2,NORMAL,,False
2026-06-05 17:38:00,32.1,1012.67,51.5,NORMAL,,False
2026-06-05 17:39:00,32.09,1012.74,51.2,NORMAL,,False
2026-06-05 17:40:00,31.96,1012.81,51.7,NORMAL,,False
2026-06-05 17:41:00,32.05,1012.78,51.6,NORMAL,,False
2026-06-05 17:42:00,32.0,1012.79,51.9,NORMAL,,False
2026-06-05 17:43:00,32.01,1012.78,51.6,NORMAL,,False
2026-06-05 17:44:00,31.95,1012.75,51.9,NORMAL,,False
2026-06-05 17:45:00,31.95,1012.79,52.2,NORMAL,,False
2026-06-05 17:46:00,31.87,1012.8,51.9,NORMAL,,False
2026-06-05 17:47:00,31.96,1012.86,52.1,NORMAL,,False
2026-06-05 17:48:00,31.89,1012.79,52.1,NORMAL,,False
2026-06-05 17:49:00,31.96,1012.83,52.3,NORMAL,,False
2026-06-05 17:50:00,31.87,1012.83,52.3,NORMAL,,False
2026-06-05 17:51:00,31.75,1012.83,52.0,NORMAL,,False
2026-06-05 17:52:00,31.81,1012.85,52.5,NORMAL,,False
2026-06-05 17:53:00,31.8,1012.81,52.6,NORMAL,,False
2026-06-05 17:54:00,31.75,1012.86,52.5,NORMAL,,False
2026-06-05 17:55:00,31.73,1012.85,52.4,NORMAL,,False
2026-06-05 17:56:00,31.72,1012.81,52.4,NORMAL,,False
2026-06-05 17:57:00,31.71,1012.91,52.6,NORMAL,,False
2026-06-05 17:58:00,31.7,1012.86,52.7,NORMAL,,False
2026-06-05 17:59:00,31.72,1012.93,52.5,NORMAL,,False
2026-06-05 18:00:00,31.53,1012.9,52.9,NORMAL,,False
2026-06-05 18:01:00,31.68,1012.92,52.9,NORMAL,,False
2026-06-05 18:02:00,31.6,1012.91,52.9,NORMAL,,False
2026-06-05 18:03:00,31.53,1012.94,53.1,NORMAL,,False
2026-06-05 18:04:00,31.57,1012.89,53.3,NORMAL,,False
2026-06-05 18:05:00,31.64,1012.88,53.0,NORMAL,,False
2026-06-05 18:06:00,31.51,1012.96,53.5,NORMAL,,False
2026-06-05 18:07:00,31.49,1012.96,53.3,NORMAL,,False
2026-06-05 18:08:00,31.45,1012.9,53.5,NORMAL,,False
2026-06-05 18:09:00,31.45,1012.89,53.2,NORMAL,,False
2026-06-05 18:10:00,31.47,1012.91,53.4,NORMAL,,False
2026-06-05 18:11:00,31.45,1012.92,53.5,NORMAL,,False
2026-06-05 18:12:00,31.4,1012.98,53.9,NORMAL,,False
2026-06-05 18:13:00,31.26,1012.98,54.0,NORMAL,,False
2026-06-05 18:14:00,31.37,1012.94,53.8,NORMAL,,False
2026-06-05 18:15:00,31.38,1012.96,53.8,NORMAL,,False
2026-06-05 18:16:00,31.36,1012.99,54.0,NORMAL,,False
2026-06-05 18:17:00,31.28,1012.97,54.1,NORMAL,,False
2026-06-05 18:18:00,31.22,1012.97,54.1,NORMAL,,False
2026-06-05 18:19:00,31.18,1012.96,54.3,NORMAL,,False
2026-06-05 18:20:00,31.21,1012.94,54.4,NORMAL,,False
2026-06-05 18:21:00,31.26,1013.01,54.7,NORMAL,,False
2026-06-05 18:22:00,31.18,1013.0,54.6,NORMAL,,False
2026-06-05 18:23:00,31.21,1013.0,54.3,NORMAL,,False
2026-06-05 18:24:00,31.08,1013.01,54.7,NORMAL,,False
2026-06-05 18:25:00,31.1,1013.04,54.4,NORMAL,,False
2026-06-05 18:26:00,31.11,1013.03,54.6,NORMAL,,False
2026-06-05 18:27:00,31.05,1013.05,54.9,NORMAL,,False
2026-06-05 18:28:00,31.11,1012.99,54.5,NORMAL,,False
2026-06-05 18:29:00,30.96,1012.99,54.7,NORMAL,,False
2026-06-05 18:30:00,30.93,1013.01,55.1,NORMAL,,False
2026-06-05 18:31:00,30.99,1012.99,55.1,NORMAL,,False
2026-06-05 18:32:00,30.96,1013.02,55.1,NORMAL,,False
2026-06-05 18:33:00,30.94,1013.05,55.1,NORMAL,,False
2026-06-05 18:34:00,30.94,1013.02,55.0,NORMAL,,False
2026-06-05 18:35:00,30.79,1013.05,55.2,NORMAL,,False
2026-06-05 18:36:00,30.8,1013.01,55.7,NORMAL,,False
2026-06-05 18:37:00,30.99,1013.06,55.5,NORMAL,,False
2026-06-05 18:38:00,30.8,1013.09,55.5,NORMAL,,False
2026-06-05 18:39:00,30.87,1013.05,55.7,NORMAL,,False
2026-06-05 18:40:00,30.73,1013.07,55.6,NORMAL,,False
2026-06-05 18:41:00,30.66,1013.06,55.6,NORMAL,,False
2026-06-05 18:42:00,30.72,1013.05,55.9,NORMAL,,False
2026-06-05 18:43:00,30.72,1013.07,56.1,NORMAL,,False
2026-06-05 18:44:00,30.68,1013.13,55.8,NORMAL,,False
2026-06-05 18:45:00,30.63,1013.07,56.3,NORMAL,,False
2026-06-05 18:46:00,30.65,1013.08,56.0,NORMAL,,False
2026-06-05 18:47:00,30.55,1013.05,56.1,NORMAL,,False
2026-06-05 18:48:00,30.53,1013.09,56.3,NORMAL,,False
2026-06-05 18:49:00,30.58,1013.12,56.6,NORMAL,,False
2026-06-05 18:50:00,30.62,1013.09,56.5,NORMAL,,False
2026-06-05 18:51:00,30.48,1013.11,56.9,NORMAL,,False
2026-06-05 18:52:00,30.54,1013.1,56.6,NORMAL,,False
2026-06-05 18:53:00,30.43,1013.12,56.8,NORMAL,,False
2026-06-05 18:54:00,30.44,1013.08,56.9,NORMAL,,False
2026-06-05 18:55:00,30.35,1013.05,56.8,NORMAL,,False
2026-06-05 18:56:00,30.41,1013.1,57.0,NORMAL,,False
2026-06-05 18:57:00,30.24,1013.18,56.9,NORMAL,,False
2026-06-05 18:58:00,30.34,1013.08,57.2,NORMAL,,False
2026-06-05 18:59:00,30.4,1013.07,57.1,NORMAL,,False
2026-06-05 19:00:00,30.34,1013.11,57.4,NORMAL,,False
2026-06-05 19:01:00,30.33,1013.07,57.5,NORMAL,,False
2026-06-05 19:02:00,30.29,1013.08,57.5,NORMAL,,False
2026-06-05 19:03:00,30.2,1013.1,57.7,NORMAL,,False
2026-06-05 19:04:00,30.27,1013.09,57.5,NORMAL,,False
2026-06-05 19:05:00,30.26,1013.05,57.9,NORMAL,,False
2026-06-05 19:06:00,30.17,1013.1,57.5,NORMAL,,False
2026-06-05 19:07:00,30.11,1013.08,57.9,NORMAL,,False
2026-06-05 19:08:00,30.0,1013.14,58.1,NORMAL,,False
2026-06-05 19:09:00,30.08,1013.09,58.2,NORMAL,,False
2026-06-05 19:10:00,30.06,1013.12,58.3,NORMAL,,False
2026-06-05 19:11:00,29.99,1013.06,58.5,NORMAL,,False
2026-06-05 19:12:00,30.02,1013.08,58.3,NORMAL,,False
2026-06-05 19:13:00,29.95,1013.03,58.5,NORMAL,,False
2026-06-05 19:14:00,29.89,1013.09,58.1,NORMAL,,False
2026-06-05 19:15:00,29.91,1013.09,59.0,NORMAL,,False
2026-06-05 19:16:00,29.91,1013.13,58.6,NORMAL,,False
2026-06-05 19:17:00,29.9,1013.13,58.9,NORMAL,,False
2026-06-05 19:18:00,29.95,1013.1,58.9,NORMAL,,False
2026-06-05 19:19:00,29.89,1013.08,58.7,NORMAL,,False
2026-06-05 19:20:00,29.91,1013.11,58.7,NORMAL,,False
2026-06-05 19:21:00,29.79,1013.1,59.1,NORMAL,,False
2026-06-05 19:22:00,29.81,1013.06,59.1,NORMAL,,False
2026-06-05 19:23:00,29.66,1013.04,59.4,NORMAL,,False
2026-06-05 19:24:00,29.65,1013.08,59.7,NORMAL,,False
2026-06-05 19:25:00,29.67,1013.11,59.5,NORMAL,,False
2026-06-05 19:26:00,29.61,1013.04,59.4,NORMAL,,False
2026-06-05 19:27:00,29.6,1013.08,59.4,NORMAL,,False
2026-06-05 19:28:00,29.66,1013.04,59.8,NORMAL,,False
2026-06-05 19:29:00,29.61,1013.1,59.9,NORMAL,,False
2026-06-05 19:30:00,29.63,1013.09,59.6,NORMAL,,False
2026-06-05 19:31:00,29.58,1013.07,59.9,NORMAL,,False
2026-06-05 19:32:00,29.53,1013.11,60.0,NORMAL,,False
2026-06-05 19:33:00,29.48,1013.08,59.8,NORMAL,,False
2026-06-05 19:34:00,29.51,1013.02,59.6,NORMAL,,False
2026-06-05 19:35:00,29.46,1013.05,60.4,NORMAL,,False
2026-06-05 19:36:00,29.42,1013.03,60.7,NORMAL,,False
2026-06-05 19:37:00,29.42,1013.04,60.3,NORMAL,,False
2026-06-05 19:38:00,29.26,1013.05,60.5,NORMAL,,False
2026-06-05 19:39:00,29.32,1013.09,60.7,NORMAL,,False
2026-06-05 19:40:00,29.28,1013.03,61.0,NORMAL,,False
2026-06-05 19:41:00,29.24,1013.02,60.7,NORMAL,,False
2026-06-05 19:42:00,29.24,1013.1,60.9,NORMAL,,False
2026-06-05 19:43:00,29.28,1013.03,61.1,NORMAL,,False
2026-06-05 19:44:00,29.2,1013.07,61.1,NORMAL,,False
2026-06-05 19:45:00,29.14,1013.06,60.8,NORMAL,,False
2026-06-05 19:46:00,29.13,1012.99,61.0,NORMAL,,False
2026-06-05 19:47:00,29.18,1013.03,61.7,NORMAL,,False
2026-06-05 19:48:00,29.08,1013.06,61.5,NORMAL,,False
2026-06-05 19:49:00,29.13,1013.01,61.4,NORMAL,,False
2026-06-05 19:50:00,28.99,1012.98,61.8,NORMAL,,False
2026-06-05 19:51:00,29.04,1013.03,61.8,NORMAL,,False
2026-06-05 19:52:00,28.95,1013.05,61.8,NORMAL,,False
2026-06-05 19:53:00,28.94,1012.99,62.2,NORMAL,,False
2026-06-05 19:54:00,28.96,1013.02,61.7,NORMAL,,False
2026-06-05 19:55:00,28.87,1013.02,62.1,NORMAL,,False
2026-06-05 19:56:00,28.88,1012.95,61.8,NORMAL,,False
2026-06-05 19:57:00,28.86,1013.03,62.1,NORMAL,,False
2026-06-05 19:58:00,28.68,1013.0,62.6,NORMAL,,False
2026-06-05 19:59:00,28.8,1012.98,62.5,NORMAL,,False
2026-06-05 20:00:00,28.7,1013.0,62.5,NORMAL,,False
2026-06-05 20:01:00,28.75,1012.96,62.4,NORMAL,,False
2026-06-05 20:02:00,28.67,1012.9,62.4,NORMAL,,False
2026-06-05 20:03:00,28.72,1012.91,63.0,NORMAL,,False
2026-06-05 20:04:00,28.69,1012.95,62.8,NORMAL,,False
2026-06-05 20:05:00,28.72,1012.96,62.7,NORMAL,,False
2026-06-05 20:06:00,28.57,1012.97,63.1,NORMAL,,False
2026-06-05 20:07:00,28.6,1012.95,63.2,NORMAL,,False
2026-06-05 20:08:00,28.64,1012.96,63.0,NORMAL,,False
2026-06-05 20:09:00,28.64,1012.99,62.8,NORMAL,,False
2026-06-05 20:10:00,28.63,1012.91,63.0,NORMAL,,False
2026-06-05 20:11:00,28.47,1012.89,63.6,NORMAL,,False
2026-06-05 20:12:00,28.53,1012.92,63.4,NORMAL,,False
2026-06-05 20:13:00,28.53,1012.84,63.5,NORMAL,,False
2026-06-05 20:14:00,28.37,1012.89,63.7,NORMAL,,False
2026-06-05 20:15:00,28.34,1012.95,63.9,NORMAL,,False
2026-06-05 20:16:00,28.33,1012.89,63.8,NORMAL,,False
2026-06-05 20:17:00,28.4,1012.9,64.3,NORMAL,,False
2026-06-05 20:18:00,28.35,1012.88,63.6,NORMAL,,False
2026-06-05 20:19:00,28.27,1012.9,64.1,NORMAL,,False
2026-06-05 20:20:00,28.29,1012.94,64.4,NORMAL,,False
2026-06-05 20:21:00,28.31,1012.86,64.2,NORMAL,,False
2026-06-05 20:22:00,28.24,1012.93,64.2,NORMAL,,False
2026-06-05 20:23:00,28.23,1012.78,64.2,NORMAL,,False
2026-06-05 20:24:00,28.2,1012.84,64.7,NORMAL,,False
2026-06-05 20:25:00,28.11,1012.78,64.7,NORMAL,,False
2026-06-05 20:26:00,28.05,1012.86,64.3,NORMAL,,False
2026-06-05 20:27:00,28.02,1012.81,64.6,NORMAL,,False
2026-06-05 20:28:00,28.08,1012.82,64.9,NORMAL,,False
2026-06-05 20:29:00,27.97,1012.84,65.1,NORMAL,,False
2026-06-05 20:30:00,27.97,1012.76,65.0,NORMAL,,False
2026-06-05 20:31:00,27.94,1012.74,64.9,NORMAL,,False
2026-06-05 20:32:00,27.93,1012.8,65.3,NORMAL,,False
2026-06-05 20:33:00,27.81,1012.82,65.6,NORMAL,,False
2026-06-05 20:34:00,27.83,1012.76,65.8,NORMAL,,False
2026-06-05 20:35:00,27.86,1012.79,65.5,NORMAL,,False
2026-06-05 20:36:00,27.85,1012.72,65.8,NORMAL,,False
2026-06-05 20:37:00,27.82,1012.71,65.3,NORMAL,,False
2026-06-05 20:38:00,27.76,1012.76,65.6,NORMAL,,False
2026-06-05 20:39:00,27.74,1012.71,66.0,NORMAL,,False
2026-06-05 20:40:00,27.82,1012.8,65.8,NORMAL,,False
2026-06-05 20:41:00,27.65,1012.74,66.5,NORMAL,,False
2026-06-05 20:42:00,27.64,1012.72,66.2,NORMAL,,False
2026-06-05 20:43:00,27.65,1012.68,66.1,NORMAL,,False
2026-06-05 20:44:00,27.68,1012.68,66.1,NORMAL,,False
2026-06-05 20:45:00,27.62,1012.68,66.1,NORMAL,,False
2026-06-05 20:46:00,27.61,1012.68,66.4,NORMAL,,False
2026-06-05 20:47:00,27.44,1012.63,66.3,NORMAL,,False
2026-06-05 20:48:00,27.53,1012.66,66.6,NORMAL,,False
2026-06-05 20:49:00,27.62,1012.65,66.6,NORMAL,,False
2026-06-05 20:50:00,27.5,1012.66,66.9,NORMAL,,False
2026-06-05 20:51:00,27.47,1012.62,66.7,NORMAL,,False
2026-06-05 20:52:00,27.42,1012.59,66.9,NORMAL,,False
2026-06-05 20:53:00,27.4,1012.61,67.0,NORMAL,,False
2026-06-05 20:54:00,27.42,1012.61,67.1,NORMAL,,False
2026-06-05 20:55:00,27.37,1012.58,66.9,NORMAL,,False
2026-06-05 20:56:00,27.35,1012.57,67.2,NORMAL,,False
2026-06-05 20:57:00,27.36,1012.55,67.5,NORMAL,,False
2026-06-05 20:58:00,27.3,1012.56,67.5,NORMAL,,False
2026-06-05 20:59:00,27.25,1012.58,67.7,NORMAL,,False
2026-06-05 21:00:00,27.23,1012.59,67.8,NORMAL,,False
2026-06-05 21:01:00,27.19,1012.56,67.5,NORMAL,,False
2026-06-05 21:02:00,27.2,1012.51,67.8,NORMAL,,False
2026-06-05 21:03:00,27.16,1012.53,68.1,NORMAL,,False
2026-06-05 21:04:00,27.14,1012.59,68.1,NORMAL,,False
2026-06-05 21:05:00,27.08,1012.49,68.3,NORMAL,,False
2026-06-05 21:06:00,27.02,1012.52,68.2,NORMAL,,False
2026-06-05 21:07:00,26.97,1012.46,68.3,NORMAL,,False
2026-06-05 21:08:00,27.09,1012.54,68.3,NORMAL,,False
2026-06-05 21:09:00,26.88,1012.51,68.6,NORMAL,,False
2026-06-05 21:10:00,26.99,1012.45,68.4,NORMAL,,False
2026-06-05 21:11:00,26.92,1012.49,68.5,NORMAL,,False
2026-06-05 21:12:00,26.92,1012.47,68.6,NORMAL,,False
2026-06-05 21:13:00,26.82,1012.45,68.7,NORMAL,,False
2026-06-05 21:14:00,26.81,1012.43,69.1,NORMAL,,False
2026-06-05 21:15:00,26.74,1012.48,68.7,NORMAL,,False
2026-06-05 21:16:00,26.8,1012.38,69.3,NORMAL,,False
2026-06-05 21:17:00,26.73,1012.45,69.1,NORMAL,,False
2026-06-05 21:18:00,26.77,1012.36,69.1,NORMAL,,False
2026-06-05 21:19:00,26.73,1012.39,69.3,NORMAL,,False
2026-06-05 21:20:00,26.7,1012.41,69.7,NORMAL,,False
2026-06-05 21:21:00,26.68,1012.36,69.5,NORMAL,,False
2026-06-05 21:22:00,26.65,1012.36,69.5,NORMAL,,False
2026-06-05 21:23:00,26.56,1012.31,69.6,NORMAL,,False
2026-06-05 21:24:00,26.64,1012.36,70.0,NORMAL,,False
2026-06-05 21:25:00,26.58,1012.37,69.5,NORMAL,,False
2026-06-05 21:26:00,26.56,1012.36,69.5,NORMAL,,False
2026-06-05 21:27:00,26.54,1012.29,70.1,NORMAL,,False
2026-06-05 21:28:00,26.4,1012.27,70.3,NORMAL,,False
2026-06-05 21:29:00,26.42,1012.3,70.3,NORMAL,,False
2026-06-05 21:30:00,26.42,1012.27,70.1,NORMAL,,False
2026-06-05 21:31:00,26.48,1012.34,70.0,NORMAL,,False
2026-06-05 21:32:00,26.34,1012.26,70.6,NORMAL,,False
2026-06-05 21:33:00,26.34,1012.28,70.5,NORMAL,,False
2026-06-05 21:34:00,26.34,1012.26,70.4,NORMAL,,False
2026-06-05 21:35:00,26.33,1012.23,70.8,NORMAL,,False
2026-06-05 21:36:00,26.33,1012.21,70.5,NORMAL,,False
2026-06-05 21:37:00,26.27,1012.18,70.8,NORMAL,,False
2026-06-05 21:38:00,26.32,1012.18,70.9,NORMAL,,False
2026-06-05 21:39:00,26.19,1012.19,71.2,NORMAL,,False
2026-06-05 21:40:00,26.27,1012.22,71.1,NORMAL,,False
2026-06-05 21:41:00,26.22,1012.21,71.4,NORMAL,,False
2026-06-05 21:42:00,26.18,1012.22,70.9,NORMAL,,False
2026-06-05 21:43:00,26.11,1012.16,71.4,NORMAL,,False
2026-06-05 21:44:00,26.11,1012.13,71.3,NORMAL,,False
2026-06-05 21:45:00,26.09,1012.16,71.3,NORMAL,,False
2026-06-05 21:46:00,26.04,1012.14,71.6,NORMAL,,False
2026-06-05 21:47:00,26.06,1012.13,71.6,NORMAL,,False
2026-06-05 21:48:00,25.95,1012.1,71.6,NORMAL,,False
2026-06-05 21:49:00,26.03,1012.01,71.5,NORMAL,,False
2026-06-05 21:50:00,25.97,1012.06,72.0,NORMAL,,False
2026-06-05 21:51:00,25.89,1012.08,72.1,NORMAL,,False
2026-06-05 21:52:00,25.89,1012.05,72.3,NORMAL,,False
2026-06-05 21:53:00,25.95,1012.05,72.2,NORMAL,,False
2026-06-05 21:54:00,25.75,1012.05,72.1,NORMAL,,False
2026-06-05 21:55:00,25.71,1012.03,72.3,NORMAL,,False
2026-06-05 21:56:00,25.8,1012.02,72.2,NORMAL,,False
2026-06-05 21:57:00,25.68,1011.99,72.1,NORMAL,,False
2026-06-05 21:58:00,25.71,1012.02,72.4,NORMAL,,False
2026-06-05 21:59:00,25.64,1011.99,72.7,NORMAL,,False
2026-06-05 22:00:00,25.67,1011.97,72.7,NORMAL,,False
2026-06-05 22:01:00,25.62,1011.96,72.9,NORMAL,,False
2026-06-05 22:02:00,25.68,1011.93,72.8,NORMAL,,False
2026-06-05 22:03:00,25.69,1011.97,72.9,NORMAL,,False
2026-06-05 22:04:00,25.54,1011.92,73.0,NORMAL,,False
2026-06-05 22:05:00,25.59,1011.95,72.9,NORMAL,,False
2026-06-05 22:06:00,25.52,1011.91,73.5,NORMAL,,False
2026-06-05 22:07:00,25.54,1011.93,73.0,NORMAL,,False
2026-06-05 22:08:00,25.53,1011.89,73.3,NORMAL,,False
2026-06-05 22:09:00,25.38,1011.91,73.6,NORMAL,,False
2026-06-05 22:10:00,25.46,1011.87,73.5,NORMAL,,False
2026-06-05 22:11:00,25.43,1011.84,73.7,NORMAL,,False
2026-06-05 22:12:00,25.29,1011.91,73.3,NORMAL,,False
2026-06-05 22:13:00,25.42,1011.84,73.6,NORMAL,,False
2026-06-05 22:14:00,25.41,1011.82,74.0,NORMAL,,False
2026-06-05 22:15:00,25.41,1011.8,73.9,NORMAL,,False
2026-06-05 22:16:00,25.28,1011.8,74.1,NORMAL,,False
2026-06-05 22:17:00,25.28,1011.84,74.2,NORMAL,,False
2026-06-05 22:18:00,25.3,1011.85,74.3,NORMAL,,False
2026-06-05 22:19:00,25.28,1011.8,74.1,NORMAL,,False
2026-06-05 22:20:00,25.27,1011.79,74.2,NORMAL,,False
2026-06-05 22:21:00,25.15,1011.8,74.3,NORMAL,,False
2026-06-05 22:22:00,25.24,1011.75,73.9,NORMAL,,False
2026-06-05 22:23:00,25.15,1011.79,74.3,NORMAL,,False
2026-06-05 22:24:00,25.18,1011.73,74.5,NORMAL,,False
2026-06-05 22:25:00,25.16,1011.73,74.5,NORMAL,,False
2026-06-05 22:26:00,25.15,1011.71,74.7,NORMAL,,False
2026-06-05 22:27:00,25.0,1011.73,74.7,NORMAL,,False
2026-06-05 22:28:00,25.07,1011.73,75.3,NORMAL,,False
2026-06-05 22:29:00,24.95,1011.71,74.8,NORMAL,,False
2026-06-05 22:30:00,25.05,1011.67,74.8,NORMAL,,False
2026-06-05 22:31:00,24.95,1011.67,74.8,NORMAL,,False
2026-06-05 22:32:00,24.93,1011.74,75.3,NORMAL,,False
2026-06-05 22:33:00,24.94,1011.68,74.9,NORMAL,,False
2026-06-05 22:34:00,24.93,1011.61,75.2,NORMAL,,False
2026-06-05 22:35:00,24.91,1011.69,75.3,NORMAL,,False
2026-06-05 22:36:00,24.89,1011.63,75.6,NORMAL,,False
2026-06-05 22:37:00,24.84,1011.66,75.6,NORMAL,,False
2026-06-05 22:38:00,24.88,1011.63,75.7,NORMAL,,False
2026-06-05 22:39:00,24.81,1011.59,75.7,NORMAL,,False
2026-06-05 22:40:00,24.71,1011.57,75.9,NORMAL,,False
2026-06-05 22:41:00,24.74,1011.57,75.7,NORMAL,,False
2026-06-05 22:42:00,24.69,1011.55,76.0,NORMAL,,False
2026-06-05 22:43:00,24.72,1011.57,76.1,NORMAL,,False
2026-06-05 22:44:00,24.72,1011.53,76.1,NORMAL,,False
2026-06-05 22:45:00,24.71,1011.58,76.1,NORMAL,,False
2026-06-05 22:46:00,24.72,1011.52,76.1,NORMAL,,False
2026-06-05 22:47:00,24.64,1011.47,76.4,NORMAL,,False
2026-06-05 22:48:00,24.66,1011.55,76.3,NORMAL,,False
2026-06-05 22:49:00,24.61,1011.55,76.7,NORMAL,,False
2026-06-05 22:50:00,24.62,1011.45,76.6,NORMAL,,False
2026-06-05 22:51:00,24.53,1011.52,76.1,NORMAL,,False
2026-06-05 22:52:00,24.61,1011.45,76.5,NORMAL,,False
2026-06-05 22:53:00,24.51,1011.51,76.5,NORMAL,,False
2026-06-05 22:54:00,24.44,1011.43,76.7,NORMAL,,False
2026-06-05 22:55:00,24.51,1011.49,76.8,NORMAL,,False
2026-06-05 22:56:00,24.37,1011.48,77.0,NORMAL,,False
2026-06-05 22:57:00,24.41,1011.43,77.1,NORMAL,,False
2026-06-05 22:58:00,24.39,1011.38,77.4,NORMAL,,False
2026-06-05 22:59:00,24.38,1011.37,77.1,NORMAL,,False
2026-06-05 23:00:00,24.35,1011.37,77.2,NORMAL,,False
2026-06-05 23:01:00,24.28,1011.42,77.4,NORMAL,,False
2026-06-05 23:02:00,24.27,1011.4,77.4,NORMAL,,False
2026-06-05 23:03:00,24.37,1011.33,77.3,NORMAL,,False
2026-06-05 23:04:00,24.18,1011.39,77.5,NORMAL,,False
2026-06-05 23:05:00,24.29,1011.33,77.6,NORMAL,,False
2026-06-05 23:06:00,24.32,1011.37,77.7,NORMAL,,False
2026-06-05 23:07:00,24.18,1011.28,77.7,NORMAL,,False
2026-06-05 23:08:00,24.28,1011.29,77.6,NORMAL,,False
2026-06-05 23:09:00,24.18,1011.31,77.7,NORMAL,,False
2026-06-05 23:10:00,24.17,1011.31,78.1,NORMAL,,False
2026-06-05 23:11:00,24.24,1011.34,78.1,NORMAL,,False
2026-06-05 23:12:00,24.15,1011.31,77.8,NORMAL,,False
2026-06-05 23:13:00,24.09,1011.32,78.2,NORMAL,,False
2026-06-05 23:14:00,24.06,1011.31,78.7,NORMAL,,False
2026-06-05 23:15:00,24.07,1011.32,78.2,NORMAL,,False
2026-06-05 23:16:00,23.98,1011.26,78.2,NORMAL,,False
2026-06-05 23:17:00,24.05,1011.22,78.2,NORMAL,,False
2026-06-05 23:18:00,23.88,1011.29,78.3,NORMAL,,False
2026-06-05 23:19:00,23.97,1011.26,78.4,NORMAL,,False
2026-06-05 23:20:00,24.03,1011.22,78.7,NORMAL,,False
2026-06-05 23:21:00,23.9,1011.26,78.2,NORMAL,,False
2026-06-05 23:22:00,23.86,1011.2,78.7,NORMAL,,False
2026-06-05 23:23:00,23.82,1011.28,78.9,NORMAL,,False
2026-06-05 23:24:00,23.87,1011.22,78.8,NORMAL,,False
2026-06-05 23:25:00,23.77,1011.19,79.0,NORMAL,,False
2026-06-05 23:26:00,23.88,1011.14,79.2,NORMAL,,False
2026-06-05 23:27:00,23.84,1011.11,79.0,NORMAL,,False
2026-06-05 23:28:00,23.74,1011.18,79.0,NORMAL,,False
2026-06-05 23:29:00,23.89,1011.18,78.8,NORMAL,,False
2026-06-05 23:30:00,23.75,1011.1,79.1,NORMAL,,False
2026-06-05 23:31:00,23.81,1011.14,79.2,NORMAL,,False
2026-06-05 23:32:00,23.72,1011.13,79.2,NORMAL,,False
2026-06-05 23:33:00,23.7,1011.13,79.3,NORMAL,,False
2026-06-05 23:34:00,23.66,1011.1,79.3,NORMAL,,False
2026-06-05 23:35:00,23.66,1011.11,79.4,NORMAL,,False
2026-06-05 23:36:00,23.68,1011.11,79.3,NORMAL,,False
2026-06-05 23:37:00,23.59,1011.12,80.0,NORMAL,,False
2026-06-05 23:38:00,23.6,1011.12,79.9,NORMAL,,False
2026-06-05 23:39:00,23.55,1011.05,79.7,NORMAL,,False
2026-06-05 23:40:00,23.53,1011.03,79.8,NORMAL,,False
2026-06-05 23:41:00,23.64,1011.05,79.9,NORMAL,,False
2026-06-05 23:42:00,23.59,1011.07,80.2,NORMAL,,False
2026-06-05 23:43:00,23.57,1011.02,80.0,NORMAL,,False
2026-06-05 23:44:00,23.45,1011.07,80.3,NORMAL,,False
2026-06-05 23:45:00,23.44,1011.04,80.2,NORMAL,,False
2026-06-05 23:46:00,23.46,1011.02,80.1,NORMAL,,False
2026-06-05 23:47:00,23.44,1011.01,79.9,NORMAL,,False
2026-06-05 23:48:00,23.45,1011.04,80.4,NORMAL,,False
2026-06-05 23:49:00,23.49,1010.98,80.3,NORMAL,,False
2026-06-05 23:50:00,23.4,1011.0,79.9,NORMAL,,False
2026-06-05 23:51:00,23.29,1011.0,80.3,NORMAL,,False
2026-06-05 23:52:00,23.31,1010.97,80.3,NORMAL,,False
2026-06-05 23:53:00,23.38,1010.98,80.4,NORMAL,,False
2026-06-05 23:54:00,23.3,1010.95,80.9,NORMAL,,False
2026-06-05 23:55:00,23.27,1011.04,80.7,NORMAL,,False
2026-06-05 23:56:00,23.31,1010.99,80.4,NORMAL,,False
2026-06-05 23:57:00,23.31,1011.02,80.8,NORMAL,,False
2026-06-05 23:58:00,23.29,1011.01,80.7,NORMAL,,False
2026-06-05 23:59:00,23.3,1010.93,80.4,NORMAL,,False
