timestamp,temperature,humidity,pressure
2018-07-01 00:00:00,30.6,73.8667,986.0
2018-07-01 00:15:00,30.7,73.6,986.0
2018-07-01 00:30:00,30.7,74.2,986.0
2018-07-01 00:45:00,30.5,75.25,986.0
2018-07-01 01:00:00,30.5,75.2333,986.0
2018-07-01 01:15:00,30.4,75.6,986.0
2018-07-01 01:30:00,30.3,76.1333,986.0
2018-07-01 01:45:00,30.2,76.6833,986.0
2018-07-01 02:00:00,30.1,77.0667,986.0
2018-07-01 02:15:00,30.1,77.1667,985.0
2018-07-01 02:30:00,30.1,77.8333,985.0
2018-07-01 02:45:00,30.0,78.9833,985.0
2018-07-01 03:00:00,29.9,79.2667,985.0
2018-07-01 03:15:00,29.9,76.2833,985.0
2018-07-01 03:30:00,29.9,76.0167,985.0
2018-07-01 03:45:00,29.8,76.5667,985.0
2018-07-01 04:00:00,29.8,77.3,985.0
2018-07-01 04:15:00,29.7,77.65,985.0
2018-07-01 04:30:00,29.6167,77.6,985.0
2018-07-01 04:45:00,29.6,76.5833,985.0
2018-07-01 05:00:00,29.6,76.5667,985.0
2018-07-01 05:15:00,29.5,76.2833,985.0
2018-07-01 05:30:00,29.5,75.8,985.0
2018-07-01 05:45:00,29.6,76.2167,985.0
2018-07-01 06:00:00,29.5,76.7333,985.0
2018-07-01 06:15:00,29.5,76.2,985.0
2018-07-01 06:30:00,29.6,76.0333,986.0
2018-07-01 06:45:00,29.8,75.8167,986.0
2018-07-01 07:00:00,29.8167,76.0167,986.0
2018-07-01 07:15:00,30.0833,75.4333,986.0
2018-07-01 07:30:00,30.4,74.9333,986.0
2018-07-01 07:45:00,30.8,74.4667,986.0
2018-07-01 08:00:00,31.0,73.4167,987.0
2018-07-01 08:15:00,31.3,72.9833,987.0
2018-07-01 08:30:00,31.4167,72.5,987.0
2018-07-01 08:45:00,31.5,71.7,987.0
2018-07-01 09:00:00,32.1167,69.7667,987.0
2018-07-01 09:15:00,32.5667,68.3167,987.0
2018-07-01 09:30:00,32.9,66.9833,987.0
2018-07-01 09:45:00,32.9333,65.7333,987.0
2018-07-01 10:00:00,33.2333,65.9833,987.0
2018-07-01 10:15:00,32.7333,66.5333,987.0
2018-07-01 10:30:00,32.6,67.1667,987.0
2018-07-01 10:45:00,32.8,66.5667,987.0
2018-07-01 11:00:00,33.0,65.55,987.0
2018-07-01 11:15:00,33.1,65.7833,987.0
2018-07-01 11:30:00,33.2,63.9167,987.0
2018-07-01 11:45:00,33.0833,64.3167,987.0
2018-07-01 12:00:00,33.05,64.9333,987.0
2018-07-01 12:15:00,33.4,64.0,986.0
2018-07-01 12:30:00,33.4667,62.7833,986.0
2018-07-01 12:45:00,33.5667,63.6,986.0
2018-07-01 13:00:00,33.7167,61.9833,986.0
2018-07-01 13:15:00,33.85,61.9333,986.0
2018-07-01 13:30:00,34.2333,59.2167,986.0
2018-07-01 13:45:00,34.4833,58.1833,985.0
2018-07-01 14:00:00,34.4167,56.7167,985.0
2018-07-01 14:15:00,34.2,57.5,985.0
2018-07-01 14:30:00,34.1833,57.6,985.0
2018-07-01 14:45:00,34.3,56.7333,985.0
2018-07-01 15:00:00,34.1,57.8167,985.0
2018-07-01 15:15:00,34.1333,58.6167,985.0
2018-07-01 15:30:00,34.1,56.7333,984.0
2018-07-01 15:45:00,34.2,57.2333,985.0
2018-07-01 16:00:00,34.3,57.0333,984.0
2018-07-01 16:15:00,34.6167,57.2333,984.0
2018-07-01 16:30:00,34.2833,57.45,984.0
2018-07-01 16:45:00,34.1,58.5667,984.0
2018-07-01 17:00:00,33.9,58.25,984.0
2018-07-01 17:15:00,33.8,57.7833,984.0
2018-07-01 17:30:00,33.8,58.2333,984.0
2018-07-01 17:45:00,33.7,58.0833,984.0
2018-07-01 18:00:00,33.7,58.0667,984.0
2018-07-01 18:15:00,33.7,58.1667,984.0
2018-07-01 18:30:00,33.2167,59.3833,984.0
2018-07-01 18:45:00,33.1333,58.3667,983.0
2018-07-01 19:00:00,33.1,58.9667,984.0
2018-07-01 19:15:00,33.1,60.3333,984.0
2018-07-01 19:30:00,32.5,64.75,984.0
2018-07-01 19:45:00,32.3,66.5833,984.0
2018-07-01 20:00:00,32.1,67.1833,985.0
2018-07-01 20:15:00,32.1,65.25,985.0
2018-07-01 20:30:00,32.1,64.9667,985.0
2018-07-01 20:45:00,32.1,64.9333,985.0
2018-07-01 21:00:00,32.1,65.8667,985.0
2018-07-01 21:15:00,32.0,65.4667,985.0
2018-07-01 21:30:00,32.0,66.0167,985.0
2018-07-01 21:45:00,31.7333,67.4333,985.0
2018-07-01 22:00:00,31.7,68.8667,985.0
2018-07-01 22:15:00,31.6,68.08,985.0
2018-07-01 22:30:00,31.75,67.3167,985.0
2018-07-01 22:45:00,31.7167,66.4167,985.0
2018-07-01 23:00:00,31.8,66.0333,985.0
2018-07-01 23:15:00,31.5333,67.1167,985.0
2018-07-01 23:30:00,31.4833,67.1833,984.0
2018-07-01 23:45:00,31.5,67.0833,984.0
2018-07-02 00:00:00,31.4,67.6833,984.0
2018-07-02 00:15:00,,,984.0
2018-07-02 00:30:00,31.3167,68.35,984.0
2018-07-02 00:45:00,31.2,68.5,984.0
2018-07-02 01:00:00,31.2,68.7667,984.0
2018-07-02 01:15:00,31.2,68.4167,984.0
2018-07-02 01:30:00,31.2,68.5667,983.0
2018-07-02 01:45:00,31.1,69.1667,983.0
2018-07-02 02:00:00,31.0,69.8,983.0
2018-07-02 02:15:00,30.9,70.8,983.0
2018-07-02 02:30:00,30.8,71.2333,983.0
2018-07-02 02:45:00,30.7667,71.3833,982.0
2018-07-02 03:00:00,30.7,71.4167,983.0
2018-07-02 03:15:00,30.8167,70.9,982.0
2018-07-02 03:30:00,30.9,70.5333,982.0
2018-07-02 03:45:00,30.9,70.1,982.0
2018-07-02 04:00:00,31.0,69.2667,982.0
2018-07-02 04:15:00,31.0,69.15,982.0
2018-07-02 04:30:00,30.9,68.8333,982.0
2018-07-02 04:45:00,30.9167,66.95,982.0
2018-07-02 05:00:00,30.9,66.3333,982.0
2018-07-02 05:15:00,30.9,66.1667,982.0
2018-07-02 05:30:00,30.7167,66.2667,983.0
2018-07-02 05:45:00,30.8,65.9,983.0
2018-07-02 06:00:00,30.8,66.3167,983.0
2018-07-02 06:15:00,30.85,66.0,983.0
2018-07-02 06:30:00,30.9,65.85,983.0
2018-07-02 06:45:00,31.0,66.0833,983.0
2018-07-02 07:00:00,31.1,66.0333,984.0
2018-07-02 07:15:00,31.2,65.5667,984.0
2018-07-02 07:30:00,31.3,65.4833,984.0
2018-07-02 07:45:00,31.4167,64.9833,984.0
2018-07-02 08:00:00,31.7,64.6167,984.0
2018-07-02 08:15:00,31.8,63.4,984.0
2018-07-02 08:30:00,32.0,61.95,984.0
2018-07-02 08:45:00,32.3,61.15,985.0
2018-07-02 09:00:00,32.5333,60.6667,985.0
2018-07-02 09:15:00,32.6,60.1333,985.0
2018-07-02 09:30:00,32.7667,60.0833,985.0
2018-07-02 09:45:00,33.0333,59.6667,985.0
2018-07-02 10:00:00,33.2,59.9667,985.0
2018-07-02 10:15:00,33.2,60.95,985.0
2018-07-02 10:30:00,32.9,62.7167,985.0
2018-07-02 10:45:00,32.7333,64.2667,985.0
2018-07-02 11:00:00,32.35,65.3,986.0
2018-07-02 11:15:00,32.3,63.9667,986.0
2018-07-02 11:30:00,32.5,62.45,986.0
2018-07-02 11:45:00,32.6167,63.1333,986.0
2018-07-02 12:00:00,32.5,61.7,986.0
2018-07-02 12:15:00,,,985.0
2018-07-02 12:30:00,32.8167,60.7833,985.0
2018-07-02 12:45:00,32.75,60.9833,985.0
2018-07-02 13:00:00,33.2,59.8167,985.0
2018-07-02 13:15:00,32.95,59.7167,985.0
2018-07-02 13:30:00,33.2167,58.95,985.0
2018-07-02 13:45:00,33.2,57.95,985.0
2018-07-02 14:00:00,33.35,58.8167,985.0
2018-07-02 14:15:00,33.4,57.3,984.0
2018-07-02 14:30:00,33.5,57.1833,984.0
2018-07-02 14:45:00,33.4167,57.7333,984.0
2018-07-02 15:00:00,33.4833,57.8667,984.0
2018-07-02 15:15:00,33.3,56.6,984.0
2018-07-02 15:30:00,33.5,57.7333,984.0
2018-07-02 15:45:00,33.4333,56.45,984.0
2018-07-02 16:00:00,33.7,56.55,983.0
2018-07-02 16:15:00,33.9833,56.4667,983.0
2018-07-02 16:30:00,33.9,55.8167,983.0
2018-07-02 16:45:00,33.8,55.7333,983.0
2018-07-02 17:00:00,33.5833,56.0,983.0
2018-07-02 17:15:00,33.3,57.55,983.0
2018-07-02 17:30:00,33.2,57.1333,983.0
2018-07-02 17:45:00,33.15,56.3833,983.0
2018-07-02 18:00:00,33.3,56.7333,983.0
2018-07-02 18:15:00,33.2,57.6667,983.0
2018-07-02 18:30:00,33.1,59.7667,983.0
2018-07-02 18:45:00,32.7,59.6333,983.0
2018-07-02 19:00:00,32.6,59.8,984.0
2018-07-02 19:15:00,32.3667,61.1167,984.0
2018-07-02 19:30:00,32.3,61.35,984.0
2018-07-02 19:45:00,32.0,64.1833,984.0
2018-07-02 20:00:00,31.8,64.5667,984.0
2018-07-02 20:15:00,31.4,65.9833,984.0
2018-07-02 20:30:00,31.6,68.1167,984.0
2018-07-02 20:45:00,31.6,65.8333,984.0
2018-07-02 21:00:00,31.2167,67.3,984.0
2018-07-02 21:15:00,31.2,68.2333,984.0
2018-07-02 21:30:00,31.2,70.6,984.0
2018-07-02 21:45:00,31.1667,69.4667,984.0
2018-07-02 22:00:00,31.25,69.6,984.0
2018-07-02 22:15:00,31.1,70.45,984.0
2018-07-02 22:30:00,30.8,72.75,984.0
2018-07-02 22:45:00,30.8,72.4,984.0
2018-07-02 23:00:00,30.9,72.65,984.0
2018-07-02 23:15:00,30.9,71.2833,984.0
2018-07-02 23:30:00,31.0,72.8,984.0
2018-07-02 23:45:00,30.8,73.0667,984.0
2018-07-03 00:00:00,30.7,72.9833,984.0
2018-07-03 00:15:00,,,984.0
2018-07-03 00:30:00,31.0,69.3333,984.0
2018-07-03 00:45:00,30.85,68.45,984.0
2018-07-03 01:00:00,30.7,69.2833,983.0
2018-07-03 01:15:00,30.5,71.0,983.0
2018-07-03 01:30:00,30.3,72.35,983.0
2018-07-03 01:45:00,30.1167,73.7667,983.0
2018-07-03 02:00:00,30.1,74.0667,983.0
2018-07-03 02:15:00,30.0,74.6667,983.0
2018-07-03 02:30:00,29.8833,75.1167,983.0
2018-07-03 02:45:00,29.8167,75.1667,983.0
2018-07-03 03:00:00,29.7,75.6667,983.0
2018-07-03 03:15:00,29.5,76.5833,983.0
2018-07-03 03:30:00,29.5,76.4167,982.0
2018-07-03 03:45:00,29.5,76.4833,982.0
2018-07-03 04:00:00,29.5,76.1833,983.0
2018-07-03 04:15:00,29.3833,76.5833,983.0
2018-07-03 04:30:00,29.3,76.9,983.0
2018-07-03 04:45:00,29.2,76.9333,983.0
2018-07-03 05:00:00,,,
2018-07-03 05:15:00,29.3167,76.3667,983.0
2018-07-03 05:30:00,29.6,75.1,983.0
2018-07-03 05:45:00,29.3333,76.3833,983.0
2018-07-03 06:00:00,29.8,75.4333,983.0
2018-07-03 06:15:00,30.2,73.8333,984.0
2018-07-03 06:30:00,30.8167,72.1,984.0
2018-07-03 06:45:00,31.3167,69.6167,984.0
2018-07-03 07:00:00,31.9,67.8333,984.0
2018-07-03 07:15:00,32.55,64.4333,984.0
2018-07-03 07:30:00,33.2333,61.5,984.0
2018-07-03 07:45:00,32.7333,62.2,984.0
2018-07-03 08:00:00,33.3667,60.8333,984.0
2018-07-03 08:15:00,33.6833,57.0167,984.0
2018-07-03 08:30:00,34.0833,56.45,984.0
2018-07-03 08:45:00,34.2333,55.5,985.0
2018-07-03 09:00:00,34.55,53.95,985.0
2018-07-03 09:15:00,34.5333,53.9,985.0
2018-07-03 09:30:00,35.0833,52.75,985.0
2018-07-03 09:45:00,34.65,52.75,984.0
2018-07-03 10:00:00,34.8833,53.2667,984.0
2018-07-03 10:15:00,35.0167,53.25,984.0
2018-07-03 10:30:00,34.45,54.3667,985.0
2018-07-03 10:45:00,34.6167,55.35,985.0
2018-07-03 11:00:00,34.55,54.25,984.0
2018-07-03 11:15:00,33.95,56.3667,984.0
2018-07-03 11:30:00,35.25,54.3667,984.0
2018-07-03 11:45:00,35.6167,52.0667,984.0
2018-07-03 12:00:00,36.5333,49.4833,984.0
2018-07-03 12:15:00,,,984.0
2018-07-03 12:30:00,36.0667,50.9,983.0
2018-07-03 12:45:00,36.5667,49.4667,983.0
2018-07-03 13:00:00,37.0667,48.6667,983.0
2018-07-03 13:15:00,36.9,45.8,983.0
2018-07-03 13:30:00,36.9333,46.2833,983.0
2018-07-03 13:45:00,37.0833,45.9333,983.0
2018-07-03 14:00:00,36.2,48.35,982.0
2018-07-03 14:15:00,36.3167,49.8,983.0
2018-07-03 14:30:00,36.9,47.5,983.0
2018-07-03 14:45:00,32.7833,62.55,983.0
2018-07-03 15:00:00,31.6333,68.45,982.0
2018-07-03 15:15:00,29.85,75.7,983.0
2018-07-03 15:30:00,28.3,79.8667,983.0
2018-07-03 15:45:00,27.7833,86.15,983.0
2018-07-03 16:00:00,27.4,89.85,982.0
2018-07-03 16:15:00,27.2167,90.15,983.0
2018-07-03 16:30:00,26.3,90.6333,983.0
2018-07-03 16:45:00,26.0833,88.85,982.0
2018-07-03 17:00:00,26.0333,91.5667,982.0
2018-07-03 17:15:00,26.75,91.4333,982.0
2018-07-03 17:30:00,27.5,92.6667,982.0
2018-07-03 17:45:00,27.9,91.6833,982.0
2018-07-03 18:00:00,27.7,91.2167,982.0
2018-07-03 18:15:00,27.25,90.2167,982.0
2018-07-03 18:30:00,27.4667,89.35,982.0
2018-07-03 18:45:00,27.7,90.5167,982.0
2018-07-03 19:00:00,27.9667,90.2333,982.0
2018-07-03 19:15:00,27.7,88.5833,982.0
2018-07-03 19:30:00,27.7,89.4333,982.0
2018-07-03 19:45:00,27.6667,89.9,982.0
2018-07-03 20:00:00,27.8,89.9833,983.0
2018-07-03 20:15:00,27.8667,86.7333,983.0
2018-07-03 20:30:00,27.5,88.25,983.0
2018-07-03 20:45:00,27.7833,86.8667,983.0
2018-07-03 21:00:00,27.9,86.9,983.0
2018-07-03 21:15:00,28.1667,87.45,983.0
2018-07-03 21:30:00,28.2,87.0667,984.0
2018-07-03 21:45:00,28.25,84.65,984.0
2018-07-03 22:00:00,28.3,84.4167,984.0
2018-07-03 22:15:00,28.3,84.35,984.0
2018-07-03 22:30:00,28.2167,84.2167,984.0
2018-07-03 22:45:00,28.3333,83.55,984.0
2018-07-03 23:00:00,28.3,84.0333,984.0
2018-07-03 23:15:00,28.25,84.3,984.0
2018-07-03 23:30:00,28.4,83.6,984.0
2018-07-03 23:45:00,28.3,84.1667,984.0
2018-07-04 00:00:00,28.4,83.8,984.0
2018-07-04 00:15:00,28.6,83.2,984.0
2018-07-04 00:30:00,28.1167,84.7333,984.0
2018-07-04 00:45:00,28.1167,85.1,983.0
2018-07-04 01:00:00,28.0833,85.5333,983.0
2018-07-04 01:15:00,28.0,84.7333,983.0
2018-07-04 01:30:00,28.1,83.4833,983.0
2018-07-04 01:45:00,28.2,82.0,983.0
2018-07-04 02:00:00,28.1333,82.3167,983.0
2018-07-04 02:15:00,28.0,82.3333,982.0
2018-07-04 02:30:00,28.0,79.9,982.0
2018-07-04 02:45:00,28.1,79.0,982.0
2018-07-04 03:00:00,28.1,79.1667,982.0
2018-07-04 03:15:00,27.8,80.55,982.0
2018-07-04 03:30:00,27.8,81.3667,981.0
2018-07-04 03:45:00,27.7,81.9167,981.0
2018-07-04 04:00:00,27.6,82.35,981.0
2018-07-04 04:15:00,27.5,83.3,982.0
2018-07-04 04:30:00,27.5167,83.2833,982.0
2018-07-04 04:45:00,27.6,83.0167,982.0
2018-07-04 05:00:00,27.5167,83.7333,982.0
2018-07-04 05:15:00,27.6,83.7,982.0
2018-07-04 05:30:00,27.6,83.5167,982.0
2018-07-04 05:45:00,27.8,83.0333,982.0
2018-07-04 06:00:00,27.9667,82.2,982.0
2018-07-04 06:15:00,28.2,81.1167,983.0
2018-07-04 06:30:00,28.5167,79.1667,983.0
2018-07-04 06:45:00,29.0,77.6667,983.0
2018-07-04 07:00:00,29.2,76.8833,984.0
2018-07-04 07:15:00,29.2667,76.8,984.0
2018-07-04 07:30:00,29.2,78.35,984.0
2018-07-04 07:45:00,29.6167,77.25,985.0
2018-07-04 08:00:00,31.1,71.75,985.0
2018-07-04 08:15:00,31.9833,68.9167,985.0
2018-07-04 08:30:00,32.3833,65.9,985.0
2018-07-04 08:45:00,32.4667,67.1333,985.0
2018-07-04 09:00:00,32.3333,65.55,985.0
2018-07-04 09:15:00,32.1333,65.9,985.0
2018-07-04 09:30:00,33.0167,65.9667,985.0
2018-07-04 09:45:00,32.95,65.1167,985.0
2018-07-04 10:00:00,33.25,65.0333,985.0
2018-07-04 10:15:00,33.6167,63.1,985.0
2018-07-04 10:30:00,33.5333,62.35,985.0
2018-07-04 10:45:00,34.35,60.7333,986.0
2018-07-04 11:00:00,34.6,58.9,985.0
2018-07-04 11:15:00,34.35,57.8,985.0
2018-07-04 11:30:00,34.2667,59.6333,985.0
2018-07-04 11:45:00,35.3333,56.1333,985.0
2018-07-04 12:00:00,35.3167,56.1,985.0
2018-07-04 12:15:00,35.2,54.9,985.0
2018-07-04 12:30:00,36.1333,53.8833,985.0
2018-07-04 12:45:00,35.8,53.8333,984.0
2018-07-04 13:00:00,36.0833,53.5333,984.0
2018-07-04 13:15:00,37.05,49.6667,983.0
2018-07-04 13:30:00,36.9833,50.1833,983.0
2018-07-04 13:45:00,37.15,48.05,983.0
2018-07-04 14:00:00,37.3,47.8667,983.0
2018-07-04 14:15:00,37.6167,47.5167,983.0
2018-07-04 14:30:00,37.6667,47.8167,982.0
2018-07-04 14:45:00,36.6167,49.9667,982.0
2018-07-04 15:00:00,37.1667,48.55,982.0
2018-07-04 15:15:00,37.3667,47.05,981.0
2018-07-04 15:30:00,38.0833,48.2,981.0
2018-07-04 15:45:00,37.6833,45.5833,981.0
2018-07-04 16:00:00,38.4333,43.5833,981.0
2018-07-04 16:15:00,36.9,47.2167,981.0
2018-07-04 16:30:00,36.95,48.1167,981.0
2018-07-04 16:45:00,37.2833,47.3833,980.0
2018-07-04 17:00:00,37.7,45.3167,980.0
2018-07-04 17:15:00,36.5,48.2333,980.0
2018-07-04 17:30:00,36.1667,49.6833,980.0
2018-07-04 17:45:00,33.75,56.55,981.0
2018-07-04 18:00:00,32.25,62.2167,982.0
2018-07-04 18:15:00,29.7333,74.2833,982.0
2018-07-04 18:30:00,28.5333,71.9833,983.0
2018-07-04 18:45:00,27.5,83.0333,983.0
2018-07-04 19:00:00,27.7,83.9833,983.0
2018-07-04 19:15:00,27.3,85.4333,983.0
2018-07-04 19:30:00,27.3,86.2833,983.0
2018-07-04 19:45:00,27.6,86.7667,983.0
2018-07-04 20:00:00,27.9667,81.2,984.0
2018-07-04 20:15:00,28.1,83.1333,984.0
2018-07-04 20:30:00,28.1333,84.3167,984.0
2018-07-04 20:45:00,28.2,82.9833,984.0
2018-07-04 21:00:00,28.5,81.6333,984.0
2018-07-04 21:15:00,28.6,80.3167,984.0
2018-07-04 21:30:00,28.7,79.3333,984.0
2018-07-04 21:45:00,28.5,80.9,984.0
2018-07-04 22:00:00,28.5,80.8333,984.0
2018-07-04 22:15:00,28.6,80.45,984.0
2018-07-04 22:30:00,28.3,82.3833,984.0
2018-07-04 22:45:00,28.4,82.2667,984.0
2018-07-04 23:00:00,28.3,83.2167,984.0
2018-07-04 23:15:00,28.1,84.1667,984.0
2018-07-04 23:30:00,28.1,83.2,984.0
2018-07-04 23:45:00,28.1333,83.1,984.0
2018-07-05 00:00:00,28.1,82.8833,984.0
2018-07-05 00:15:00,28.1833,82.0167,984.0
2018-07-05 00:30:00,28.2,83.6667,984.0
2018-07-05 00:45:00,28.0,83.05,984.0
2018-07-05 01:00:00,28.0,83.7,984.0
2018-07-05 01:15:00,27.9833,83.0833,984.0
2018-07-05 01:30:00,28.1,82.5,984.0
2018-07-05 01:45:00,28.0,83.9167,984.0
2018-07-05 02:00:00,27.9,83.3667,984.0
2018-07-05 02:15:00,28.0,82.6833,984.0
2018-07-05 02:30:00,27.9,83.7,983.0
2018-07-05 02:45:00,27.8,85.8,983.0
2018-07-05 03:00:00,27.7,84.7,984.0
2018-07-05 03:15:00,27.8,83.8,983.0
2018-07-05 03:30:00,27.9,84.1333,983.0
2018-07-05 03:45:00,27.6,86.2167,984.0
2018-07-05 04:00:00,27.6,86.2333,984.0
2018-07-05 04:15:00,27.6,86.4167,984.0
2018-07-05 04:30:00,27.6833,86.4167,984.0
2018-07-05 04:45:00,27.6,86.8333,984.0
2018-07-05 05:00:00,27.5,86.8833,984.0
2018-07-05 05:15:00,27.5,87.1833,984.0
2018-07-05 05:30:00,27.6,86.8167,984.0
2018-07-05 05:45:00,27.8,86.6,984.0
2018-07-05 06:00:00,27.8167,86.5,984.0
2018-07-05 06:15:00,28.0,85.8,984.0
2018-07-05 06:30:00,28.5333,83.4,985.0
2018-07-05 06:45:00,28.95,81.2833,985.0
2018-07-05 07:00:00,29.2,78.7333,985.0
2018-07-05 07:15:00,29.6,76.6,985.0
2018-07-05 07:30:00,29.7833,74.9667,985.0
2018-07-05 07:45:00,30.1333,73.7,985.0
2018-07-05 08:00:00,30.4167,71.75,985.0
2018-07-05 08:15:00,30.7833,70.6833,985.0
2018-07-05 08:30:00,30.9667,70.1333,985.0
2018-07-05 08:45:00,31.1833,68.8333,986.0
2018-07-05 09:00:00,31.6,69.1667,986.0
2018-07-05 09:15:00,31.7833,67.5667,985.0
2018-07-05 09:30:00,32.0,68.1,985.0
2018-07-05 09:45:00,32.35,67.15,985.0
2018-07-05 10:00:00,32.85,66.2,986.0
2018-07-05 10:15:00,33.3833,64.0667,985.0
2018-07-05 10:30:00,34.1333,62.4333,986.0
2018-07-05 10:45:00,34.25,61.4167,986.0
2018-07-05 11:00:00,34.9,59.5333,986.0
2018-07-05 11:15:00,34.9,59.4667,985.0
2018-07-05 11:30:00,35.55,57.9333,985.0
2018-07-05 11:45:00,35.95,57.9667,985.0
2018-07-05 12:00:00,35.95,55.7833,985.0
2018-07-05 12:15:00,36.3833,55.4833,985.0
2018-07-05 12:30:00,36.75,53.9,985.0
2018-07-05 12:45:00,37.2667,52.3,985.0
2018-07-05 13:00:00,37.2333,51.0333,985.0
2018-07-05 13:15:00,37.75,47.6667,984.0
2018-07-05 13:30:00,38.6333,46.1333,984.0
2018-07-05 13:45:00,38.3833,45.1667,983.0
2018-07-05 14:00:00,39.1833,44.1,983.0
2018-07-05 14:15:00,39.0833,42.6667,983.0
2018-07-05 14:30:00,39.4,39.9333,983.0
2018-07-05 14:45:00,39.8667,40.85,983.0
2018-07-05 15:00:00,36.95,44.7333,982.0
2018-07-05 15:15:00,34.65,46.35,983.0
2018-07-05 15:30:00,34.1167,40.1667,982.0
2018-07-05 15:45:00,33.2667,45.3,982.0
2018-07-05 16:00:00,36.6,41.0167,982.0
2018-07-05 16:15:00,37.4,42.05,982.0
2018-07-05 16:30:00,37.6,41.4333,981.0
2018-07-05 16:45:00,37.45,43.3667,982.0
2018-07-05 17:00:00,34.3333,51.4667,982.0
2018-07-05 17:15:00,30.7,60.4833,982.0
2018-07-05 17:30:00,30.7,59.3333,982.0
2018-07-05 17:45:00,31.2,59.1167,982.0
2018-07-05 18:00:00,31.4,60.4667,983.0
2018-07-05 18:15:00,31.7,58.75,983.0
2018-07-05 18:30:00,31.65,58.1167,983.0
2018-07-05 18:45:00,31.6,60.15,983.0
2018-07-05 19:00:00,31.6,61.2167,983.0
2018-07-05 19:15:00,31.8167,58.5667,983.0
2018-07-05 19:30:00,32.0,59.3167,983.0
2018-07-05 19:45:00,31.9,59.8833,983.0
2018-07-05 20:00:00,31.5,62.9667,984.0
2018-07-05 20:15:00,30.8,67.6333,984.0
2018-07-05 20:30:00,30.7,68.45,984.0
2018-07-05 20:45:00,30.6167,67.0667,984.0
2018-07-05 21:00:00,30.6,64.9667,984.0
2018-07-05 21:15:00,30.6,64.25,985.0
2018-07-05 21:30:00,30.6,65.1667,985.0
2018-07-05 21:45:00,30.4,66.5167,985.0
2018-07-05 22:00:00,30.1,69.15,985.0
2018-07-05 22:15:00,29.9167,71.2,985.0
2018-07-05 22:30:00,29.8,72.9,985.0
2018-07-05 22:45:00,29.85,72.7667,985.0
2018-07-05 23:00:00,30.0,72.15,984.0
2018-07-05 23:15:00,29.9167,72.2333,985.0
2018-07-05 23:30:00,29.9,71.8333,984.0
2018-07-05 23:45:00,29.8,72.7167,984.0
2018-07-06 00:00:00,29.7,72.85,985.0
2018-07-06 00:15:00,30.3667,69.95,985.0
2018-07-06 00:30:00,29.55,73.35,985.0
2018-07-06 00:45:00,29.4,74.3167,985.0
2018-07-06 01:00:00,29.3,76.95,985.0
2018-07-06 01:15:00,29.3,77.0,985.0
2018-07-06 01:30:00,28.9833,78.9833,984.0
2018-07-06 01:45:00,28.75,79.6833,984.0
2018-07-06 02:00:00,28.6,80.75,984.0
2018-07-06 02:15:00,28.4,81.75,984.0
2018-07-06 02:30:00,28.6,80.9833,984.0
2018-07-06 02:45:00,28.4,81.4333,984.0
2018-07-06 03:00:00,28.35,81.7333,984.0
2018-07-06 03:15:00,28.3,81.85,984.0
2018-07-06 03:30:00,28.2,81.9,984.0
2018-07-06 03:45:00,28.3,81.6,984.0
2018-07-06 04:00:00,28.2,82.0,984.0
2018-07-06 04:15:00,28.2,82.1,984.0
2018-07-06 04:30:00,28.2,82.1,984.0
2018-07-06 04:45:00,28.0833,82.9833,985.0
2018-07-06 05:00:00,28.0833,83.2333,985.0
2018-07-06 05:15:00,27.8,84.6,985.0
2018-07-06 05:30:00,27.7,85.25,985.0
2018-07-06 05:45:00,27.8,85.05,985.0
2018-07-06 06:00:00,27.9,84.3167,985.0
2018-07-06 06:15:00,28.1,83.7,985.0
2018-07-06 06:30:00,28.55,81.2,985.0
2018-07-06 06:45:00,29.0,78.8167,985.0
2018-07-06 07:00:00,29.5167,75.6167,985.0
2018-07-06 07:15:00,30.2,72.45,985.0
2018-07-06 07:30:00,30.3,70.9667,985.0
2018-07-06 07:45:00,30.45,70.0,985.0
2018-07-06 08:00:00,30.8333,68.5333,985.0
2018-07-06 08:15:00,31.8667,65.4,985.0
2018-07-06 08:30:00,31.95,63.5833,985.0
2018-07-06 08:45:00,32.3667,62.6833,986.0
2018-07-06 09:00:00,32.75,61.5,986.0
2018-07-06 09:15:00,32.6667,60.8167,986.0
2018-07-06 09:30:00,32.85,59.6667,986.0
2018-07-06 09:45:00,33.2667,59.3,986.0
2018-07-06 10:00:00,33.5,57.5,986.0
2018-07-06 10:15:00,34.9333,54.5667,986.0
2018-07-06 10:30:00,35.75,52.3333,986.0
2018-07-06 10:45:00,35.6167,52.3,986.0
2018-07-06 11:00:00,35.9167,52.1,986.0
2018-07-06 11:15:00,36.3833,49.5,985.0
2018-07-06 11:30:00,36.5667,51.2167,985.0
2018-07-06 11:45:00,36.4833,50.8667,985.0
2018-07-06 12:00:00,37.0667,50.4333,985.0
2018-07-06 12:15:00,37.0167,49.0833,985.0
2018-07-06 12:30:00,37.2667,49.4167,985.0
2018-07-06 12:45:00,37.65,47.8667,985.0
2018-07-06 13:00:00,38.1,45.7167,985.0
2018-07-06 13:15:00,37.8,46.15,984.0
2018-07-06 13:30:00,37.9167,46.0833,984.0
2018-07-06 13:45:00,38.3167,44.6167,983.0
2018-07-06 14:00:00,39.1667,42.7667,983.0
2018-07-06 14:15:00,38.8333,42.6,983.0
2018-07-06 14:30:00,39.0167,42.3833,983.0
2018-07-06 14:45:00,39.1,41.1833,982.0
2018-07-06 15:00:00,39.2333,40.85,982.0
2018-07-06 15:15:00,40.0333,37.5667,982.0
2018-07-06 15:30:00,39.1667,38.7167,982.0
2018-07-06 15:45:00,39.15,37.1833,982.0
2018-07-06 16:00:00,39.3667,36.5667,982.0
2018-07-06 16:15:00,39.3667,35.45,981.0
2018-07-06 16:30:00,39.15,35.4,981.0
2018-07-06 16:45:00,39.4333,35.3333,981.0
2018-07-06 17:00:00,38.8667,37.8333,981.0
2018-07-06 17:15:00,39.1167,37.95,981.0
2018-07-06 17:30:00,38.8667,36.3167,981.0
2018-07-06 17:45:00,38.4,34.8167,981.0
2018-07-06 18:00:00,38.3167,35.75,981.0
2018-07-06 18:15:00,38.1,36.2167,981.0
2018-07-06 18:30:00,37.85,36.8667,981.0
2018-07-06 18:45:00,37.6,37.8333,981.0
2018-07-06 19:00:00,36.9333,39.7833,982.0
2018-07-06 19:15:00,36.5,41.1167,982.0
2018-07-06 19:30:00,35.9,42.7,982.0
2018-07-06 19:45:00,35.8,42.9,982.0
2018-07-06 20:00:00,34.8333,48.0833,983.0
2018-07-06 20:15:00,34.3,48.5333,983.0
2018-07-06 20:30:00,34.4167,47.6833,983.0
2018-07-06 20:45:00,34.35,50.2833,983.0
2018-07-06 21:00:00,34.3333,53.1333,983.0
2018-07-06 21:15:00,33.8,51.65,983.0
2018-07-06 21:30:00,33.7833,53.2167,984.0
2018-07-06 21:45:00,34.0167,52.9,984.0
2018-07-06 22:00:00,34.2167,52.9167,984.0
2018-07-06 22:15:00,34.1,54.05,984.0
2018-07-06 22:30:00,34.1667,53.9,984.0
2018-07-06 22:45:00,34.1,54.2167,984.0
2018-07-06 23:00:00,33.95,54.95,984.0
2018-07-06 23:15:00,33.6,57.45,984.0
2018-07-06 23:30:00,32.9,60.1333,984.0
2018-07-06 23:45:00,32.1333,64.5,984.0
2018-07-07 00:00:00,32.3833,61.8333,984.0
2018-07-07 00:15:00,33.1667,59.3333,984.0
2018-07-07 00:30:00,32.5833,61.9,984.0
2018-07-07 00:45:00,32.3,63.3,984.0
2018-07-07 01:00:00,32.4,62.8333,984.0
2018-07-07 01:15:00,31.4833,66.0333,984.0
2018-07-07 01:30:00,31.5,69.8333,984.0
2018-07-07 01:45:00,31.1833,67.8167,984.0
2018-07-07 02:00:00,31.0,72.1833,984.0
2018-07-07 02:15:00,30.6,73.5167,984.0
2018-07-07 02:30:00,,,
2018-07-07 02:45:00,,,
2018-07-07 03:00:00,,,
2018-07-07 03:15:00,,,
2018-07-07 03:30:00,,,
2018-07-07 03:45:00,,,
2018-07-07 04:00:00,,,
2018-07-07 04:15:00,,,
2018-07-07 04:30:00,30.7833,71.7167,983.0
2018-07-07 04:45:00,30.5,73.65,983.0
2018-07-07 05:00:00,30.4333,73.6,983.0
2018-07-07 05:15:00,30.3,74.1833,983.0
2018-07-07 05:30:00,30.4,73.6,983.0
2018-07-07 05:45:00,30.3667,74.0333,984.0
2018-07-07 06:00:00,30.4,73.8167,984.0
2018-07-07 06:15:00,30.55,73.75,984.0
2018-07-07 06:30:00,30.9,72.4667,984.0
2018-07-07 06:45:00,31.7,69.7167,984.0
2018-07-07 07:00:00,32.15,68.6833,984.0
2018-07-07 07:15:00,33.1,65.0667,984.0
2018-07-07 07:30:00,33.75,62.6333,984.0
2018-07-07 07:45:00,34.2333,60.7,984.0
2018-07-07 08:00:00,34.7167,55.1833,984.0
2018-07-07 08:15:00,35.0333,54.1333,984.0
2018-07-07 08:30:00,35.6167,54.4333,984.0
2018-07-07 08:45:00,36.0167,52.85,984.0
2018-07-07 09:00:00,36.1667,51.7167,984.0
2018-07-07 09:15:00,36.45,50.4,984.0
2018-07-07 09:30:00,37.05,50.5,984.0
2018-07-07 09:45:00,36.7667,48.5,984.0
2018-07-07 10:00:00,37.4667,46.4167,984.0
2018-07-07 10:15:00,38.3,45.35,984.0
2018-07-07 10:30:00,38.2667,45.9667,984.0
2018-07-07 10:45:00,38.4,44.5667,984.0
2018-07-07 11:00:00,38.6167,43.7333,984.0
2018-07-07 11:15:00,38.75,42.4333,984.0
2018-07-07 11:30:00,38.45,41.5167,983.0
2018-07-07 11:45:00,39.7667,40.2167,984.0
2018-07-07 12:00:00,39.6667,38.2667,983.0
2018-07-07 12:15:00,39.7,36.9833,983.0
2018-07-07 12:30:00,39.9167,36.9833,983.0
2018-07-07 12:45:00,40.45,36.9333,983.0
2018-07-07 13:00:00,40.9667,37.1333,983.0
2018-07-07 13:15:00,40.15,37.1167,982.0
2018-07-07 13:30:00,39.6,38.3333,982.0
2018-07-07 13:45:00,39.75,40.7167,982.0
2018-07-07 14:00:00,40.1833,36.7833,982.0
2018-07-07 14:15:00,40.15,38.6833,982.0
2018-07-07 14:30:00,39.75,37.4833,982.0
2018-07-07 14:45:00,40.15,37.5667,981.0
2018-07-07 15:00:00,40.4,36.6167,981.0
2018-07-07 15:15:00,41.0667,33.6833,981.0
2018-07-07 15:30:00,40.5,36.8,980.0
2018-07-07 15:45:00,39.7,37.25,981.0
2018-07-07 16:00:00,40.2,35.6667,981.0
2018-07-07 16:15:00,39.0,39.1,980.0
2018-07-07 16:30:00,39.2667,38.9833,980.0
2018-07-07 16:45:00,39.7667,38.1167,980.0
2018-07-07 17:00:00,39.4,39.2333,980.0
2018-07-07 17:15:00,39.1833,38.5333,980.0
2018-07-07 17:30:00,38.9833,39.2667,980.0
2018-07-07 17:45:00,38.4,40.8,980.0
2018-07-07 18:00:00,38.1,41.5167,980.0
2018-07-07 18:15:00,37.6333,43.1667,980.0
2018-07-07 18:30:00,37.2167,44.6667,980.0
2018-07-07 18:45:00,37.0,45.0,980.0
2018-07-07 19:00:00,36.7,45.6333,981.0
2018-07-07 19:15:00,36.3,46.75,981.0
2018-07-07 19:30:00,35.8333,48.7333,981.0
2018-07-07 19:45:00,35.6667,49.2167,982.0
2018-07-07 20:00:00,35.6,49.6667,982.0
2018-07-07 20:15:00,35.4,50.7667,982.0
2018-07-07 20:30:00,35.3167,50.45,982.0
2018-07-07 20:45:00,35.2833,51.2833,982.0
2018-07-07 21:00:00,34.7833,52.9833,982.0
2018-07-07 21:15:00,34.6833,53.4,983.0
2018-07-07 21:30:00,34.4833,54.3333,983.0
2018-07-07 21:45:00,34.3667,54.85,983.0
2018-07-07 22:00:00,34.3,55.15,983.0
2018-07-07 22:15:00,33.95,56.6,983.0
2018-07-07 22:30:00,33.9,57.4333,983.0
2018-07-07 22:45:00,33.9,57.3333,983.0
2018-07-07 23:00:00,33.7,57.3333,983.0
2018-07-07 23:15:00,33.7,57.3333,983.0
2018-07-07 23:30:00,33.6,57.3167,983.0
2018-07-07 23:45:00,33.45,58.2333,983.0
2018-07-08 00:00:00,33.3,58.5,983.0
2018-07-08 00:15:00,33.2333,59.6167,983.0
2018-07-08 00:30:00,33.0,61.45,983.0
2018-07-08 00:45:00,32.6,62.9833,983.0
2018-07-08 01:00:00,32.4333,64.05,983.0
2018-07-08 01:15:00,32.4,64.0,983.0
2018-07-08 01:30:00,32.4,64.3667,983.0
2018-07-08 01:45:00,32.2,65.3,982.0
2018-07-08 02:00:00,32.1,65.9833,983.0
2018-07-08 02:15:00,32.1,66.4667,982.0
2018-07-08 02:30:00,32.1333,66.7833,982.0
2018-07-08 02:45:00,32.0,68.4167,982.0
2018-07-08 03:00:00,31.95,69.15,982.0
2018-07-08 03:15:00,32.0,69.0667,982.0
2018-07-08 03:30:00,31.7833,70.3,982.0
2018-07-08 03:45:00,31.7,70.7167,982.0
2018-07-08 04:00:00,31.6,71.6,982.0
2018-07-08 04:15:00,31.5,72.4667,982.0
2018-07-08 04:30:00,31.4,73.1333,982.0
2018-07-08 04:45:00,31.3667,73.6,982.0
2018-07-08 05:00:00,31.3333,74.0,982.0
2018-07-08 05:15:00,31.4,74.1667,982.0
2018-07-08 05:30:00,31.3,74.7167,983.0
2018-07-08 05:45:00,31.2167,75.2,983.0
2018-07-08 06:00:00,31.2167,75.85,983.0
2018-07-08 06:15:00,31.5667,74.85,983.0
2018-07-08 06:30:00,31.8333,74.9333,983.0
2018-07-08 06:45:00,32.3,73.45,983.0
2018-07-08 07:00:00,32.8,71.8667,983.0
2018-07-08 07:15:00,33.4833,68.3833,983.0
2018-07-08 07:30:00,34.0,67.2833,983.0
2018-07-08 07:45:00,34.55,64.9,983.0
2018-07-08 08:00:00,34.9667,63.55,983.0
2018-07-08 08:15:00,36.0167,58.75,983.0
2018-07-08 08:30:00,36.5333,57.3833,984.0
2018-07-08 08:45:00,36.6,55.5667,984.0
2018-07-08 09:00:00,36.7333,54.55,984.0
2018-07-08 09:15:00,36.7833,52.75,984.0
2018-07-08 09:30:00,37.95,52.1333,984.0
2018-07-08 09:45:00,38.0667,50.2167,984.0
2018-07-08 10:00:00,37.7,50.55,983.0
2018-07-08 10:15:00,37.0667,51.6333,983.0
2018-07-08 10:30:00,38.35,45.7667,983.0
2018-07-08 10:45:00,38.5833,43.8833,983.0
2018-07-08 11:00:00,39.3667,38.9167,983.0
2018-07-08 11:15:00,38.4167,44.0167,983.0
2018-07-08 11:30:00,38.6833,42.05,983.0
2018-07-08 11:45:00,39.1333,40.4833,983.0
2018-07-08 12:00:00,39.0333,39.95,983.0
2018-07-08 12:15:00,39.1667,39.45,982.0
2018-07-08 12:30:00,39.8,38.7667,983.0
2018-07-08 12:45:00,39.4667,39.0333,982.0
2018-07-08 13:00:00,40.4167,37.3667,982.0
2018-07-08 13:15:00,40.3667,35.3333,982.0
2018-07-08 13:30:00,40.8,34.2833,982.0
2018-07-08 13:45:00,40.6,35.3667,981.0
2018-07-08 14:00:00,41.2333,33.0667,981.0
2018-07-08 14:15:00,40.2333,34.7167,981.0
2018-07-08 14:30:00,40.7667,32.9167,981.0
2018-07-08 14:45:00,40.2,36.8167,981.0
2018-07-08 15:00:00,39.35,37.35,980.0
2018-07-08 15:15:00,39.2667,37.1167,980.0
2018-07-08 15:30:00,39.3,37.2167,980.0
2018-07-08 15:45:00,39.45,37.4167,980.0
2018-07-08 16:00:00,39.1833,36.5167,980.0
2018-07-08 16:15:00,39.0,37.7333,980.0
2018-07-08 16:30:00,38.9667,37.6,980.0
2018-07-08 16:45:00,38.8,39.1667,980.0
2018-07-08 17:00:00,38.0667,38.8667,980.0
2018-07-08 17:15:00,37.9833,39.2667,980.0
2018-07-08 17:30:00,37.5667,40.6333,980.0
2018-07-08 17:45:00,37.2667,39.8167,980.0
2018-07-08 18:00:00,37.1667,40.1333,980.0
2018-07-08 18:15:00,36.9167,40.7833,980.0
2018-07-08 18:30:00,36.7833,41.2667,980.0
2018-07-08 18:45:00,36.5,44.0833,980.0
2018-07-08 19:00:00,35.9167,51.35,980.0
2018-07-08 19:15:00,34.3333,64.45,981.0
2018-07-08 19:30:00,33.8167,64.35,981.0
2018-07-08 19:45:00,33.5,65.8833,981.0
2018-07-08 20:00:00,33.1,67.1833,981.0
2018-07-08 20:15:00,32.9833,68.1333,982.0
2018-07-08 20:30:00,32.8,69.3,982.0
2018-07-08 20:45:00,32.6,70.4833,982.0
2018-07-08 21:00:00,32.5,70.7333,982.0
2018-07-08 21:15:00,32.5,69.9667,982.0
2018-07-08 21:30:00,32.4,70.4333,982.0
2018-07-08 21:45:00,32.3,70.5667,982.0
2018-07-08 22:00:00,32.2,71.0833,983.0
2018-07-08 22:15:00,32.0667,71.4667,982.0
2018-07-08 22:30:00,31.9833,71.6167,983.0
2018-07-08 22:45:00,31.7333,72.25,983.0
2018-07-08 23:00:00,31.6,72.45,983.0
2018-07-08 23:15:00,31.6333,71.7333,982.0
2018-07-08 23:30:00,31.6,71.6333,982.0
2018-07-08 23:45:00,31.45,71.8333,983.0
2018-07-09 00:00:00,31.4667,71.7,982.0
2018-07-09 00:15:00,31.4,72.2833,983.0
2018-07-09 00:30:00,31.3833,72.7167,983.0
2018-07-09 00:45:00,31.2,74.2,983.0
2018-07-09 01:00:00,31.1,74.7833,983.0
2018-07-09 01:15:00,30.8,76.4333,983.0
2018-07-09 01:30:00,30.6,79.6,983.0
2018-07-09 01:45:00,30.6,80.25,982.0
2018-07-09 02:00:00,30.55,80.5167,982.0
2018-07-09 02:15:00,30.3,81.7333,982.0
2018-07-09 02:30:00,30.2167,81.8,982.0
2018-07-09 02:45:00,30.2333,81.7333,982.0
2018-07-09 03:00:00,30.1,82.2833,982.0
2018-07-09 03:15:00,30.0,82.7833,982.0
2018-07-09 03:30:00,29.9667,83.1167,982.0
2018-07-09 03:45:00,29.9,83.3,982.0
2018-07-09 04:00:00,29.9667,83.1333,982.0
2018-07-09 04:15:00,29.9,83.15,982.0
2018-07-09 04:30:00,29.9,83.1333,982.0
2018-07-09 04:45:00,29.8833,82.95,982.0
2018-07-09 05:00:00,29.9167,82.0667,982.0
2018-07-09 05:15:00,30.0167,81.2,982.0
2018-07-09 05:30:00,30.1,81.45,982.0
2018-07-09 05:45:00,29.9,82.35,982.0
2018-07-09 06:00:00,30.0833,81.8167,983.0
2018-07-09 06:15:00,30.1833,81.6667,983.0
2018-07-09 06:30:00,30.3,81.2333,983.0
2018-07-09 06:45:00,30.6,79.9833,983.0
2018-07-09 07:00:00,31.05,77.3167,983.0
2018-07-09 07:15:00,31.3167,74.25,983.0
2018-07-09 07:30:00,32.1,72.1,983.0
2018-07-09 07:45:00,32.2333,70.5667,983.0
2018-07-09 08:00:00,32.5833,67.8333,984.0
2018-07-09 08:15:00,33.0333,66.8,984.0
2018-07-09 08:30:00,33.3667,64.6,984.0
2018-07-09 08:45:00,33.9,63.25,984.0
2018-07-09 09:00:00,34.1333,61.6333,984.0
2018-07-09 09:15:00,34.65,60.2,984.0
2018-07-09 09:30:00,34.9833,59.7833,984.0
2018-07-09 09:45:00,35.0,58.65,984.0
2018-07-09 10:00:00,35.5167,58.4,984.0
2018-07-09 10:15:00,36.1667,54.6667,984.0
2018-07-09 10:30:00,36.0,55.1833,984.0
2018-07-09 10:45:00,35.8167,56.5667,984.0
2018-07-09 11:00:00,36.25,55.45,984.0
2018-07-09 11:15:00,36.2333,53.6167,984.0
2018-07-09 11:30:00,37.2667,52.1667,983.0
2018-07-09 11:45:00,37.0333,51.55,983.0
2018-07-09 12:00:00,37.0833,51.1167,983.0
2018-07-09 12:15:00,36.7,50.2667,983.0
2018-07-09 12:30:00,37.8833,48.8833,983.0
2018-07-09 12:45:00,36.7333,49.5667,983.0
2018-07-09 13:00:00,36.75,48.1167,983.0
2018-07-09 13:15:00,37.1,47.2167,983.0
2018-07-09 13:30:00,37.25,46.8833,983.0
2018-07-09 13:45:00,37.2667,47.0,982.0
2018-07-09 14:00:00,37.5167,46.2833,982.0
2018-07-09 14:15:00,37.8167,45.6667,982.0
2018-07-09 14:30:00,37.1167,47.05,982.0
2018-07-09 14:45:00,37.35,48.0667,982.0
2018-07-09 15:00:00,37.3,46.7667,982.0
2018-07-09 15:15:00,37.25,47.35,981.0
2018-07-09 15:30:00,37.8833,45.8333,981.0
2018-07-09 15:45:00,37.1667,48.0333,981.0
2018-07-09 16:00:00,37.0333,48.8167,981.0
2018-07-09 16:15:00,37.0833,48.8833,981.0
2018-07-09 16:30:00,36.9833,47.7,981.0
2018-07-09 16:45:00,36.6,47.7333,980.0
2018-07-09 17:00:00,36.6,48.5,980.0
2018-07-09 17:15:00,36.5833,47.7167,980.0
2018-07-09 17:30:00,36.4,47.8167,980.0
2018-07-09 17:45:00,36.3,48.3,980.0
2018-07-09 18:00:00,36.3833,47.0167,980.0
2018-07-09 18:15:00,36.4,46.9667,981.0
2018-07-09 18:30:00,36.2833,47.2167,981.0
2018-07-09 18:45:00,35.8833,50.2,981.0
2018-07-09 19:00:00,35.3,54.4,981.0
2018-07-09 19:15:00,34.8667,56.2667,981.0
2018-07-09 19:30:00,34.7333,56.45,981.0
2018-07-09 19:45:00,34.6,56.5333,982.0
2018-07-09 20:00:00,34.4833,56.55,982.0
2018-07-09 20:15:00,34.3167,56.75,982.0
2018-07-09 20:30:00,34.25,57.4333,982.0
2018-07-09 20:45:00,,,
2018-07-09 21:00:00,,,
2018-07-09 21:15:00,33.7,60.1167,983.0
2018-07-09 21:30:00,33.6,60.5833,983.0
2018-07-09 21:45:00,33.7,60.1,983.0
2018-07-09 22:00:00,33.6167,60.2333,984.0
2018-07-09 22:15:00,33.6,60.5,984.0
2018-07-09 22:30:00,33.4,62.1167,984.0
2018-07-09 22:45:00,33.05,63.8167,984.0
2018-07-09 23:00:00,32.75,65.1333,984.0
2018-07-09 23:15:00,32.6,66.1167,984.0
2018-07-09 23:30:00,32.6333,66.5667,984.0
2018-07-09 23:45:00,32.6,67.1667,984.0
2018-07-10 00:00:00,,,984.0
2018-07-10 00:15:00,32.5,68.5,984.0
2018-07-10 00:30:00,32.2833,69.2,984.0
2018-07-10 00:45:00,32.2,69.3,983.0
2018-07-10 01:00:00,32.1,69.8167,983.0
2018-07-10 01:15:00,31.8167,71.1,983.0
2018-07-10 01:30:00,31.8167,71.45,983.0
2018-07-10 01:45:00,31.6,72.8667,983.0
2018-07-10 02:00:00,31.4833,73.6,983.0
2018-07-10 02:15:00,31.3,74.6167,983.0
2018-07-10 02:30:00,31.3,74.65,983.0
2018-07-10 02:45:00,31.2,74.9,983.0
2018-07-10 03:00:00,31.1667,75.0833,983.0
2018-07-10 03:15:00,31.0333,75.2333,983.0
2018-07-10 03:30:00,31.0,75.1333,983.0
2018-07-10 03:45:00,31.0,74.7667,983.0
2018-07-10 04:00:00,31.0,74.5667,983.0
2018-07-10 04:15:00,30.9,74.5833,983.0
2018-07-10 04:30:00,30.95,73.95,983.0
2018-07-10 04:45:00,30.8333,74.2833,983.0
2018-07-10 05:00:00,30.7667,74.75,983.0
2018-07-10 05:15:00,30.6333,75.3167,984.0
2018-07-10 05:30:00,30.6,75.65,984.0
2018-07-10 05:45:00,30.5333,75.9333,984.0
2018-07-10 06:00:00,30.6,75.5833,984.0
2018-07-10 06:15:00,30.6,76.1167,984.0
2018-07-10 06:30:00,30.9667,74.65,984.0
2018-07-10 06:45:00,31.6,72.6,984.0
2018-07-10 07:00:00,31.9,71.2,984.0
2018-07-10 07:15:00,31.7,71.75,984.0
2018-07-10 07:30:00,32.7833,68.4667,984.0
2018-07-10 07:45:00,31.9167,70.2667,984.0
2018-07-10 08:00:00,31.8,70.6667,984.0
2018-07-10 08:15:00,32.1833,69.2667,984.0
2018-07-10 08:30:00,33.0,66.5167,984.0
2018-07-10 08:45:00,33.6667,64.55,984.0
2018-07-10 09:00:00,33.5333,63.4833,985.0
2018-07-10 09:15:00,33.7833,63.4667,984.0
2018-07-10 09:30:00,35.1167,59.0667,984.0
2018-07-10 09:45:00,35.3333,57.5333,984.0
2018-07-10 10:00:00,35.4833,55.6,984.0
2018-07-10 10:15:00,36.8,53.0,984.0
2018-07-10 10:30:00,36.5,51.9833,984.0
2018-07-10 10:45:00,36.4333,51.6667,984.0
2018-07-10 11:00:00,35.7167,53.8833,984.0
2018-07-10 11:15:00,35.8,52.2333,984.0
2018-07-10 11:30:00,37.6167,49.8167,984.0
2018-07-10 11:45:00,36.6167,51.1667,984.0
2018-07-10 12:00:00,36.7,51.2,984.0
2018-07-10 12:15:00,37.1167,50.3667,983.0
2018-07-10 12:30:00,37.15,50.9,983.0
2018-07-10 12:45:00,37.05,49.8,983.0
2018-07-10 13:00:00,35.6667,53.45,983.0
2018-07-10 13:15:00,35.6,55.1833,983.0
2018-07-10 13:30:00,36.5333,54.0167,982.0
2018-07-10 13:45:00,37.4,50.0833,982.0
2018-07-10 14:00:00,36.8833,50.1,982.0
2018-07-10 14:15:00,37.0333,49.15,982.0
2018-07-10 14:30:00,36.6833,50.3167,981.0
2018-07-10 14:45:00,38.0333,48.0833,981.0
2018-07-10 15:00:00,37.4667,48.7167,981.0
2018-07-10 15:15:00,38.1,44.8833,981.0
2018-07-10 15:30:00,38.2333,45.4333,981.0
2018-07-10 15:45:00,38.6333,43.5333,981.0
2018-07-10 16:00:00,38.1167,44.8,981.0
2018-07-10 16:15:00,38.4,44.0,980.0
2018-07-10 16:30:00,38.0167,44.3167,980.0
2018-07-10 16:45:00,37.9,45.3167,980.0
2018-07-10 17:00:00,37.3833,46.9167,981.0
2018-07-10 17:15:00,37.0,47.9,981.0
2018-07-10 17:30:00,36.85,47.9833,981.0
2018-07-10 17:45:00,37.0333,47.1833,980.0
2018-07-10 18:00:00,36.8667,49.1167,980.0
2018-07-10 18:15:00,36.4,51.1667,981.0
2018-07-10 18:30:00,36.0,53.1,981.0
2018-07-10 18:45:00,35.6333,54.5,981.0
2018-07-10 19:00:00,35.3667,55.7333,981.0
2018-07-10 19:15:00,35.1,57.0333,982.0
2018-07-10 19:30:00,34.8667,57.7833,982.0
2018-07-10 19:45:00,34.9,57.05,982.0
2018-07-10 20:00:00,34.7,57.8333,982.0
2018-07-10 20:15:00,34.2667,60.25,982.0
2018-07-10 20:30:00,34.1,61.6,982.0
2018-07-10 20:45:00,33.9167,62.2167,982.0
2018-07-10 21:00:00,33.8,62.5667,982.0
2018-07-10 21:15:00,33.6667,63.25,983.0
2018-07-10 21:30:00,33.5,63.9333,983.0
2018-07-10 21:45:00,33.4,64.6667,983.0
2018-07-10 22:00:00,33.3,65.0667,983.0
2018-07-10 22:15:00,33.2333,65.4167,984.0
2018-07-10 22:30:00,33.2,65.7333,984.0
2018-07-10 22:45:00,33.0833,66.3167,984.0
2018-07-10 23:00:00,32.9,67.0,984.0
2018-07-10 23:15:00,33.0,67.05,984.0
2018-07-10 23:30:00,32.9333,67.5667,984.0
2018-07-10 23:45:00,32.6667,68.7167,984.0
2018-07-11 00:00:00,,,984.0
2018-07-11 00:15:00,32.6167,69.3,984.0
2018-07-11 00:30:00,32.5,70.0333,984.0
2018-07-11 00:45:00,32.4,70.1833,983.0
2018-07-11 01:00:00,32.3,70.5667,984.0
2018-07-11 01:15:00,32.2,71.0833,983.0
2018-07-11 01:30:00,32.1,71.9167,983.0
2018-07-11 01:45:00,32.0,72.1167,983.0
2018-07-11 02:00:00,31.8,73.1167,983.0
2018-07-11 02:15:00,31.7,73.5333,983.0
2018-07-11 02:30:00,31.6333,73.8,983.0
2018-07-11 02:45:00,31.5833,74.4,983.0
2018-07-11 03:00:00,31.5,74.4333,983.0
2018-07-11 03:15:00,31.4,74.7333,983.0
2018-07-11 03:30:00,31.3,75.0333,983.0
2018-07-11 03:45:00,31.2667,75.0833,983.0
2018-07-11 04:00:00,31.15,76.0833,983.0
2018-07-11 04:15:00,31.0,76.3667,983.0
2018-07-11 04:30:00,30.9,76.9,983.0
2018-07-11 04:45:00,30.8,76.9667,982.0
2018-07-11 05:00:00,30.7,77.4833,982.0
2018-07-11 05:15:00,30.65,77.9833,982.0
2018-07-11 05:30:00,30.7,77.6,983.0
2018-07-11 05:45:00,30.7,77.6167,983.0
2018-07-11 06:00:00,30.7,77.5333,983.0
2018-07-11 06:15:00,30.9,77.6,983.0
2018-07-11 06:30:00,31.0,76.8833,983.0
2018-07-11 06:45:00,31.0,76.7333,983.0
2018-07-11 07:00:00,31.0667,75.6167,983.0
2018-07-11 07:15:00,31.3,74.7833,983.0
2018-07-11 07:30:00,31.6,72.95,983.0
2018-07-11 07:45:00,32.1,71.1333,984.0
2018-07-11 08:00:00,32.5,69.0667,984.0
2018-07-11 08:15:00,33.2667,65.5833,984.0
2018-07-11 08:30:00,33.25,65.3833,984.0
2018-07-11 08:45:00,33.7667,63.8333,984.0
2018-07-11 09:00:00,33.8667,63.65,984.0
2018-07-11 09:15:00,33.8167,63.1833,984.0
2018-07-11 09:30:00,34.75,60.0833,984.0
2018-07-11 09:45:00,34.7667,60.3833,984.0
2018-07-11 10:00:00,35.1333,58.1667,984.0
2018-07-11 10:15:00,36.15,56.5,984.0
2018-07-11 10:30:00,35.6333,56.9,984.0
2018-07-11 10:45:00,36.0833,55.5333,984.0
2018-07-11 11:00:00,36.6,54.5667,984.0
2018-07-11 11:15:00,36.4,54.0,983.0
2018-07-11 11:30:00,37.1667,52.85,983.0
2018-07-11 11:45:00,37.2167,52.4667,983.0
2018-07-11 12:00:00,35.7,54.2,983.0
2018-07-11 12:15:00,35.2,56.8167,982.0
2018-07-11 12:30:00,35.25,57.0667,982.0
2018-07-11 12:45:00,29.8667,78.35,983.0
2018-07-11 13:00:00,28.0833,84.85,984.0
2018-07-11 13:15:00,27.1,92.5667,983.0
2018-07-11 13:30:00,26.0167,97.65,983.0
2018-07-11 13:45:00,25.9,98.3167,983.0
2018-07-11 14:00:00,26.1,98.3833,983.0
2018-07-11 14:15:00,26.3,97.9667,982.0
2018-07-11 14:30:00,26.2,98.2167,982.0
2018-07-11 14:45:00,26.2667,97.8167,983.0
2018-07-11 15:00:00,26.4833,97.4167,983.0
2018-07-11 15:15:00,26.85,96.2,982.0
2018-07-11 15:30:00,26.9,95.8,982.0
2018-07-11 15:45:00,26.9167,95.8,981.0
2018-07-11 16:00:00,27.0,94.9167,980.0
2018-07-11 16:15:00,27.0,94.7667,980.0
2018-07-11 16:30:00,27.05,94.1167,980.0
2018-07-11 16:45:00,27.25,94.3,981.0
2018-07-11 17:00:00,27.4333,93.8333,981.0
2018-07-11 17:15:00,27.8833,92.9,981.0
2018-07-11 17:30:00,28.2,89.9333,981.0
2018-07-11 17:45:00,28.7667,91.6,981.0
2018-07-11 18:00:00,28.4,89.6167,981.0
2018-07-11 18:15:00,27.9,90.1333,981.0
2018-07-11 18:30:00,27.45,89.4167,981.0
2018-07-11 18:45:00,28.0333,88.8333,981.0
2018-07-11 19:00:00,27.8,88.7833,981.0
2018-07-11 19:15:00,28.05,89.05,981.0
2018-07-11 19:30:00,28.35,87.85,981.0
2018-07-11 19:45:00,28.6,87.6833,982.0
2018-07-11 20:00:00,28.4667,89.0333,982.0
2018-07-11 20:15:00,28.4,89.9,982.0
2018-07-11 20:30:00,28.7,89.4333,983.0
2018-07-11 20:45:00,28.4,89.8333,983.0
2018-07-11 21:00:00,28.5333,90.25,983.0
2018-07-11 21:15:00,28.6167,90.0167,983.0
2018-07-11 21:30:00,28.6,90.1667,983.0
2018-07-11 21:45:00,28.6,89.2667,983.0
2018-07-11 22:00:00,28.7,88.6333,983.0
2018-07-11 22:15:00,28.6333,89.1333,983.0
2018-07-11 22:30:00,28.5,90.0833,983.0
2018-07-11 22:45:00,28.55,89.8167,983.0
2018-07-11 23:00:00,28.7667,89.2833,983.0
2018-07-11 23:15:00,28.6,90.1,983.0
2018-07-11 23:30:00,28.3167,91.4,983.0
2018-07-11 23:45:00,28.5167,90.2833,983.0
2018-07-12 00:00:00,28.5,89.5,982.0
2018-07-12 00:15:00,28.6,88.8,982.0
2018-07-12 00:30:00,28.4333,89.3167,982.0
2018-07-12 00:45:00,28.2,91.6,982.0
2018-07-12 01:00:00,27.95,92.75,982.0
2018-07-12 01:15:00,28.2,92.3667,982.0
2018-07-12 01:30:00,28.4,91.75,983.0
2018-07-12 01:45:00,28.2,91.3833,982.0
2018-07-12 02:00:00,28.4,91.6167,982.0
2018-07-12 02:15:00,28.6,90.3667,982.0
2018-07-12 02:30:00,28.3,91.8,982.0
2018-07-12 02:45:00,28.5,90.5,981.0
2018-07-12 03:00:00,27.9,92.3,982.0
2018-07-12 03:15:00,28.4,91.0167,982.0
2018-07-12 03:30:00,28.4,90.7167,982.0
2018-07-12 03:45:00,28.05,92.2333,982.0
2018-07-12 04:00:00,28.2,91.4,982.0
2018-07-12 04:15:00,28.3667,90.15,982.0
2018-07-12 04:30:00,28.4,89.7,982.0
2018-07-12 04:45:00,28.45,89.05,982.0
2018-07-12 05:00:00,28.4,89.6,982.0
2018-07-12 05:15:00,28.2,90.6,982.0
2018-07-12 05:30:00,28.4,89.9833,982.0
2018-07-12 05:45:00,28.4,89.7167,982.0
2018-07-12 06:00:00,28.3,90.1667,982.0
2018-07-12 06:15:00,28.3833,90.1333,983.0
2018-07-12 06:30:00,28.35,90.8833,983.0
2018-07-12 06:45:00,28.5,91.0833,983.0
2018-07-12 07:00:00,28.9,89.3333,983.0
2018-07-12 07:15:00,29.0,88.6333,983.0
2018-07-12 07:30:00,29.2833,86.0667,983.0
2018-07-12 07:45:00,29.3667,84.5667,983.0
2018-07-12 08:00:00,29.2,85.65,983.0
2018-07-12 08:15:00,28.8,88.0,983.0
2018-07-12 08:30:00,28.6167,88.4833,984.0
2018-07-12 08:45:00,27.75,90.85,984.0
2018-07-12 09:00:00,27.9,92.3,984.0
2018-07-12 09:15:00,28.4167,90.85,983.0
2018-07-12 09:30:00,28.4667,91.1,984.0
2018-07-12 09:45:00,28.6833,89.7833,984.0
2018-07-12 10:00:00,28.6333,89.85,984.0
2018-07-12 10:15:00,29.0,87.6333,984.0
2018-07-12 10:30:00,29.3667,87.1667,984.0
2018-07-12 10:45:00,29.45,86.3833,984.0
2018-07-12 11:00:00,30.1833,83.95,984.0
2018-07-12 11:15:00,30.4667,80.9333,984.0
2018-07-12 11:30:00,30.1,82.3167,984.0
2018-07-12 11:45:00,30.1167,82.85,984.0
2018-07-12 12:00:00,,,984.0
2018-07-12 12:15:00,31.2167,80.1833,984.0
2018-07-12 12:30:00,30.1833,85.2667,984.0
2018-07-12 12:45:00,29.7,85.6667,983.0
2018-07-12 13:00:00,29.4,87.7333,983.0
2018-07-12 13:15:00,29.1,90.15,983.0
2018-07-12 13:30:00,27.85,91.2167,983.0
2018-07-12 13:45:00,27.2,92.5667,983.0
2018-07-12 14:00:00,27.0,92.1,983.0
2018-07-12 14:15:00,27.1,92.8167,983.0
2018-07-12 14:30:00,27.1833,93.05,982.0
2018-07-12 14:45:00,27.4,93.05,982.0
2018-07-12 15:00:00,27.6667,91.5833,982.0
2018-07-12 15:15:00,27.8667,89.5167,981.0
2018-07-12 15:30:00,28.1833,88.35,981.0
2018-07-12 15:45:00,28.3333,87.8833,981.0
2018-07-12 16:00:00,28.5667,86.7667,981.0
2018-07-12 16:15:00,28.9667,86.9167,981.0
2018-07-12 16:30:00,29.1333,85.2167,980.0
2018-07-12 16:45:00,29.5333,83.6667,980.0
2018-07-12 17:00:00,29.7667,84.0333,980.0
2018-07-12 17:15:00,29.7,82.3167,980.0
2018-07-12 17:30:00,29.5,81.7833,980.0
2018-07-12 17:45:00,29.4,83.45,980.0
2018-07-12 18:00:00,29.1333,83.1333,981.0
2018-07-12 18:15:00,28.9333,83.9,981.0
2018-07-12 18:30:00,28.9833,84.1167,981.0
2018-07-12 18:45:00,28.8,85.0667,981.0
2018-07-12 19:00:00,28.6,85.8,982.0
2018-07-12 19:15:00,28.6833,84.5167,982.0
2018-07-12 19:30:00,28.3,84.45,982.0
2018-07-12 19:45:00,28.2167,85.6667,983.0
2018-07-12 20:00:00,28.5,84.4,983.0
2018-07-12 20:15:00,28.1833,86.05,983.0
2018-07-12 20:30:00,27.9333,86.3333,983.0
2018-07-12 20:45:00,28.0,86.55,983.0
2018-07-12 21:00:00,27.8,87.0667,983.0
2018-07-12 21:15:00,27.8333,87.2667,983.0
2018-07-12 21:30:00,27.75,88.0,983.0
2018-07-12 21:45:00,27.9,87.7667,983.0
2018-07-12 22:00:00,27.7,88.3667,983.0
2018-07-12 22:15:00,27.8,87.9667,983.0
2018-07-12 22:30:00,27.8,88.0167,983.0
2018-07-12 22:45:00,27.5,89.3167,983.0
2018-07-12 23:00:00,27.3667,90.1,984.0
2018-07-12 23:15:00,27.6,88.7,984.0
2018-07-12 23:30:00,27.6333,88.9667,983.0
2018-07-12 23:45:00,27.6,88.9833,983.0
2018-07-13 00:00:00,27.6,89.2,983.0
2018-07-13 00:15:00,27.65,88.85,983.0
2018-07-13 00:30:00,27.0833,92.4167,983.0
2018-07-13 00:45:00,27.0,93.15,983.0
2018-07-13 01:00:00,27.0,92.95,983.0
2018-07-13 01:15:00,27.0833,92.75,983.0
2018-07-13 01:30:00,27.6,90.45,983.0
2018-07-13 01:45:00,27.4,91.8667,983.0
2018-07-13 02:00:00,27.4,92.0667,983.0
2018-07-13 02:15:00,27.2167,92.7833,983.0
2018-07-13 02:30:00,27.2,92.3667,983.0
2018-07-13 02:45:00,27.2,92.5667,983.0
2018-07-13 03:00:00,27.2,92.9667,982.0
2018-07-13 03:15:00,27.2,93.0167,982.0
2018-07-13 03:30:00,27.25,93.1833,982.0
2018-07-13 03:45:00,27.4,92.55,982.0
2018-07-13 04:00:00,27.7333,91.1167,982.0
2018-07-13 04:15:00,27.6,91.8333,982.0
2018-07-13 04:30:00,27.45,92.6167,982.0
2018-07-13 04:45:00,27.5,92.0167,983.0
2018-07-13 05:00:00,27.5,91.7167,983.0
2018-07-13 05:15:00,27.9,90.3167,983.0
2018-07-13 05:30:00,27.5,91.0333,983.0
2018-07-13 05:45:00,27.6,90.6667,983.0
2018-07-13 06:00:00,27.4167,90.7667,983.0
2018-07-13 06:15:00,27.3,91.1833,983.0
2018-07-13 06:30:00,27.3,91.2167,983.0
2018-07-13 06:45:00,27.3833,91.1167,983.0
2018-07-13 07:00:00,27.5,91.25,983.0
2018-07-13 07:15:00,27.7,90.2333,984.0
2018-07-13 07:30:00,27.8,90.0333,984.0
2018-07-13 07:45:00,27.9667,89.9667,984.0
2018-07-13 08:00:00,28.2667,88.5333,984.0
2018-07-13 08:15:00,28.3167,87.35,984.0
2018-07-13 08:30:00,28.4,87.35,984.0
2018-07-13 08:45:00,28.7167,86.9833,984.0
2018-07-13 09:00:00,28.3,88.15,984.0
2018-07-13 09:15:00,28.5,88.0167,984.0
2018-07-13 09:30:00,28.2,88.05,984.0
2018-07-13 09:45:00,28.2167,88.8333,984.0
2018-07-13 10:00:00,28.1,89.15,984.0
2018-07-13 10:15:00,28.6333,87.9667,984.0
2018-07-13 10:30:00,28.8833,84.4,984.0
2018-07-13 10:45:00,29.2833,82.3833,985.0
2018-07-13 11:00:00,29.4167,82.2833,984.0
2018-07-13 11:15:00,29.8,81.1,984.0
2018-07-13 11:30:00,30.0833,79.3833,984.0
2018-07-13 11:45:00,30.9667,77.0333,984.0
2018-07-13 12:00:00,,,984.0
2018-07-13 12:15:00,31.9667,75.15,983.0
2018-07-13 12:30:00,31.7167,77.1833,983.0
2018-07-13 12:45:00,32.1667,75.2167,983.0
2018-07-13 13:00:00,32.7167,72.2,983.0
2018-07-13 13:15:00,33.7833,69.5667,982.0
2018-07-13 13:30:00,34.2,67.3833,982.0
2018-07-13 13:45:00,33.9333,69.6,982.0
2018-07-13 14:00:00,32.7833,73.6333,982.0
2018-07-13 14:15:00,34.4333,68.0167,981.0
2018-07-13 14:30:00,32.2,77.1333,982.0
2018-07-13 14:45:00,30.0,85.2833,982.0
2018-07-13 15:00:00,30.3,83.8333,982.0
2018-07-13 15:15:00,29.2833,81.8333,982.0
2018-07-13 15:30:00,27.85,89.2667,981.0
2018-07-13 15:45:00,27.3,91.2833,981.0
2018-07-13 16:00:00,27.4,91.5667,981.0
2018-07-13 16:15:00,27.6,91.3167,981.0
2018-07-13 16:30:00,27.6833,91.45,981.0
2018-07-13 16:45:00,28.1,88.7,980.0
2018-07-13 17:00:00,28.55,89.3833,981.0
2018-07-13 17:15:00,28.4,88.4333,981.0
2018-07-13 17:30:00,28.5,89.3833,981.0
2018-07-13 17:45:00,28.3,90.7167,982.0
2018-07-13 18:00:00,28.5333,90.8167,983.0
2018-07-13 18:15:00,28.1,89.3167,982.0
2018-07-13 18:30:00,27.95,89.9167,982.0
2018-07-13 18:45:00,28.0,91.1333,982.0
2018-07-13 19:00:00,,,
2018-07-13 19:15:00,27.3,91.4333,982.0
2018-07-13 19:30:00,27.3833,90.4,983.0
2018-07-13 19:45:00,27.6,89.4,983.0
2018-07-13 20:00:00,27.6333,89.3667,983.0
2018-07-13 20:15:00,27.7,88.7333,983.0
2018-07-13 20:30:00,27.8333,89.75,982.0
2018-07-13 20:45:00,28.1,90.9,982.0
2018-07-13 21:00:00,27.9333,92.6333,983.0
2018-07-13 21:15:00,27.8833,93.3667,983.0
2018-07-13 21:30:00,28.0,93.05,983.0
2018-07-13 21:45:00,28.4,91.5667,983.0
2018-07-13 22:00:00,28.2333,92.0167,983.0
2018-07-13 22:15:00,28.5,90.25,983.0
2018-07-13 22:30:00,28.3,90.5167,983.0
2018-07-13 22:45:00,28.3667,89.55,983.0
2018-07-13 23:00:00,27.9667,90.1333,983.0
2018-07-13 23:15:00,27.9,91.0,982.0
2018-07-13 23:30:00,27.7,91.3667,982.0
2018-07-13 23:45:00,27.6,91.9,983.0
2018-07-14 00:00:00,27.6,92.3,983.0
2018-07-14 00:15:00,27.5,92.9667,983.0
2018-07-14 00:30:00,27.6167,93.1167,983.0
2018-07-14 00:45:00,28.1833,90.6833,983.0
2018-07-14 01:00:00,28.3,90.1,983.0
2018-07-14 01:15:00,28.3,90.7,983.0
2018-07-14 01:30:00,28.3,90.9667,983.0
2018-07-14 01:45:00,28.25,91.0833,983.0
2018-07-14 02:00:00,28.2,92.0,983.0
2018-07-14 02:15:00,28.1,92.3833,983.0
2018-07-14 02:30:00,28.2,91.6833,983.0
2018-07-14 02:45:00,28.0833,91.7167,983.0
2018-07-14 03:00:00,28.0,91.4833,983.0
2018-07-14 03:15:00,28.0,90.5,983.0
2018-07-14 03:30:00,27.8,90.8667,982.0
2018-07-14 03:45:00,27.7,90.8667,982.0
2018-07-14 04:00:00,27.8,90.4667,982.0
2018-07-14 04:15:00,27.7,90.7667,982.0
2018-07-14 04:30:00,27.5,91.5667,982.0
2018-07-14 04:45:00,27.5,92.1833,982.0
2018-07-14 05:00:00,27.5167,92.4333,982.0
2018-07-14 05:15:00,27.8333,90.9667,982.0
2018-07-14 05:30:00,27.9,90.2,982.0
2018-07-14 05:45:00,27.7,91.25,983.0
2018-07-14 06:00:00,28.0167,90.2,983.0
2018-07-14 06:15:00,27.8,90.5167,983.0
2018-07-14 06:30:00,27.4333,92.5167,983.0
2018-07-14 06:45:00,27.2,94.1333,983.0
2018-07-14 07:00:00,26.9,94.7833,984.0
2018-07-14 07:15:00,26.8,94.3833,984.0
2018-07-14 07:30:00,27.1,92.9333,984.0
2018-07-14 07:45:00,27.15,93.2333,983.0
2018-07-14 08:00:00,27.2833,92.75,984.0
2018-07-14 08:15:00,27.0667,93.1,984.0
2018-07-14 08:30:00,27.3667,92.3833,984.0
2018-07-14 08:45:00,27.1667,92.7667,984.0
2018-07-14 09:00:00,27.3167,93.0833,984.0
2018-07-14 09:15:00,27.4,93.3333,984.0
2018-07-14 09:30:00,27.45,92.9667,984.0
2018-07-14 09:45:00,27.5,92.6833,984.0
2018-07-14 10:00:00,27.6667,92.8333,984.0
2018-07-14 10:15:00,27.2833,92.2667,984.0
2018-07-14 10:30:00,27.4,91.8333,984.0
2018-07-14 10:45:00,27.4667,91.2667,984.0
2018-07-14 11:00:00,27.65,89.8,984.0
2018-07-14 11:15:00,28.0833,88.0,984.0
2018-07-14 11:30:00,28.8333,86.4667,984.0
2018-07-14 11:45:00,29.3167,84.1667,984.0
2018-07-14 12:00:00,29.2,83.5,984.0
2018-07-14 12:15:00,29.9167,81.75,983.0
2018-07-14 12:30:00,30.1833,81.9167,983.0
2018-07-14 12:45:00,30.15,81.7667,983.0
2018-07-14 13:00:00,30.6833,80.4167,983.0
2018-07-14 13:15:00,31.05,79.5667,982.0
2018-07-14 13:30:00,30.8833,78.9833,982.0
2018-07-14 13:45:00,31.1833,78.0333,982.0
2018-07-14 14:00:00,31.4167,77.6167,981.0
2018-07-14 14:15:00,31.8833,75.3333,981.0
2018-07-14 14:30:00,31.8333,73.6833,981.0
2018-07-14 14:45:00,32.0,73.8333,981.0
2018-07-14 15:00:00,31.8333,73.85,981.0
2018-07-14 15:15:00,31.95,72.75,981.0
2018-07-14 15:30:00,32.2167,72.5667,980.0
2018-07-14 15:45:00,32.2,72.5167,980.0
2018-07-14 16:00:00,32.0,73.75,980.0
2018-07-14 16:15:00,32.2,73.9333,980.0
2018-07-14 16:30:00,32.35,73.05,980.0
2018-07-14 16:45:00,32.0333,73.1833,980.0
2018-07-14 17:00:00,32.15,74.0833,980.0
2018-07-14 17:15:00,31.9667,73.8333,980.0
2018-07-14 17:30:00,32.1167,73.3333,980.0
2018-07-14 17:45:00,31.7167,75.0833,980.0
2018-07-14 18:00:00,31.55,76.1333,980.0
2018-07-14 18:15:00,31.4833,77.1,980.0
2018-07-14 18:30:00,31.3,78.6167,981.0
2018-07-14 18:45:00,30.8,80.9833,980.0
2018-07-14 19:00:00,30.55,82.3667,980.0
2018-07-14 19:15:00,,,
2018-07-14 19:30:00,30.1,85.1833,980.0
2018-07-14 19:45:00,29.8667,86.6167,981.0
2018-07-14 20:00:00,29.8833,86.6167,981.0
2018-07-14 20:15:00,29.9833,86.3333,982.0
2018-07-14 20:30:00,29.7,78.9667,982.0
2018-07-14 20:45:00,29.9833,78.1833,982.0
2018-07-14 21:00:00,29.6,80.4667,982.0
2018-07-14 21:15:00,29.1,82.5333,982.0
2018-07-14 21:30:00,29.3,82.0333,983.0
2018-07-14 21:45:00,29.3,87.7667,983.0
2018-07-14 22:00:00,29.0167,88.2167,983.0
2018-07-14 22:15:00,29.05,88.1833,983.0
2018-07-14 22:30:00,28.9,88.5333,983.0
2018-07-14 22:45:00,28.9833,88.6667,983.0
2018-07-14 23:00:00,28.9,88.8,983.0
2018-07-14 23:15:00,28.9,88.7167,983.0
2018-07-14 23:30:00,28.7167,88.7667,983.0
2018-07-14 23:45:00,28.7,89.1333,983.0
2018-07-15 00:00:00,28.6,89.5,983.0
2018-07-15 00:15:00,28.6,90.3667,983.0
2018-07-15 00:30:00,28.5,90.9667,982.0
2018-07-15 00:45:00,28.5,91.2833,982.0
2018-07-15 01:00:00,28.5,91.6667,982.0
2018-07-15 01:15:00,,,
2018-07-15 01:30:00,28.3833,92.4167,982.0
2018-07-15 01:45:00,28.4,92.4167,982.0
2018-07-15 02:00:00,28.3833,92.5167,982.0
2018-07-15 02:15:00,28.4,92.4333,982.0
2018-07-15 02:30:00,28.4,92.7167,982.0
2018-07-15 02:45:00,28.3,93.0667,982.0
2018-07-15 03:00:00,28.3333,93.25,982.0
2018-07-15 03:15:00,28.4,93.4333,982.0
2018-07-15 03:30:00,28.4167,93.35,982.0
2018-07-15 03:45:00,28.7,92.1,982.0
2018-07-15 04:00:00,28.6,92.55,982.0
2018-07-15 04:15:00,,,
2018-07-15 04:30:00,28.4,93.7167,982.0
2018-07-15 04:45:00,28.3,93.7667,982.0
2018-07-15 05:00:00,28.3833,93.1,982.0
2018-07-15 05:15:00,28.2,93.2667,982.0
2018-07-15 05:30:00,28.1,92.4167,982.0
2018-07-15 05:45:00,28.0,88.3833,982.0
2018-07-15 06:00:00,27.8,87.5333,982.0
2018-07-15 06:15:00,28.0,86.95,983.0
2018-07-15 06:30:00,28.2,87.8,983.0
2018-07-15 06:45:00,28.5,87.3333,983.0
2018-07-15 07:00:00,28.8,86.75,983.0
2018-07-15 07:15:00,28.7833,86.95,983.0
2018-07-15 07:30:00,28.8,86.55,983.0
2018-07-15 07:45:00,29.5333,82.3667,983.0
2018-07-15 08:00:00,29.4,81.8333,983.0
2018-07-15 08:15:00,30.3,79.3,983.0
2018-07-15 08:30:00,29.8,81.7167,984.0
2018-07-15 08:45:00,,,
2018-07-15 09:00:00,,,
2018-07-15 09:15:00,30.6,79.65,984.0
2018-07-15 09:30:00,30.65,80.3333,983.0
2018-07-15 09:45:00,31.8,76.35,983.0
2018-07-15 10:00:00,32.2333,74.2667,983.0
2018-07-15 10:15:00,32.3833,72.2667,983.0
2018-07-15 10:30:00,33.1167,70.4667,983.0
2018-07-15 10:45:00,33.1667,69.15,983.0
2018-07-15 11:00:00,33.9333,67.1667,983.0
2018-07-15 11:15:00,,,
2018-07-15 11:30:00,33.4,68.6,983.0
2018-07-15 11:45:00,,,
2018-07-15 12:00:00,,,
2018-07-15 12:15:00,34.3,64.9167,982.0
2018-07-15 12:30:00,35.2667,63.9667,982.0
2018-07-15 12:45:00,34.7,63.1,982.0
2018-07-15 13:00:00,34.7833,61.1,982.0
2018-07-15 13:15:00,34.4333,63.2667,982.0
2018-07-15 13:30:00,35.0833,63.7333,981.0
2018-07-15 13:45:00,35.8,54.2833,981.0
2018-07-15 14:00:00,36.05,55.0167,981.0
2018-07-15 14:15:00,,,
2018-07-15 14:30:00,,,
2018-07-15 14:45:00,,,
2018-07-15 15:00:00,,,
2018-07-15 15:15:00,,,
2018-07-15 15:30:00,,,
2018-07-15 15:45:00,,,
2018-07-15 16:00:00,,,
2018-07-15 16:15:00,,,
2018-07-15 16:30:00,35.7833,57.7,980.0
2018-07-15 16:45:00,34.5667,60.75,979.0
2018-07-15 17:00:00,35.1,58.4167,979.0
2018-07-15 17:15:00,35.0,57.8667,979.0
2018-07-15 17:30:00,34.8333,59.35,980.0
2018-07-15 17:45:00,34.6167,59.8667,980.0
2018-07-15 18:00:00,34.4667,60.35,980.0
2018-07-15 18:15:00,34.2,62.3167,980.0
2018-07-15 18:30:00,34.1333,62.65,980.0
2018-07-15 18:45:00,33.7,64.25,980.0
2018-07-15 19:00:00,33.65,65.3333,980.0
2018-07-15 19:15:00,33.2,67.9333,980.0
2018-07-15 19:30:00,32.8,70.4167,981.0
2018-07-15 19:45:00,32.3167,72.5167,981.0
2018-07-15 20:00:00,32.4,72.15,981.0
2018-07-15 20:15:00,32.2,72.55,981.0
2018-07-15 20:30:00,32.1667,73.0167,981.0
2018-07-15 20:45:00,32.2833,72.5333,982.0
2018-07-15 21:00:00,32.2,72.45,982.0
2018-07-15 21:15:00,31.7667,74.7833,981.0
2018-07-15 21:30:00,31.6,78.05,982.0
2018-07-15 21:45:00,31.3,81.05,982.0
2018-07-15 22:00:00,31.0833,82.9167,982.0
2018-07-15 22:15:00,30.9,83.6167,982.0
2018-07-15 22:30:00,30.8833,84.0333,982.0
2018-07-15 22:45:00,30.9,84.25,983.0
2018-07-15 23:00:00,30.9,84.45,983.0
2018-07-15 23:15:00,30.8,85.0167,983.0
2018-07-15 23:30:00,30.7,85.6167,983.0
2018-07-15 23:45:00,30.8,85.4667,983.0
2018-07-16 00:00:00,30.7167,85.8167,983.0
2018-07-16 00:15:00,30.6,86.65,983.0
2018-07-16 00:30:00,30.6667,86.25,983.0
2018-07-16 00:45:00,30.5167,86.7167,983.0
2018-07-16 01:00:00,30.55,87.2,982.0
2018-07-16 01:15:00,30.2,86.8667,982.0
2018-07-16 01:30:00,30.3,85.55,982.0
2018-07-16 01:45:00,30.1,85.75,982.0
2018-07-16 02:00:00,30.0833,85.7333,982.0
2018-07-16 02:15:00,30.0,85.15,982.0
2018-07-16 02:30:00,30.0,84.1667,982.0
2018-07-16 02:45:00,30.0,83.9,982.0
2018-07-16 03:00:00,29.8,84.5333,982.0
2018-07-16 03:15:00,29.7,85.0,982.0
2018-07-16 03:30:00,29.6,85.3333,982.0
2018-07-16 03:45:00,29.7,84.0167,982.0
2018-07-16 04:00:00,29.9667,81.8167,982.0
2018-07-16 04:15:00,29.9,81.85,982.0
2018-07-16 04:30:00,29.85,82.0333,983.0
2018-07-16 04:45:00,29.8,81.95,983.0
2018-07-16 05:00:00,29.7,82.55,983.0
2018-07-16 05:15:00,29.7,82.2333,983.0
2018-07-16 05:30:00,29.6,82.2,983.0
2018-07-16 05:45:00,29.5,82.9167,983.0
2018-07-16 06:00:00,29.6,82.5833,983.0
2018-07-16 06:15:00,29.5,83.4667,983.0
2018-07-16 06:30:00,29.7,82.7833,984.0
2018-07-16 06:45:00,29.9,82.2167,984.0
2018-07-16 07:00:00,30.0,81.5167,984.0
2018-07-16 07:15:00,30.4833,79.5333,984.0
2018-07-16 07:30:00,31.3333,76.6,984.0
2018-07-16 07:45:00,31.2833,76.3167,984.0
2018-07-16 08:00:00,31.5,74.4833,984.0
2018-07-16 08:15:00,32.4333,71.9333,984.0
2018-07-16 08:30:00,32.4833,71.55,984.0
2018-07-16 08:45:00,32.4833,71.5167,984.0
2018-07-16 09:00:00,32.85,69.7333,984.0
2018-07-16 09:15:00,33.1667,68.6167,983.0
2018-07-16 09:30:00,32.9,68.7,984.0
2018-07-16 09:45:00,33.6333,67.6833,983.0
2018-07-16 10:00:00,33.45,66.2667,984.0
2018-07-16 10:15:00,33.6667,64.3833,983.0
2018-07-16 10:30:00,33.8667,63.9833,983.0
2018-07-16 10:45:00,34.2167,60.45,983.0
2018-07-16 11:00:00,34.7167,59.6667,983.0
2018-07-16 11:15:00,34.4,57.9167,983.0
2018-07-16 11:30:00,34.6833,57.7833,983.0
2018-07-16 11:45:00,34.7833,56.9667,983.0
2018-07-16 12:00:00,35.15,56.0833,983.0
2018-07-16 12:15:00,35.5833,54.25,983.0
2018-07-16 12:30:00,36.1,55.9,983.0
2018-07-16 12:45:00,35.4333,55.05,983.0
2018-07-16 13:00:00,35.5833,55.6167,982.0
2018-07-16 13:15:00,35.8,54.3667,982.0
2018-07-16 13:30:00,35.85,53.0833,982.0
2018-07-16 13:45:00,35.95,53.7333,981.0
2018-07-16 14:00:00,36.0167,52.35,981.0
2018-07-16 14:15:00,36.05,52.1833,981.0
2018-07-16 14:30:00,36.1667,51.5333,981.0
2018-07-16 14:45:00,36.2167,51.8333,981.0
2018-07-16 15:00:00,36.1833,51.8,980.0
2018-07-16 15:15:00,35.9667,51.9667,980.0
2018-07-16 15:30:00,36.1167,53.25,980.0
2018-07-16 15:45:00,36.2167,50.7,980.0
2018-07-16 16:00:00,36.1167,50.9167,980.0
2018-07-16 16:15:00,36.05,53.1,980.0
2018-07-16 16:30:00,36.4167,53.7833,980.0
2018-07-16 16:45:00,36.0,52.0833,980.0
2018-07-16 17:00:00,35.8167,53.1333,980.0
2018-07-16 17:15:00,35.55,52.5333,980.0
2018-07-16 17:30:00,35.5,52.7,980.0
2018-07-16 17:45:00,35.5,53.5667,980.0
2018-07-16 18:00:00,35.1667,55.4833,980.0
2018-07-16 18:15:00,34.8,56.0667,980.0
2018-07-16 18:30:00,34.4,58.8333,980.0
2018-07-16 18:45:00,34.0,58.55,981.0
2018-07-16 19:00:00,33.6833,59.75,981.0
2018-07-16 19:15:00,33.2833,61.5167,981.0
2018-07-16 19:30:00,33.3333,61.5,981.0
2018-07-16 19:45:00,33.0,63.55,981.0
2018-07-16 20:00:00,32.8167,65.4333,982.0
2018-07-16 20:15:00,32.5333,66.9667,982.0
2018-07-16 20:30:00,32.4667,67.4667,982.0
2018-07-16 20:45:00,32.3833,68.4667,982.0
2018-07-16 21:00:00,32.2,69.3,982.0
2018-07-16 21:15:00,32.05,70.1167,982.0
2018-07-16 21:30:00,31.9167,70.55,983.0
2018-07-16 21:45:00,31.95,70.4,983.0
2018-07-16 22:00:00,31.75,71.65,983.0
2018-07-16 22:15:00,31.7333,71.6333,983.0
2018-07-16 22:30:00,31.6,72.4,983.0
2018-07-16 22:45:00,31.6,72.4667,983.0
2018-07-16 23:00:00,31.6,72.6167,983.0
2018-07-16 23:15:00,31.5333,73.2667,983.0
2018-07-16 23:30:00,31.5,73.15,983.0
2018-07-16 23:45:00,31.5,73.6167,983.0
2018-07-17 00:00:00,31.8,72.05,983.0
2018-07-17 00:15:00,31.5,73.6,983.0
2018-07-17 00:30:00,31.3667,74.0167,983.0
2018-07-17 00:45:00,31.4833,73.6833,983.0
2018-07-17 01:00:00,31.2,74.4,983.0
2018-07-17 01:15:00,31.1,75.2667,983.0
2018-07-17 01:30:00,30.8,77.4833,983.0
2018-07-17 01:45:00,30.6,78.5333,983.0
2018-07-17 02:00:00,30.3667,79.6667,982.0
2018-07-17 02:15:00,30.2,79.65,982.0
2018-07-17 02:30:00,30.3,79.5833,983.0
2018-07-17 02:45:00,30.1333,79.9833,982.0
2018-07-17 03:00:00,30.1,79.9,983.0
2018-07-17 03:15:00,30.2,79.0833,983.0
2018-07-17 03:30:00,30.1667,79.1333,983.0
2018-07-17 03:45:00,30.0833,79.3833,983.0
2018-07-17 04:00:00,30.0,78.9833,983.0
2018-07-17 04:15:00,30.0,78.7833,983.0
2018-07-17 04:30:00,29.9,78.95,983.0
2018-07-17 04:45:00,29.8,78.8333,983.0
2018-07-17 05:00:00,29.7,78.9833,983.0
2018-07-17 05:15:00,29.6,79.1833,983.0
2018-07-17 05:30:00,29.5,79.3833,983.0
2018-07-17 05:45:00,29.5833,79.2333,983.0
2018-07-17 06:00:00,29.8667,78.9333,983.0
2018-07-17 06:15:00,30.0,78.15,983.0
2018-07-17 06:30:00,30.0333,78.1167,983.0
2018-07-17 06:45:00,30.3,77.6833,983.0
2018-07-17 07:00:00,30.9,75.5167,983.0
2018-07-17 07:15:00,31.0,75.1167,983.0
2018-07-17 07:30:00,31.2667,71.8333,983.0
2018-07-17 07:45:00,31.95,71.8833,983.0
2018-07-17 08:00:00,31.7167,70.5333,983.0
2018-07-17 08:15:00,31.75,70.0167,983.0
2018-07-17 08:30:00,32.35,67.8667,984.0
2018-07-17 08:45:00,32.4833,67.3833,984.0
2018-07-17 09:00:00,32.8167,65.6667,984.0
2018-07-17 09:15:00,32.6833,66.05,983.0
2018-07-17 09:30:00,33.55,63.8833,983.0
2018-07-17 09:45:00,33.4333,62.0333,983.0
2018-07-17 10:00:00,34.1333,60.4,984.0
2018-07-17 10:15:00,33.7167,59.95,984.0
2018-07-17 10:30:00,34.4333,59.3167,984.0
2018-07-17 10:45:00,34.3167,59.05,984.0
2018-07-17 11:00:00,34.4833,58.1833,984.0
2018-07-17 11:15:00,34.5833,55.9167,984.0
2018-07-17 11:30:00,35.0333,54.2,984.0
2018-07-17 11:45:00,35.2,53.3,984.0
2018-07-17 12:00:00,35.65,51.8,984.0
2018-07-17 12:15:00,35.6167,50.8167,983.0
2018-07-17 12:30:00,35.5333,50.25,983.0
2018-07-17 12:45:00,35.5167,50.1833,983.0
2018-07-17 13:00:00,35.8167,50.6833,983.0
2018-07-17 13:15:00,35.7167,51.1167,983.0
2018-07-17 13:30:00,36.0667,48.05,983.0
2018-07-17 13:45:00,35.8667,49.7333,982.0
2018-07-17 14:00:00,36.2167,49.7667,982.0
2018-07-17 14:15:00,35.95,51.1167,982.0
2018-07-17 14:30:00,35.1833,53.3667,982.0
2018-07-17 14:45:00,35.3167,52.7333,982.0
2018-07-17 15:00:00,35.2,53.4333,981.0
2018-07-17 15:15:00,35.55,51.4167,981.0
2018-07-17 15:30:00,35.8333,52.0167,981.0
2018-07-17 15:45:00,35.05,54.2667,981.0
2018-07-17 16:00:00,35.7333,51.8,981.0
2018-07-17 16:15:00,35.7,50.9333,980.0
2018-07-17 16:30:00,36.0,51.3,980.0
2018-07-17 16:45:00,35.4,51.45,980.0
2018-07-17 17:00:00,35.3167,51.65,980.0
2018-07-17 17:15:00,35.1,52.9167,980.0
2018-07-17 17:30:00,34.9,53.2,980.0
2018-07-17 17:45:00,34.8167,53.2,980.0
2018-07-17 18:00:00,34.7,53.7333,980.0
2018-07-17 18:15:00,34.45,54.55,980.0
2018-07-17 18:30:00,34.0667,56.05,981.0
2018-07-17 18:45:00,33.7,57.7167,981.0
2018-07-17 19:00:00,33.5,58.8833,981.0
2018-07-17 19:15:00,33.4,59.7,982.0
2018-07-17 19:30:00,33.4833,59.65,982.0
2018-07-17 19:45:00,33.3,60.8333,982.0
2018-07-17 20:00:00,33.1667,62.05,982.0
2018-07-17 20:15:00,33.0833,63.1833,982.0
2018-07-17 20:30:00,32.8,64.3,982.0
2018-07-17 20:45:00,32.7167,65.0,983.0
2018-07-17 21:00:00,32.5167,65.75,983.0
2018-07-17 21:15:00,32.3,65.3667,983.0
2018-07-17 21:30:00,32.2,66.05,983.0
2018-07-17 21:45:00,32.2,66.1833,983.0
2018-07-17 22:00:00,31.95,68.35,983.0
2018-07-17 22:15:00,31.6,68.8667,983.0
2018-07-17 22:30:00,31.2333,69.7833,984.0
2018-07-17 22:45:00,31.2667,69.5667,983.0
2018-07-17 23:00:00,31.1,70.9833,983.0
2018-07-17 23:15:00,30.9,71.9333,983.0
2018-07-17 23:30:00,31.0,72.3667,983.0
2018-07-17 23:45:00,31.0,72.6833,983.0
2018-07-18 00:00:00,31.35,72.2333,983.0
2018-07-18 00:15:00,30.8167,74.7667,983.0
2018-07-18 00:30:00,30.5,76.4333,983.0
2018-07-18 00:45:00,30.4,77.4,983.0
2018-07-18 01:00:00,30.6,76.4333,983.0
2018-07-18 01:15:00,30.6,76.95,983.0
2018-07-18 01:30:00,30.6833,75.8,983.0
2018-07-18 01:45:00,30.6833,75.1,982.0
2018-07-18 02:00:00,30.7,74.9333,982.0
2018-07-18 02:15:00,30.7,75.5167,982.0
2018-07-18 02:30:00,30.7167,74.85,982.0
2018-07-18 02:45:00,30.4833,75.9833,982.0
2018-07-18 03:00:00,30.3667,76.6167,983.0
2018-07-18 03:15:00,30.35,76.2667,983.0
2018-07-18 03:30:00,30.3333,76.45,983.0
2018-07-18 03:45:00,30.2,77.6833,983.0
2018-07-18 04:00:00,30.1667,78.1167,983.0
2018-07-18 04:15:00,30.1,78.2167,983.0
2018-07-18 04:30:00,30.0833,77.9,983.0
2018-07-18 04:45:00,30.05,77.7333,983.0
2018-07-18 05:00:00,30.0,78.0667,983.0
2018-07-18 05:15:00,29.9,77.8667,983.0
2018-07-18 05:30:00,29.8,78.1333,983.0
2018-07-18 05:45:00,29.6833,78.8667,983.0
2018-07-18 06:00:00,29.6,79.5,983.0
2018-07-18 06:15:00,29.6,79.5833,983.0
2018-07-18 06:30:00,29.7,79.7,984.0
2018-07-18 06:45:00,29.9333,78.9833,984.0
2018-07-18 07:00:00,30.4,77.0167,984.0
2018-07-18 07:15:00,30.5,77.2333,984.0
2018-07-18 07:30:00,30.1667,78.5,984.0
2018-07-18 07:45:00,30.4,77.2333,984.0
2018-07-18 08:00:00,30.5,76.6333,984.0
2018-07-18 08:15:00,30.4,76.8167,984.0
2018-07-18 08:30:00,30.5,76.0333,985.0
2018-07-18 08:45:00,30.7167,76.3,985.0
2018-07-18 09:00:00,31.1,74.0667,985.0
2018-07-18 09:15:00,31.5,72.7833,985.0
2018-07-18 09:30:00,31.6667,71.6167,985.0
2018-07-18 09:45:00,32.1333,70.05,985.0
2018-07-18 10:00:00,32.5667,67.95,985.0
2018-07-18 10:15:00,33.0333,67.0833,985.0
2018-07-18 10:30:00,33.6167,65.9167,985.0
2018-07-18 10:45:00,33.7333,63.7,985.0
2018-07-18 11:00:00,34.0,63.4167,985.0
2018-07-18 11:15:00,32.9333,65.05,985.0
2018-07-18 11:30:00,34.0167,61.9667,985.0
2018-07-18 11:45:00,34.7,60.75,985.0
2018-07-18 12:00:00,34.4333,58.65,984.0
2018-07-18 12:15:00,34.6667,59.4833,984.0
2018-07-18 12:30:00,33.95,60.6167,984.0
2018-07-18 12:45:00,33.8833,61.9833,984.0
2018-07-18 13:00:00,34.35,60.0833,984.0
2018-07-18 13:15:00,34.3,59.05,983.0
2018-07-18 13:30:00,34.8833,57.55,983.0
2018-07-18 13:45:00,35.0333,57.5833,983.0
2018-07-18 14:00:00,34.9833,57.95,983.0
2018-07-18 14:15:00,35.5833,55.85,982.0
2018-07-18 14:30:00,35.3667,54.55,982.0
2018-07-18 14:45:00,35.3833,55.15,982.0
2018-07-18 15:00:00,35.5667,54.25,982.0
2018-07-18 15:15:00,36.1167,53.0667,981.0
2018-07-18 15:30:00,35.35,53.5833,981.0
2018-07-18 15:45:00,34.9667,55.0833,981.0
2018-07-18 16:00:00,35.4,54.9667,981.0
2018-07-18 16:15:00,35.4167,55.3833,981.0
2018-07-18 16:30:00,35.4167,55.3167,981.0
2018-07-18 16:45:00,35.2667,54.9,981.0
2018-07-18 17:00:00,35.2,52.8,981.0
2018-07-18 17:15:00,34.9,54.4333,981.0
2018-07-18 17:30:00,34.7667,55.7333,981.0
2018-07-18 17:45:00,34.5,56.85,981.0
2018-07-18 18:00:00,34.3,57.2333,981.0
2018-07-18 18:15:00,33.9,57.8333,981.0
2018-07-18 18:30:00,33.7667,55.3167,981.0
2018-07-18 18:45:00,33.5333,56.3667,981.0
2018-07-18 19:00:00,33.3,57.4333,982.0
2018-07-18 19:15:00,33.1333,58.6333,982.0
2018-07-18 19:30:00,32.7167,61.4167,982.0
2018-07-18 19:45:00,32.4,62.3667,982.0
2018-07-18 20:00:00,32.2167,63.2167,983.0
2018-07-18 20:15:00,32.1,63.9667,982.0
2018-07-18 20:30:00,32.1,64.6167,983.0
2018-07-18 20:45:00,31.9,65.8,983.0
2018-07-18 21:00:00,31.8,66.5,983.0
2018-07-18 21:15:00,31.8,67.15,983.0
2018-07-18 21:30:00,31.8,67.4667,983.0
2018-07-18 21:45:00,31.9,67.6167,983.0
2018-07-18 22:00:00,31.7,68.5333,984.0
2018-07-18 22:15:00,31.6,69.5833,984.0
2018-07-18 22:30:00,31.3,70.6167,984.0
2018-07-18 22:45:00,31.3,71.5167,984.0
2018-07-18 23:00:00,31.3,72.9167,984.0
2018-07-18 23:15:00,31.2,74.4,984.0
2018-07-18 23:30:00,31.2,75.2333,984.0
2018-07-18 23:45:00,31.1667,75.9833,984.0
2018-07-19 00:00:00,31.1833,76.8,984.0
2018-07-19 00:15:00,31.0833,77.9333,983.0
2018-07-19 00:30:00,31.0833,78.5167,984.0
2018-07-19 00:45:00,30.8,79.6833,983.0
2018-07-19 01:00:00,30.9,79.6,983.0
2018-07-19 01:15:00,30.6667,80.9,983.0
2018-07-19 01:30:00,30.6,81.0,983.0
2018-07-19 01:45:00,30.7,80.5167,983.0
2018-07-19 02:00:00,30.5833,81.05,983.0
2018-07-19 02:15:00,30.5,81.35,983.0
2018-07-19 02:30:00,30.25,82.65,983.0
2018-07-19 02:45:00,30.0,83.6667,983.0
2018-07-19 03:00:00,29.8167,84.3833,982.0
2018-07-19 03:15:00,29.6667,84.6167,982.0
2018-07-19 03:30:00,29.6667,84.2833,982.0
2018-07-19 03:45:00,29.7,83.6833,982.0
2018-07-19 04:00:00,29.7,83.25,982.0
2018-07-19 04:15:00,29.6833,82.7833,982.0
2018-07-19 04:30:00,29.6,82.95,983.0
2018-07-19 04:45:00,29.4167,82.4667,983.0
2018-07-19 05:00:00,29.5,78.6667,983.0
2018-07-19 05:15:00,29.4,77.8167,983.0
2018-07-19 05:30:00,29.2,79.5833,983.0
2018-07-19 05:45:00,29.2,80.35,983.0
2018-07-19 06:00:00,29.3,80.6,983.0
2018-07-19 06:15:00,29.6,80.1667,983.0
2018-07-19 06:30:00,29.6,80.4,983.0
2018-07-19 06:45:00,29.55,80.9667,984.0
2018-07-19 07:00:00,29.6833,80.9833,984.0
2018-07-19 07:15:00,29.7,79.3833,984.0
2018-07-19 07:30:00,29.95,77.7167,984.0
2018-07-19 07:45:00,30.2,76.4333,985.0
2018-07-19 08:00:00,,,
2018-07-19 08:15:00,,,
2018-07-19 08:30:00,30.3833,75.6333,985.0
2018-07-19 08:45:00,,,
2018-07-19 09:00:00,,,
2018-07-19 09:15:00,,,
2018-07-19 09:30:00,31.1167,73.7667,985.0
2018-07-19 09:45:00,30.95,73.7667,985.0
2018-07-19 10:00:00,30.9,74.3,985.0
2018-07-19 10:15:00,32.2,71.1667,985.0
2018-07-19 10:30:00,,,
2018-07-19 10:45:00,,,
2018-07-19 11:00:00,,,
2018-07-19 11:15:00,,,
2018-07-19 11:30:00,,,
2018-07-19 11:45:00,,,
2018-07-19 12:00:00,,,
2018-07-19 12:15:00,,,
2018-07-19 12:30:00,33.55,64.8333,983.0
2018-07-19 12:45:00,33.7167,62.3333,983.0
2018-07-19 13:00:00,34.0833,60.05,983.0
2018-07-19 13:15:00,34.4667,60.8333,982.0
2018-07-19 13:30:00,35.2,57.7,982.0
2018-07-19 13:45:00,35.4167,55.2667,982.0
2018-07-19 14:00:00,35.3167,56.1667,982.0
2018-07-19 14:15:00,34.9167,54.7333,982.0
2018-07-19 14:30:00,35.7667,54.2667,982.0
2018-07-19 14:45:00,35.9667,53.3333,981.0
2018-07-19 15:00:00,35.55,53.7333,981.0
2018-07-19 15:15:00,36.0,56.6667,981.0
2018-07-19 15:30:00,35.5833,54.9667,981.0
2018-07-19 15:45:00,35.3333,56.0667,981.0
2018-07-19 16:00:00,35.2,55.8833,980.0
2018-07-19 16:15:00,35.3,56.0333,980.0
2018-07-19 16:30:00,35.5,56.45,980.0
2018-07-19 16:45:00,35.2,55.9,980.0
2018-07-19 17:00:00,34.9,58.8333,980.0
2018-07-19 17:15:00,34.7,58.4833,980.0
2018-07-19 17:30:00,34.5167,60.0167,980.0
2018-07-19 17:45:00,34.5833,59.2667,980.0
2018-07-19 18:00:00,34.3333,60.6333,980.0
2018-07-19 18:15:00,34.1667,61.2167,980.0
2018-07-19 18:30:00,33.9,62.8167,981.0
2018-07-19 18:45:00,33.5,63.75,981.0
2018-07-19 19:00:00,33.3667,65.35,982.0
2018-07-19 19:15:00,32.4167,72.4667,982.0
2018-07-19 19:30:00,31.6,75.9,982.0
2018-07-19 19:45:00,31.7,76.35,982.0
2018-07-19 20:00:00,31.6,74.1,982.0
2018-07-19 20:15:00,30.4,78.4833,982.0
2018-07-19 20:30:00,29.9,79.3833,983.0
2018-07-19 20:45:00,29.6,81.15,983.0
2018-07-19 21:00:00,29.4667,80.8833,983.0
2018-07-19 21:15:00,29.4,81.2833,983.0
2018-07-19 21:30:00,29.4,80.2167,983.0
2018-07-19 21:45:00,29.5,79.25,983.0
2018-07-19 22:00:00,29.0,85.6167,983.0
2018-07-19 22:15:00,28.9833,85.2,983.0
2018-07-19 22:30:00,29.4,82.3,983.0
2018-07-19 22:45:00,29.2,83.7,983.0
2018-07-19 23:00:00,29.3333,81.8667,983.0
2018-07-19 23:15:00,29.9,79.65,983.0
2018-07-19 23:30:00,29.8,79.7667,983.0
2018-07-19 23:45:00,29.2167,83.6167,983.0
2018-07-20 00:00:00,29.5167,82.4833,983.0
2018-07-20 00:15:00,28.65,89.75,983.0
2018-07-20 00:30:00,28.6,89.6167,983.0
2018-07-20 00:45:00,28.3667,91.2333,983.0
2018-07-20 01:00:00,28.4833,90.8,983.0
2018-07-20 01:15:00,28.5667,90.5667,982.0
2018-07-20 01:30:00,28.6,90.15,983.0
2018-07-20 01:45:00,28.6,90.2667,983.0
2018-07-20 02:00:00,28.6,90.2833,982.0
2018-07-20 02:15:00,28.6,90.75,982.0
2018-07-20 02:30:00,28.5833,90.6333,982.0
2018-07-20 02:45:00,28.6333,89.5833,982.0
2018-07-20 03:00:00,28.6,89.3,982.0
2018-07-20 03:15:00,28.3,89.8833,982.0
2018-07-20 03:30:00,28.5,89.7,982.0
2018-07-20 03:45:00,28.2,89.1,982.0
2018-07-20 04:00:00,28.5,87.6,982.0
2018-07-20 04:15:00,28.7,86.6667,982.0
2018-07-20 04:30:00,28.5333,87.3333,982.0
2018-07-20 04:45:00,28.8,86.0,982.0
2018-07-20 05:00:00,28.7,86.3,982.0
2018-07-20 05:15:00,28.7,86.9333,982.0
2018-07-20 05:30:00,28.9333,86.05,982.0
2018-07-20 05:45:00,29.05,86.2333,982.0
2018-07-20 06:00:00,28.8,87.9,982.0
2018-07-20 06:15:00,29.0167,87.4333,983.0
2018-07-20 06:30:00,29.15,86.9833,983.0
2018-07-20 06:45:00,29.1,87.7333,984.0
2018-07-20 07:00:00,29.1333,88.9667,984.0
2018-07-20 07:15:00,28.9167,88.35,983.0
2018-07-20 07:30:00,28.9,87.75,984.0
2018-07-20 07:45:00,29.1,87.9333,984.0
2018-07-20 08:00:00,29.3,87.15,984.0
2018-07-20 08:15:00,29.0,87.0833,984.0
2018-07-20 08:30:00,29.0833,87.0167,984.0
2018-07-20 08:45:00,29.2667,85.65,984.0
2018-07-20 09:00:00,29.15,85.3333,985.0
2018-07-20 09:15:00,29.4833,84.1833,984.0
2018-07-20 09:30:00,30.2333,80.6667,984.0
2018-07-20 09:45:00,30.8833,79.3333,984.0
2018-07-20 10:00:00,30.8,78.5333,984.0
2018-07-20 10:15:00,31.5167,76.35,984.0
2018-07-20 10:30:00,32.0167,74.0833,984.0
2018-07-20 10:45:00,32.25,73.0667,984.0
2018-07-20 11:00:00,33.0,69.9333,984.0
2018-07-20 11:15:00,33.4833,69.1,984.0
2018-07-20 11:30:00,34.3,65.6,983.0
2018-07-20 11:45:00,35.0,64.3333,984.0
2018-07-20 12:00:00,34.9,64.1,983.0
2018-07-20 12:15:00,35.1667,63.5167,983.0
2018-07-20 12:30:00,35.0,61.9833,983.0
2018-07-20 12:45:00,35.8833,60.0667,983.0
2018-07-20 13:00:00,35.1,60.3667,983.0
2018-07-20 13:15:00,35.8,60.3333,982.0
2018-07-20 13:30:00,36.5,58.0333,982.0
2018-07-20 13:45:00,36.45,56.4833,982.0
2018-07-20 14:00:00,36.5167,56.4,982.0
2018-07-20 14:15:00,36.85,54.9833,981.0
2018-07-20 14:30:00,36.4667,54.4167,981.0
2018-07-20 14:45:00,36.9833,54.6667,981.0
2018-07-20 15:00:00,36.9333,56.0333,981.0
2018-07-20 15:15:00,37.3,55.0333,981.0
2018-07-20 15:30:00,37.0833,55.0,981.0
2018-07-20 15:45:00,36.7833,53.7167,980.0
2018-07-20 16:00:00,36.4167,54.05,980.0
2018-07-20 16:15:00,36.9333,55.3167,980.0
2018-07-20 16:30:00,37.4833,53.3833,980.0
2018-07-20 16:45:00,36.7667,53.7,980.0
2018-07-20 17:00:00,36.1,54.7,980.0
2018-07-20 17:15:00,35.7833,54.3,980.0
2018-07-20 17:30:00,35.1,58.0167,981.0
2018-07-20 17:45:00,33.3667,66.9833,980.0
2018-07-20 18:00:00,32.2,72.0167,981.0
2018-07-20 18:15:00,30.8833,75.3667,980.0
2018-07-20 18:30:00,30.7,74.9333,980.0
2018-07-20 18:45:00,30.8,74.3,981.0
2018-07-20 19:00:00,30.7,75.6333,981.0
2018-07-20 19:15:00,30.4,76.6167,981.0
2018-07-20 19:30:00,30.3,77.0167,981.0
2018-07-20 19:45:00,29.95,77.8833,981.0
2018-07-20 20:00:00,30.0,77.3833,982.0
2018-07-20 20:15:00,30.1,76.55,982.0
2018-07-20 20:30:00,30.1333,76.25,982.0
2018-07-20 20:45:00,30.3,75.15,982.0
2018-07-20 21:00:00,30.0,76.2333,982.0
2018-07-20 21:15:00,30.1,76.0667,983.0
2018-07-20 21:30:00,30.1667,76.35,983.0
2018-07-20 21:45:00,29.85,79.05,983.0
2018-07-20 22:00:00,30.0,78.6,984.0
2018-07-20 22:15:00,30.0,77.7,983.0
2018-07-20 22:30:00,29.7,82.0333,984.0
2018-07-20 22:45:00,29.7,81.4,984.0
2018-07-20 23:00:00,29.8,80.7833,983.0
2018-07-20 23:15:00,29.8,80.9167,983.0
2018-07-20 23:30:00,29.7,79.5,983.0
2018-07-20 23:45:00,29.7,78.7,983.0
2018-07-21 00:00:00,29.8167,79.8167,983.0
2018-07-21 00:15:00,29.65,80.2,983.0
2018-07-21 00:30:00,29.7,80.4667,983.0
2018-07-21 00:45:00,29.5,81.4333,983.0
2018-07-21 01:00:00,29.0167,83.7333,982.0
2018-07-21 01:15:00,29.5833,82.05,983.0
2018-07-21 01:30:00,29.2,84.3,983.0
2018-07-21 01:45:00,29.1,85.9,982.0
2018-07-21 02:00:00,29.35,84.55,982.0
2018-07-21 02:15:00,29.5,83.5167,982.0
2018-07-21 02:30:00,29.3,83.3,982.0
2018-07-21 02:45:00,29.5,83.9333,982.0
2018-07-21 03:00:00,29.2,87.2,982.0
2018-07-21 03:15:00,29.5,86.9667,982.0
2018-07-21 03:30:00,29.2,89.4,981.0
2018-07-21 03:45:00,29.3,88.75,981.0
2018-07-21 04:00:00,29.5,87.6833,982.0
2018-07-21 04:15:00,29.6,87.3333,982.0
2018-07-21 04:30:00,29.8,87.1,982.0
2018-07-21 04:45:00,29.7,87.2167,982.0
2018-07-21 05:00:00,29.3,87.8,982.0
2018-07-21 05:15:00,29.4,89.1833,982.0
2018-07-21 05:30:00,29.3667,90.8167,983.0
2018-07-21 05:45:00,29.4667,90.4333,983.0
2018-07-21 06:00:00,29.3,90.4,983.0
2018-07-21 06:15:00,29.1,92.75,983.0
2018-07-21 06:30:00,28.75,94.0,984.0
2018-07-21 06:45:00,28.3,94.4167,984.0
2018-07-21 07:00:00,28.0,93.7,984.0
2018-07-21 07:15:00,27.8167,92.2,984.0
2018-07-21 07:30:00,27.9,92.1333,984.0
2018-07-21 07:45:00,27.5833,92.1833,984.0
2018-07-21 08:00:00,27.6167,92.6833,984.0
2018-07-21 08:15:00,27.7333,92.1,984.0
2018-07-21 08:30:00,27.9,91.6167,984.0
2018-07-21 08:45:00,27.9,91.2333,985.0
2018-07-21 09:00:00,27.9,91.1333,985.0
2018-07-21 09:15:00,27.9167,91.0333,985.0
2018-07-21 09:30:00,28.3167,90.8333,985.0
2018-07-21 09:45:00,28.9,89.3167,985.0
2018-07-21 10:00:00,28.9833,88.35,985.0
2018-07-21 10:15:00,28.6,89.5833,985.0
2018-07-21 10:30:00,28.4167,88.55,985.0
2018-07-21 10:45:00,28.8,87.3333,985.0
2018-07-21 11:00:00,29.1167,85.15,985.0
2018-07-21 11:15:00,28.9667,84.7833,985.0
2018-07-21 11:30:00,29.6333,82.5,985.0
2018-07-21 11:45:00,30.4,80.1,985.0
2018-07-21 12:00:00,30.3667,79.9167,985.0
2018-07-21 12:15:00,30.55,79.8,985.0
2018-07-21 12:30:00,30.7667,78.35,985.0
2018-07-21 12:45:00,29.8,83.55,985.0
2018-07-21 13:00:00,29.4667,84.55,985.0
2018-07-21 13:15:00,30.0333,82.2333,985.0
2018-07-21 13:30:00,30.5833,78.5833,985.0
2018-07-21 13:45:00,31.15,75.3,984.0
2018-07-21 14:00:00,30.7333,77.0667,984.0
2018-07-21 14:15:00,30.6167,76.4,984.0
2018-07-21 14:30:00,31.2167,76.8667,984.0
2018-07-21 14:45:00,31.1333,76.9333,983.0
2018-07-21 15:00:00,31.4833,76.7333,983.0
2018-07-21 15:15:00,31.25,77.4333,983.0
2018-07-21 15:30:00,31.0167,77.6333,983.0
2018-07-21 15:45:00,31.1833,77.9333,983.0
2018-07-21 16:00:00,30.3,80.6833,983.0
2018-07-21 16:15:00,30.05,81.45,983.0
2018-07-21 16:30:00,30.3,80.8167,983.0
2018-07-21 16:45:00,29.9,81.6667,983.0
2018-07-21 17:00:00,29.4,83.8833,983.0
2018-07-21 17:15:00,28.9833,85.95,983.0
2018-07-21 17:30:00,28.7,86.2167,983.0
2018-07-21 17:45:00,28.6333,86.5833,983.0
2018-07-21 18:00:00,28.6,86.4333,983.0
2018-07-21 18:15:00,28.6,85.7,983.0
2018-07-21 18:30:00,28.7,85.45,983.0
2018-07-21 18:45:00,28.8,84.3167,983.0
2018-07-21 19:00:00,28.75,84.5667,983.0
2018-07-21 19:15:00,28.9667,83.9,983.0
2018-07-21 19:30:00,28.8833,84.6,984.0
2018-07-21 19:45:00,28.6167,84.7,984.0
2018-07-21 20:00:00,28.7667,83.4833,984.0
2018-07-21 20:15:00,28.9,82.5833,985.0
2018-07-21 20:30:00,28.95,83.35,985.0
2018-07-21 20:45:00,28.8,83.9333,985.0
2018-07-21 21:00:00,28.5167,85.95,985.0
2018-07-21 21:15:00,28.4333,87.05,985.0
2018-07-21 21:30:00,28.4,87.2,985.0
2018-07-21 21:45:00,28.4,87.1167,985.0
2018-07-21 22:00:00,28.3,87.6833,985.0
2018-07-21 22:15:00,28.3,87.8167,986.0
2018-07-21 22:30:00,28.3,87.9333,985.0
2018-07-21 22:45:00,28.2,88.3,985.0
2018-07-21 23:00:00,28.1,88.6667,985.0
2018-07-21 23:15:00,28.15,88.3167,985.0
2018-07-21 23:30:00,28.3,87.3167,985.0
2018-07-21 23:45:00,28.5,86.2,985.0
2018-07-22 00:00:00,28.4333,85.9167,985.0
2018-07-22 00:15:00,28.4,86.4,985.0
2018-07-22 00:30:00,28.2,86.1667,985.0
2018-07-22 00:45:00,28.3,85.7,985.0
2018-07-22 01:00:00,28.4333,84.9667,984.0
2018-07-22 01:15:00,28.2,83.6,984.0
2018-07-22 01:30:00,28.3,85.15,984.0
2018-07-22 01:45:00,28.1,85.8333,984.0
2018-07-22 02:00:00,28.1,85.4333,984.0
2018-07-22 02:15:00,28.3333,84.25,984.0
2018-07-22 02:30:00,28.3,84.35,984.0
2018-07-22 02:45:00,27.9,85.5167,983.0
2018-07-22 03:00:00,27.9667,85.6333,983.0
2018-07-22 03:15:00,27.6,89.15,983.0
2018-07-22 03:30:00,27.4,90.65,983.0
2018-07-22 03:45:00,27.4,90.5333,983.0
2018-07-22 04:00:00,27.3,90.75,983.0
2018-07-22 04:15:00,27.3,91.45,983.0
2018-07-22 04:30:00,27.4333,90.8833,983.0
2018-07-22 04:45:00,27.55,90.2,984.0
2018-07-22 05:00:00,27.3667,91.3,983.0
2018-07-22 05:15:00,27.3,91.0,983.0
2018-07-22 05:30:00,27.4,90.6167,984.0
2018-07-22 05:45:00,27.3,91.5833,984.0
2018-07-22 06:00:00,27.4667,91.2167,984.0
2018-07-22 06:15:00,27.5833,91.1333,984.0
2018-07-22 06:30:00,27.75,90.8833,984.0
2018-07-22 06:45:00,28.15,88.9167,984.0
2018-07-22 07:00:00,28.9333,83.9833,984.0
2018-07-22 07:15:00,28.95,82.5833,985.0
2018-07-22 07:30:00,29.1667,82.3167,985.0
2018-07-22 07:45:00,28.9,82.8833,985.0
2018-07-22 08:00:00,28.2,87.6833,985.0
2018-07-22 08:15:00,27.7333,89.3667,985.0
2018-07-22 08:30:00,28.3,89.2333,985.0
2018-07-22 08:45:00,29.25,85.4333,985.0
2018-07-22 09:00:00,29.5833,84.2833,986.0
2018-07-22 09:15:00,30.0667,84.4,986.0
2018-07-22 09:30:00,30.2333,81.2333,986.0
2018-07-22 09:45:00,30.6167,80.9167,986.0
2018-07-22 10:00:00,31.0,79.65,985.0
2018-07-22 10:15:00,31.3333,76.8167,985.0
2018-07-22 10:30:00,32.1,73.9667,985.0
2018-07-22 10:45:00,32.6833,72.5833,985.0
2018-07-22 11:00:00,32.7667,69.4833,985.0
2018-07-22 11:15:00,33.0167,67.5833,985.0
2018-07-22 11:30:00,33.5167,68.0167,985.0
2018-07-22 11:45:00,33.3,67.3,985.0
2018-07-22 12:00:00,33.9167,63.8333,984.0
2018-07-22 12:15:00,33.2167,66.1833,984.0
2018-07-22 12:30:00,34.75,63.9833,984.0
2018-07-22 12:45:00,33.6,65.0833,984.0
2018-07-22 13:00:00,34.6333,60.0167,983.0
2018-07-22 13:15:00,34.95,60.3667,983.0
2018-07-22 13:30:00,34.5833,57.3333,983.0
2018-07-22 13:45:00,34.7,57.0667,982.0
2018-07-22 14:00:00,34.85,56.55,982.0
2018-07-22 14:15:00,34.8833,57.2667,982.0
2018-07-22 14:30:00,34.7333,56.3833,982.0
2018-07-22 14:45:00,34.9167,55.5333,982.0
2018-07-22 15:00:00,34.6,56.7167,981.0
2018-07-22 15:15:00,34.7333,56.3833,981.0
2018-07-22 15:30:00,34.8667,56.25,981.0
2018-07-22 15:45:00,35.0,54.95,981.0
2018-07-22 16:00:00,34.2333,56.2667,981.0
2018-07-22 16:15:00,34.5833,52.5,981.0
2018-07-22 16:30:00,35.0667,53.75,981.0
2018-07-22 16:45:00,34.7,53.6667,981.0
2018-07-22 17:00:00,34.7667,53.3167,981.0
2018-07-22 17:15:00,34.45,55.1,981.0
2018-07-22 17:30:00,34.2,55.2,981.0
2018-07-22 17:45:00,34.2,56.4333,981.0
2018-07-22 18:00:00,33.9,57.2,981.0
2018-07-22 18:15:00,33.7,58.8167,982.0
2018-07-22 18:30:00,33.2333,60.45,982.0
2018-07-22 18:45:00,32.8167,62.6,982.0
2018-07-22 19:00:00,32.5,63.3,982.0
2018-07-22 19:15:00,32.2,64.35,982.0
2018-07-22 19:30:00,32.1667,64.6167,983.0
2018-07-22 19:45:00,32.1,64.95,983.0
2018-07-22 20:00:00,32.1,64.0667,983.0
2018-07-22 20:15:00,32.1,64.2167,983.0
2018-07-22 20:30:00,31.8333,65.7167,983.0
2018-07-22 20:45:00,31.9333,65.9667,983.0
2018-07-22 21:00:00,31.6,68.3167,984.0
2018-07-22 21:15:00,31.5,69.4333,984.0
2018-07-22 21:30:00,31.2,70.9,984.0
2018-07-22 21:45:00,31.4,70.0167,984.0
2018-07-22 22:00:00,31.3,70.5833,984.0
2018-07-22 22:15:00,30.9333,73.7333,984.0
2018-07-22 22:30:00,30.65,74.7833,984.0
2018-07-22 22:45:00,30.6833,75.1,983.0
2018-07-22 23:00:00,30.6,76.2333,983.0
2018-07-22 23:15:00,30.7,76.45,983.0
2018-07-22 23:30:00,30.7,76.8333,983.0
2018-07-22 23:45:00,30.3,78.2,983.0
2018-07-23 00:00:00,30.6,77.8167,983.0
2018-07-23 00:15:00,30.3833,78.9,983.0
2018-07-23 00:30:00,30.1,79.95,983.0
2018-07-23 00:45:00,30.2,79.2667,983.0
2018-07-23 01:00:00,30.1,79.6167,983.0
2018-07-23 01:15:00,30.0167,80.0333,983.0
2018-07-23 01:30:00,29.5667,82.2667,983.0
2018-07-23 01:45:00,29.3667,82.4,983.0
2018-07-23 02:00:00,29.3667,81.15,983.0
2018-07-23 02:15:00,29.2,80.8,983.0
2018-07-23 02:30:00,29.1,81.0,982.0
2018-07-23 02:45:00,29.0,81.25,982.0
2018-07-23 03:00:00,28.9167,81.6333,982.0
2018-07-23 03:15:00,28.7333,82.95,982.0
2018-07-23 03:30:00,28.7,83.6833,983.0
2018-07-23 03:45:00,28.7,84.0667,983.0
2018-07-23 04:00:00,28.6833,83.85,983.0
2018-07-23 04:15:00,28.7333,83.0667,983.0
2018-07-23 04:30:00,28.7,83.3667,982.0
2018-07-23 04:45:00,28.5167,83.8333,983.0
2018-07-23 05:00:00,28.7,82.1333,982.0
2018-07-23 05:15:00,28.8,81.6333,983.0
2018-07-23 05:30:00,28.9,81.45,983.0
2018-07-23 05:45:00,28.8,82.05,983.0
2018-07-23 06:00:00,28.7,83.6167,983.0
2018-07-23 06:15:00,28.6,84.35,983.0
2018-07-23 06:30:00,28.75,83.7167,983.0
2018-07-23 06:45:00,28.9,82.25,983.0
2018-07-23 07:00:00,29.0,81.9333,983.0
2018-07-23 07:15:00,29.1,80.8167,983.0
2018-07-23 07:30:00,29.0333,79.9333,983.0
2018-07-23 07:45:00,29.3,79.7333,983.0
2018-07-23 08:00:00,29.6333,78.8667,983.0
2018-07-23 08:15:00,29.7167,78.1833,984.0
2018-07-23 08:30:00,29.3333,79.1,984.0
2018-07-23 08:45:00,29.6,77.8167,984.0
2018-07-23 09:00:00,30.0333,75.75,984.0
2018-07-23 09:15:00,29.8,77.3333,984.0
2018-07-23 09:30:00,30.2,75.9,984.0
2018-07-23 09:45:00,30.5167,74.2667,984.0
2018-07-23 10:00:00,30.8167,71.15,984.0
2018-07-23 10:15:00,32.0167,69.0167,984.0
2018-07-23 10:30:00,31.5167,68.8833,984.0
2018-07-23 10:45:00,30.8333,71.0833,984.0
2018-07-23 11:00:00,30.4833,72.9167,984.0
2018-07-23 11:15:00,31.6167,71.25,984.0
2018-07-23 11:30:00,31.7667,68.7167,983.0
2018-07-23 11:45:00,32.8,64.3,984.0
2018-07-23 12:00:00,31.8,67.2,984.0
2018-07-23 12:15:00,32.0,66.4333,983.0
2018-07-23 12:30:00,31.7667,67.9833,983.0
2018-07-23 12:45:00,32.0833,67.6333,983.0
2018-07-23 13:00:00,31.8,67.7167,983.0
2018-07-23 13:15:00,32.3833,66.4,982.0
2018-07-23 13:30:00,33.1833,64.8333,982.0
2018-07-23 13:45:00,31.6667,65.3333,982.0
2018-07-23 14:00:00,31.9167,65.4167,982.0
2018-07-23 14:15:00,32.4667,64.2833,982.0
2018-07-23 14:30:00,33.0,63.6,981.0
2018-07-23 14:45:00,33.3333,61.3,981.0
2018-07-23 15:00:00,33.0833,62.0833,981.0
2018-07-23 15:15:00,32.1,66.35,981.0
2018-07-23 15:30:00,31.2667,71.6333,981.0
2018-07-23 15:45:00,30.7833,70.9167,981.0
2018-07-23 16:00:00,30.4,76.0167,981.0
2018-07-23 16:15:00,31.1333,71.6,981.0
2018-07-23 16:30:00,31.7,69.6833,981.0
2018-07-23 16:45:00,32.0333,68.7,981.0
2018-07-23 17:00:00,32.15,67.6,981.0
2018-07-23 17:15:00,32.5333,67.2167,981.0
2018-07-23 17:30:00,32.1,68.5333,981.0
2018-07-23 17:45:00,31.9,70.4833,981.0
2018-07-23 18:00:00,31.3,71.3333,981.0
2018-07-23 18:15:00,29.05,78.85,982.0
2018-07-23 18:30:00,27.7,87.9333,982.0
2018-07-23 18:45:00,27.5,90.3333,982.0
2018-07-23 19:00:00,27.8,89.2833,982.0
2018-07-23 19:15:00,28.2333,88.2167,982.0
2018-07-23 19:30:00,28.5,87.8167,983.0
2018-07-23 19:45:00,28.4,88.5167,983.0
2018-07-23 20:00:00,28.4333,88.4833,983.0
2018-07-23 20:15:00,28.4,88.2,983.0
2018-07-23 20:30:00,28.5,88.3333,983.0
2018-07-23 20:45:00,28.5333,87.1333,983.0
2018-07-23 21:00:00,28.6,86.3,983.0
2018-07-23 21:15:00,28.7167,85.0333,983.0
2018-07-23 21:30:00,28.8,85.8667,983.0
2018-07-23 21:45:00,28.8,86.0,983.0
2018-07-23 22:00:00,28.6167,86.4167,984.0
2018-07-23 22:15:00,28.7,86.5833,984.0
2018-07-23 22:30:00,28.5,87.8,984.0
2018-07-23 22:45:00,28.45,87.1833,984.0
2018-07-23 23:00:00,28.4,87.1667,984.0
2018-07-23 23:15:00,28.5833,86.7333,984.0
2018-07-23 23:30:00,28.5167,86.5333,984.0
2018-07-23 23:45:00,,,984.0
2018-07-24 00:00:00,28.5,87.2167,984.0
2018-07-24 00:15:00,28.3,87.7333,983.0
2018-07-24 00:30:00,28.15,88.1,983.0
2018-07-24 00:45:00,28.2,88.1833,983.0
2018-07-24 01:00:00,28.3167,88.1333,983.0
2018-07-24 01:15:00,28.2667,88.6,983.0
2018-07-24 01:30:00,28.2,88.7167,983.0
2018-07-24 01:45:00,28.4,88.0333,983.0
2018-07-24 02:00:00,28.4,88.15,983.0
2018-07-24 02:15:00,28.5,87.9333,983.0
2018-07-24 02:30:00,28.3333,88.8333,983.0
2018-07-24 02:45:00,28.3833,89.1,983.0
2018-07-24 03:00:00,28.4,89.1667,983.0
2018-07-24 03:15:00,28.3,89.65,983.0
2018-07-24 03:30:00,28.3,89.2833,982.0
2018-07-24 03:45:00,28.2,89.5667,982.0
2018-07-24 04:00:00,28.2,89.4667,982.0
2018-07-24 04:15:00,28.1167,89.7333,982.0
2018-07-24 04:30:00,28.2,89.4,982.0
2018-07-24 04:45:00,28.1167,89.5333,982.0
2018-07-24 05:00:00,28.2,89.1167,982.0
2018-07-24 05:15:00,28.1,88.7333,982.0
2018-07-24 05:30:00,28.1,88.4,982.0
2018-07-24 05:45:00,28.0,89.2667,983.0
2018-07-24 06:00:00,27.8667,90.1,983.0
2018-07-24 06:15:00,27.7,91.5667,983.0
2018-07-24 06:30:00,27.55,92.4,983.0
2018-07-24 06:45:00,27.5,92.45,983.0
2018-07-24 07:00:00,27.6,91.85,983.0
2018-07-24 07:15:00,27.7,91.2667,983.0
2018-07-24 07:30:00,27.7,91.35,984.0
2018-07-24 07:45:00,27.8,90.9167,984.0
2018-07-24 08:00:00,28.0,90.5667,984.0
2018-07-24 08:15:00,28.2333,89.2667,984.0
2018-07-24 08:30:00,28.5,87.9,984.0
2018-07-24 08:45:00,28.5,87.3333,984.0
2018-07-24 09:00:00,28.3,87.55,984.0
2018-07-24 09:15:00,28.3,88.05,984.0
2018-07-24 09:30:00,28.4,87.7333,984.0
2018-07-24 09:45:00,28.3,87.9167,984.0
2018-07-24 10:00:00,28.6,87.8833,985.0
2018-07-24 10:15:00,28.7,87.4667,984.0
2018-07-24 10:30:00,28.8833,86.5667,984.0
2018-07-24 10:45:00,29.0,86.8167,985.0
2018-07-24 11:00:00,28.7833,88.95,985.0
2018-07-24 11:15:00,28.95,90.1,985.0
2018-07-24 11:30:00,29.1667,90.1,984.0
2018-07-24 11:45:00,29.2,73.7333,984.0
2018-07-24 12:00:00,29.25,88.7,984.0
2018-07-24 12:15:00,29.6,87.05,984.0
2018-07-24 12:30:00,28.7,89.6333,984.0
2018-07-24 12:45:00,28.1,93.3167,984.0
2018-07-24 13:00:00,28.4,92.9667,984.0
2018-07-24 13:15:00,28.5,92.45,984.0
2018-07-24 13:30:00,29.6333,89.4167,983.0
2018-07-24 13:45:00,30.1333,85.1667,983.0
2018-07-24 14:00:00,30.1333,86.2,983.0
2018-07-24 14:15:00,30.5667,83.2167,983.0
2018-07-24 14:30:00,30.55,83.9,983.0
2018-07-24 14:45:00,29.9,85.5333,982.0
2018-07-24 15:00:00,29.9167,85.8,982.0
2018-07-24 15:15:00,28.55,89.6167,982.0
2018-07-24 15:30:00,28.4,91.8833,982.0
2018-07-24 15:45:00,28.6667,90.7667,982.0
2018-07-24 16:00:00,29.4333,88.1667,982.0
2018-07-24 16:15:00,30.0,85.0667,981.0
2018-07-24 16:30:00,30.6,83.7167,981.0
2018-07-24 16:45:00,31.0333,81.2167,981.0
2018-07-24 17:00:00,30.4167,84.5167,981.0
2018-07-24 17:15:00,29.8833,86.7833,981.0
2018-07-24 17:30:00,29.5,88.35,982.0
2018-07-24 17:45:00,29.55,90.1667,982.0
2018-07-24 18:00:00,29.6,90.0667,982.0
2018-07-24 18:15:00,30.0,88.95,982.0
2018-07-24 18:30:00,29.9333,89.0833,982.0
2018-07-24 18:45:00,29.8,89.2,982.0
2018-07-24 19:00:00,29.0333,91.3833,983.0
2018-07-24 19:15:00,28.3,90.9167,983.0
2018-07-24 19:30:00,27.5,92.45,983.0
2018-07-24 19:45:00,27.1167,93.8833,983.0
2018-07-24 20:00:00,26.6667,97.05,983.0
2018-07-24 20:15:00,26.8833,97.0667,984.0
2018-07-24 20:30:00,27.4,96.4667,984.0
2018-07-24 20:45:00,27.5,95.7333,984.0
2018-07-24 21:00:00,27.6,96.6833,984.0
2018-07-24 21:15:00,27.6833,96.0667,985.0
2018-07-24 21:30:00,27.7,95.8833,984.0
2018-07-24 21:45:00,27.5833,96.1333,984.0
2018-07-24 22:00:00,27.8,95.5,985.0
2018-07-24 22:15:00,27.7167,95.5333,985.0
2018-07-24 22:30:00,27.6,95.8833,984.0
2018-07-24 22:45:00,27.7,95.5167,984.0
2018-07-24 23:00:00,27.4667,95.8667,984.0
2018-07-24 23:15:00,27.4167,95.3667,984.0
2018-07-24 23:30:00,27.5,95.7667,984.0
2018-07-24 23:45:00,27.5,95.8,984.0
2018-07-25 00:00:00,28.15,93.6333,984.0
2018-07-25 00:15:00,27.7,95.1,984.0
2018-07-25 00:30:00,27.9333,94.1167,984.0
2018-07-25 00:45:00,27.8667,94.5167,984.0
2018-07-25 01:00:00,28.1,94.1167,984.0
2018-07-25 01:15:00,27.85,94.6833,984.0
2018-07-25 01:30:00,27.8667,94.6833,984.0
2018-07-25 01:45:00,27.9667,94.7333,984.0
2018-07-25 02:00:00,27.6333,94.8667,983.0
2018-07-25 02:15:00,28.0833,93.4333,983.0
2018-07-25 02:30:00,28.1,93.4833,983.0
2018-07-25 02:45:00,27.8167,93.9667,982.0
2018-07-25 03:00:00,27.8667,93.55,982.0
2018-07-25 03:15:00,27.7833,93.2,982.0
2018-07-25 03:30:00,27.9,92.6333,982.0
2018-07-25 03:45:00,27.7,93.15,982.0
2018-07-25 04:00:00,27.8,92.6667,982.0
2018-07-25 04:15:00,27.75,91.95,982.0
2018-07-25 04:30:00,27.4333,93.0333,982.0
2018-07-25 04:45:00,27.6,92.1833,982.0
2018-07-25 05:00:00,27.8,91.65,983.0
2018-07-25 05:15:00,27.5833,92.1833,983.0
2018-07-25 05:30:00,27.8,91.0667,983.0
2018-07-25 05:45:00,27.4333,92.6833,983.0
2018-07-25 06:00:00,27.4667,92.6333,983.0
2018-07-25 06:15:00,27.5667,92.5,983.0
2018-07-25 06:30:00,27.75,92.0167,983.0
2018-07-25 06:45:00,27.8,91.9,983.0
2018-07-25 07:00:00,27.6667,92.4833,983.0
2018-07-25 07:15:00,28.4,90.15,984.0
2018-07-25 07:30:00,28.2,90.4333,984.0
2018-07-25 07:45:00,28.3833,90.1833,984.0
2018-07-25 08:00:00,28.4,90.1833,984.0
2018-07-25 08:15:00,28.6,90.0833,984.0
2018-07-25 08:30:00,28.7333,90.2,985.0
2018-07-25 08:45:00,28.6833,90.4167,985.0
2018-07-25 09:00:00,27.7667,94.1,985.0
2018-07-25 09:15:00,27.8,94.6,985.0
2018-07-25 09:30:00,28.2833,92.8333,985.0
2018-07-25 09:45:00,28.7667,91.8667,985.0
2018-07-25 10:00:00,29.3,90.75,985.0
2018-07-25 10:15:00,30.2167,87.2667,984.0
2018-07-25 10:30:00,30.6333,84.6,984.0
2018-07-25 10:45:00,30.9,82.5167,984.0
2018-07-25 11:00:00,31.4667,79.5833,984.0
2018-07-25 11:15:00,31.4167,79.2333,984.0
2018-07-25 11:30:00,31.3,78.75,984.0
2018-07-25 11:45:00,32.1,75.8,984.0
2018-07-25 12:00:00,32.7667,70.6,983.0
2018-07-25 12:15:00,32.7667,71.9833,983.0
2018-07-25 12:30:00,32.9667,73.3,983.0
2018-07-25 12:45:00,32.5,73.3,983.0
2018-07-25 13:00:00,33.2833,71.25,983.0
2018-07-25 13:15:00,31.3,75.1667,983.0
2018-07-25 13:30:00,30.4667,82.7833,982.0
2018-07-25 13:45:00,29.7667,85.75,982.0
2018-07-25 14:00:00,30.0,87.15,982.0
2018-07-25 14:15:00,31.55,80.1833,982.0
2018-07-25 14:30:00,31.3,80.6167,982.0
2018-07-25 14:45:00,31.8167,78.4167,981.0
2018-07-25 15:00:00,32.2,77.1667,981.0
2018-07-25 15:15:00,32.3833,76.8833,981.0
2018-07-25 15:30:00,28.2,88.25,982.0
2018-07-25 15:45:00,27.4,90.1,982.0
2018-07-25 16:00:00,27.5,91.75,982.0
2018-07-25 16:15:00,27.9833,90.9,982.0
2018-07-25 16:30:00,28.4,91.6167,982.0
2018-07-25 16:45:00,28.1,91.7167,981.0
2018-07-25 17:00:00,28.25,91.4833,982.0
2018-07-25 17:15:00,28.1,91.3167,982.0
2018-07-25 17:30:00,28.0167,92.3,982.0
2018-07-25 17:45:00,28.15,92.25,982.0
2018-07-25 18:00:00,28.0,93.05,982.0
2018-07-25 18:15:00,27.9,92.5167,982.0
2018-07-25 18:30:00,27.6667,93.2,982.0
2018-07-25 18:45:00,27.3333,94.3,982.0
2018-07-25 19:00:00,27.3,94.1,982.0
2018-07-25 19:15:00,27.35,94.0167,982.0
2018-07-25 19:30:00,27.4,95.3667,982.0
2018-07-25 19:45:00,27.4167,95.0667,983.0
2018-07-25 20:00:00,27.3,94.2167,983.0
2018-07-25 20:15:00,27.45,94.1,983.0
2018-07-25 20:30:00,27.3,93.1167,984.0
2018-07-25 20:45:00,27.2167,92.35,984.0
2018-07-25 21:00:00,27.0,91.8,984.0
2018-07-25 21:15:00,26.8833,91.7667,984.0
2018-07-25 21:30:00,26.9,91.8167,984.0
2018-07-25 21:45:00,27.0,92.0,984.0
2018-07-25 22:00:00,27.3,91.15,984.0
2018-07-25 22:15:00,27.2,91.2167,984.0
2018-07-25 22:30:00,27.1,92.1167,984.0
2018-07-25 22:45:00,27.3333,91.55,984.0
2018-07-25 23:00:00,27.0,93.05,984.0
2018-07-25 23:15:00,26.95,93.3833,984.0
2018-07-25 23:30:00,27.3333,92.1667,984.0
2018-07-25 23:45:00,27.4,91.5,984.0
2018-07-26 00:00:00,27.25,92.3167,984.0
2018-07-26 00:15:00,26.8,95.4667,984.0
2018-07-26 00:30:00,26.9,95.4,984.0
2018-07-26 00:45:00,26.8,95.25,983.0
2018-07-26 01:00:00,26.6667,96.0167,983.0
2018-07-26 01:15:00,26.7,95.1333,983.0
2018-07-26 01:30:00,26.7,95.0,983.0
2018-07-26 01:45:00,26.6,95.2333,983.0
2018-07-26 02:00:00,26.85,93.35,983.0
2018-07-26 02:15:00,26.9,92.8167,982.0
2018-07-26 02:30:00,27.0,92.8,982.0
2018-07-26 02:45:00,27.0167,93.15,982.0
2018-07-26 03:00:00,27.1,92.5333,982.0
2018-07-26 03:15:00,26.8,93.45,982.0
2018-07-26 03:30:00,27.05,93.1333,982.0
2018-07-26 03:45:00,26.7333,94.5833,982.0
2018-07-26 04:00:00,26.6,95.3,982.0
2018-07-26 04:15:00,26.45,95.6167,982.0
2018-07-26 04:30:00,26.4,95.8833,982.0
2018-07-26 04:45:00,26.5,95.2667,982.0
2018-07-26 05:00:00,26.6333,95.0833,982.0
2018-07-26 05:15:00,26.7167,94.9333,982.0
2018-07-26 05:30:00,27.0333,94.05,982.0
2018-07-26 05:45:00,27.1833,93.75,982.0
2018-07-26 06:00:00,27.5,92.2333,982.0
2018-07-26 06:15:00,27.55,92.4833,982.0
2018-07-26 06:30:00,27.8,91.3167,982.0
2018-07-26 06:45:00,27.9833,90.8333,982.0
2018-07-26 07:00:00,27.5,93.4333,983.0
2018-07-26 07:15:00,27.4,93.9667,983.0
2018-07-26 07:30:00,27.2667,93.7667,983.0
2018-07-26 07:45:00,27.4667,93.4167,983.0
2018-07-26 08:00:00,27.4,92.1333,983.0
2018-07-26 08:15:00,27.7,91.5333,983.0
2018-07-26 08:30:00,28.0833,89.85,983.0
2018-07-26 08:45:00,27.9,90.6167,983.0
2018-07-26 09:00:00,27.6,91.5167,983.0
2018-07-26 09:15:00,27.8,90.9833,983.0
2018-07-26 09:30:00,27.4,92.1333,983.0
2018-07-26 09:45:00,27.2,93.5667,984.0
2018-07-26 10:00:00,27.2,94.1167,984.0
2018-07-26 10:15:00,27.45,93.7333,984.0
2018-07-26 10:30:00,27.6333,92.6,984.0
2018-07-26 10:45:00,28.1667,90.7333,984.0
2018-07-26 11:00:00,28.3833,89.3833,984.0
2018-07-26 11:15:00,28.45,87.7,983.0
2018-07-26 11:30:00,28.3333,87.6333,983.0
2018-07-26 11:45:00,29.2,86.4,983.0
2018-07-26 12:00:00,29.4833,84.2333,983.0
2018-07-26 12:15:00,29.1,83.7833,983.0
2018-07-26 12:30:00,29.15,84.8167,983.0
2018-07-26 12:45:00,29.0833,84.3667,983.0
2018-07-26 13:00:00,28.6,87.8833,983.0
2018-07-26 13:15:00,28.3667,89.5167,983.0
2018-07-26 13:30:00,28.1833,89.4167,983.0
2018-07-26 13:45:00,28.0,89.75,982.0
2018-07-26 14:00:00,28.4833,87.9167,982.0
2018-07-26 14:15:00,28.0,88.6333,982.0
2018-07-26 14:30:00,27.6,89.1333,982.0
2018-07-26 14:45:00,27.9667,86.4,982.0
2018-07-26 15:00:00,28.0167,85.7167,982.0
2018-07-26 15:15:00,28.1167,85.35,982.0
2018-07-26 15:30:00,27.4667,90.3333,982.0
2018-07-26 15:45:00,27.3,90.8,982.0
2018-07-26 16:00:00,27.5667,89.2167,982.0
2018-07-26 16:15:00,27.5,89.2,982.0
2018-07-26 16:30:00,27.2667,90.4167,982.0
2018-07-26 16:45:00,26.9833,93.1667,982.0
2018-07-26 17:00:00,26.9,94.4,982.0
2018-07-26 17:15:00,26.9,94.3333,982.0
2018-07-26 17:30:00,26.9,94.4,982.0
2018-07-26 17:45:00,26.9,94.5333,982.0
2018-07-26 18:00:00,26.8333,94.4167,982.0
2018-07-26 18:15:00,26.7833,93.6667,982.0
2018-07-26 18:30:00,26.8,93.3,982.0
2018-07-26 18:45:00,26.7333,92.1,982.0
2018-07-26 19:00:00,26.9,92.6667,983.0
2018-07-26 19:15:00,27.0,92.55,983.0
2018-07-26 19:30:00,27.0833,91.8167,983.0
2018-07-26 19:45:00,26.9,91.8,983.0
2018-07-26 20:00:00,26.7,92.1667,983.0
2018-07-26 20:15:00,26.8,91.7667,983.0
2018-07-26 20:30:00,26.8,91.2167,984.0
2018-07-26 20:45:00,26.6,91.65,984.0
2018-07-26 21:00:00,26.6333,90.3833,984.0
2018-07-26 21:15:00,26.8,89.2667,984.0
2018-07-26 21:30:00,26.6,89.7,984.0
2018-07-26 21:45:00,26.4,91.6667,984.0
2018-07-26 22:00:00,26.2,92.6,985.0
2018-07-26 22:15:00,26.25,92.4333,984.0
2018-07-26 22:30:00,26.2833,91.5333,985.0
2018-07-26 22:45:00,26.3,90.7333,984.0
2018-07-26 23:00:00,26.2,91.8,984.0
2018-07-26 23:15:00,26.1,92.4,984.0
2018-07-26 23:30:00,26.0,93.1333,984.0
2018-07-26 23:45:00,26.0,93.5,984.0
2018-07-27 00:00:00,26.0,94.3833,984.0
2018-07-27 00:15:00,26.1,94.4,984.0
2018-07-27 00:30:00,26.3,93.6,984.0
2018-07-27 00:45:00,26.4167,93.0,984.0
2018-07-27 01:00:00,26.5,92.8,984.0
2018-07-27 01:15:00,26.5,92.1,984.0
2018-07-27 01:30:00,26.6,88.9167,984.0
2018-07-27 01:45:00,26.5,86.2,984.0
2018-07-27 02:00:00,26.5,87.5333,984.0
2018-07-27 02:15:00,26.4167,89.1,984.0
2018-07-27 02:30:00,26.3167,89.7167,983.0
2018-07-27 02:45:00,26.3,89.9,983.0
2018-07-27 03:00:00,26.2,90.55,983.0
2018-07-27 03:15:00,26.3,90.1333,983.0
2018-07-27 03:30:00,26.4,90.0833,983.0
2018-07-27 03:45:00,26.5,89.65,983.0
2018-07-27 04:00:00,26.6,89.05,983.0
2018-07-27 04:15:00,26.6,89.4833,983.0
2018-07-27 04:30:00,26.6,89.1833,983.0
2018-07-27 04:45:00,26.6,88.9333,983.0
2018-07-27 05:00:00,26.6,88.6167,983.0
2018-07-27 05:15:00,26.7,88.2833,983.0
2018-07-27 05:30:00,26.6,88.1333,983.0
2018-07-27 05:45:00,26.7,87.6167,983.0
2018-07-27 06:00:00,26.7,87.6833,984.0
2018-07-27 06:15:00,26.7333,87.4333,984.0
2018-07-27 06:30:00,26.8,87.2667,984.0
2018-07-27 06:45:00,26.9,87.1,984.0
2018-07-27 07:00:00,27.0,86.4,984.0
2018-07-27 07:15:00,27.0833,86.4,984.0
2018-07-27 07:30:00,27.2,85.8333,985.0
2018-07-27 07:45:00,27.6,85.6333,985.0
2018-07-27 08:00:00,27.6,84.1167,985.0
2018-07-27 08:15:00,27.9167,84.6833,985.0
2018-07-27 08:30:00,27.9667,83.2333,985.0
2018-07-27 08:45:00,28.3167,82.9333,985.0
2018-07-27 09:00:00,28.45,81.3833,985.0
2018-07-27 09:15:00,29.05,80.5333,985.0
2018-07-27 09:30:00,29.1833,79.6,985.0
2018-07-27 09:45:00,29.4,77.8333,986.0
2018-07-27 10:00:00,29.05,77.8667,986.0
2018-07-27 10:15:00,29.0833,78.5833,986.0
2018-07-27 10:30:00,29.7667,77.5833,986.0
2018-07-27 10:45:00,29.6833,77.3833,986.0
2018-07-27 11:00:00,30.0667,74.4,986.0
2018-07-27 11:15:00,29.2167,78.0833,986.0
2018-07-27 11:30:00,29.1167,78.1667,986.0
2018-07-27 11:45:00,29.3667,77.7,986.0
2018-07-27 12:00:00,29.5,77.5,985.0
2018-07-27 12:15:00,29.3667,79.2,985.0
2018-07-27 12:30:00,29.4,76.3167,985.0
2018-07-27 12:45:00,30.1333,77.4167,985.0
2018-07-27 13:00:00,30.5167,75.2,985.0
2018-07-27 13:15:00,29.5333,77.85,985.0
2018-07-27 13:30:00,29.6667,76.6167,985.0
2018-07-27 13:45:00,29.0,79.5167,984.0
2018-07-27 14:00:00,28.45,81.3,984.0
2018-07-27 14:15:00,29.2667,79.6,984.0
2018-07-27 14:30:00,28.1833,86.2333,984.0
2018-07-27 14:45:00,28.9833,83.8333,984.0
2018-07-27 15:00:00,28.65,81.1667,984.0
2018-07-27 15:15:00,27.25,89.4167,984.0
2018-07-27 15:30:00,27.2,90.5833,984.0
2018-07-27 15:45:00,27.7,90.6333,984.0
2018-07-27 16:00:00,27.3,89.0,984.0
2018-07-27 16:15:00,27.4,89.75,984.0
2018-07-27 16:30:00,27.9167,89.4333,983.0
2018-07-27 16:45:00,28.3,86.8,983.0
2018-07-27 17:00:00,28.45,84.2167,983.0
2018-07-27 17:15:00,28.2,84.3167,983.0
2018-07-27 17:30:00,28.1,85.1833,984.0
2018-07-27 17:45:00,28.1667,85.6167,984.0
2018-07-27 18:00:00,28.15,84.1333,984.0
2018-07-27 18:15:00,28.1333,81.9833,984.0
2018-07-27 18:30:00,28.0667,83.65,984.0
2018-07-27 18:45:00,27.9,83.7167,984.0
2018-07-27 19:00:00,27.8,85.3,984.0
2018-07-27 19:15:00,27.7,85.3167,984.0
2018-07-27 19:30:00,27.7333,85.75,984.0
2018-07-27 19:45:00,27.6667,86.1,985.0
2018-07-27 20:00:00,27.5,87.0167,985.0
2018-07-27 20:15:00,27.2,88.3667,985.0
2018-07-27 20:30:00,26.8167,90.7833,985.0
2018-07-27 20:45:00,26.6,92.8,985.0
2018-07-27 21:00:00,26.7,93.5333,985.0
2018-07-27 21:15:00,26.6,93.8333,985.0
2018-07-27 21:30:00,26.6,93.35,986.0
2018-07-27 21:45:00,26.6,93.5,986.0
2018-07-27 22:00:00,26.7,93.8,986.0
2018-07-27 22:15:00,26.7,93.95,986.0
2018-07-27 22:30:00,26.8,93.85,986.0
2018-07-27 22:45:00,26.8833,93.7667,986.0
2018-07-27 23:00:00,26.8,93.8667,986.0
2018-07-27 23:15:00,26.8,94.2667,986.0
2018-07-27 23:30:00,26.8,94.15,986.0
2018-07-27 23:45:00,27.1,91.8333,986.0
2018-07-28 00:00:00,27.0,93.6333,986.0
2018-07-28 00:15:00,27.0,93.7667,986.0
2018-07-28 00:30:00,27.0,93.9833,985.0
2018-07-28 00:45:00,26.8,95.2,985.0
2018-07-28 01:00:00,26.6,95.35,985.0
2018-07-28 01:15:00,26.5,95.3833,985.0
2018-07-28 01:30:00,26.5,95.5333,985.0
2018-07-28 01:45:00,26.4333,95.3167,984.0
2018-07-28 02:00:00,26.4,95.2,984.0
2018-07-28 02:15:00,26.5,94.6167,984.0
2018-07-28 02:30:00,26.6,94.1833,984.0
2018-07-28 02:45:00,26.6,94.75,984.0
2018-07-28 03:00:00,26.6667,93.8,984.0
2018-07-28 03:15:00,26.6,93.8667,984.0
2018-07-28 03:30:00,26.4167,94.1,984.0
2018-07-28 03:45:00,26.4,93.7333,984.0
2018-07-28 04:00:00,26.8,92.3167,984.0
2018-07-28 04:15:00,26.9,92.1167,984.0
2018-07-28 04:30:00,26.8,92.5667,984.0
2018-07-28 04:45:00,26.8,92.9333,984.0
2018-07-28 05:00:00,26.9,92.35,984.0
2018-07-28 05:15:00,26.8,92.45,984.0
2018-07-28 05:30:00,26.6,93.2,984.0
2018-07-28 05:45:00,26.5,93.05,985.0
2018-07-28 06:00:00,26.6,92.8,985.0
2018-07-28 06:15:00,26.6,92.5333,985.0
2018-07-28 06:30:00,26.7,92.0,985.0
2018-07-28 06:45:00,26.8,91.8,985.0
2018-07-28 07:00:00,26.9167,91.0333,985.0
2018-07-28 07:15:00,26.9833,89.6667,985.0
2018-07-28 07:30:00,27.0,89.3,986.0
2018-07-28 07:45:00,26.7,90.15,986.0
2018-07-28 08:00:00,26.7,90.4667,986.0
2018-07-28 08:15:00,26.6667,90.0667,986.0
2018-07-28 08:30:00,26.8,89.9167,986.0
2018-07-28 08:45:00,26.9667,89.8333,986.0
2018-07-28 09:00:00,27.0333,89.1,986.0
2018-07-28 09:15:00,27.4333,88.7,986.0
2018-07-28 09:30:00,27.55,87.0667,986.0
2018-07-28 09:45:00,27.8667,85.4167,986.0
2018-07-28 10:00:00,28.05,84.45,986.0
2018-07-28 10:15:00,28.2167,82.7167,986.0
2018-07-28 10:30:00,28.9333,80.8667,987.0
2018-07-28 10:45:00,29.0167,80.45,987.0
2018-07-28 11:00:00,29.2,80.2,987.0
2018-07-28 11:15:00,29.55,80.2833,986.0
2018-07-28 11:30:00,29.3167,79.5833,986.0
2018-07-28 11:45:00,29.6667,79.1667,986.0
2018-07-28 12:00:00,29.75,78.8,986.0
2018-07-28 12:15:00,30.2167,76.1333,986.0
2018-07-28 12:30:00,30.3167,75.9833,986.0
2018-07-28 12:45:00,30.2833,75.7167,986.0
2018-07-28 13:00:00,30.7333,74.1667,986.0
2018-07-28 13:15:00,31.1333,72.75,986.0
2018-07-28 13:30:00,31.8833,70.75,985.0
2018-07-28 13:45:00,32.35,69.3833,985.0
2018-07-28 14:00:00,32.5833,67.8167,985.0
2018-07-28 14:15:00,32.6833,68.25,985.0
2018-07-28 14:30:00,32.1,68.55,985.0
2018-07-28 14:45:00,32.5333,67.5,985.0
2018-07-28 15:00:00,32.5333,67.0833,984.0
2018-07-28 15:15:00,32.65,67.0333,984.0
2018-07-28 15:30:00,32.0,68.5333,984.0
2018-07-28 15:45:00,32.15,67.9,984.0
2018-07-28 16:00:00,32.3,69.65,984.0
2018-07-28 16:15:00,32.4,68.2167,984.0
2018-07-28 16:30:00,32.1,69.7667,984.0
2018-07-28 16:45:00,32.1833,68.2667,984.0
2018-07-28 17:00:00,32.3,69.4667,984.0
2018-07-28 17:15:00,32.15,68.7667,984.0
2018-07-28 17:30:00,32.3167,69.6667,984.0
2018-07-28 17:45:00,32.0,72.5333,984.0
2018-07-28 18:00:00,31.8,75.4833,984.0
2018-07-28 18:15:00,31.3167,76.8167,984.0
2018-07-28 18:30:00,31.0,76.7833,984.0
2018-07-28 18:45:00,30.5167,81.1167,984.0
2018-07-28 19:00:00,29.95,83.4667,985.0
2018-07-28 19:15:00,29.8,83.55,985.0
2018-07-28 19:30:00,29.6,85.3,985.0
2018-07-28 19:45:00,29.4,86.0333,985.0
2018-07-28 20:00:00,29.3,85.4833,985.0
2018-07-28 20:15:00,29.2,85.7,985.0
2018-07-28 20:30:00,29.2,85.95,986.0
2018-07-28 20:45:00,29.2333,86.3,986.0
2018-07-28 21:00:00,29.2,86.6667,986.0
2018-07-28 21:15:00,29.2,86.9167,986.0
2018-07-28 21:30:00,29.2,87.45,986.0
2018-07-28 21:45:00,29.0,88.2667,986.0
2018-07-28 22:00:00,28.9,87.8,986.0
2018-07-28 22:15:00,28.9,88.0333,986.0
2018-07-28 22:30:00,29.0,87.95,986.0
2018-07-28 22:45:00,28.8,89.1333,986.0
2018-07-28 23:00:00,28.8,89.4333,986.0
2018-07-28 23:15:00,28.9,89.55,986.0
2018-07-28 23:30:00,28.8,89.8,986.0
2018-07-28 23:45:00,29.0,88.7167,986.0
2018-07-29 00:00:00,28.7,90.9,986.0
2018-07-29 00:15:00,28.6,91.15,985.0
2018-07-29 00:30:00,28.7,91.3,985.0
2018-07-29 00:45:00,28.8333,90.6,985.0
2018-07-29 01:00:00,28.7667,90.65,985.0
2018-07-29 01:15:00,28.8,89.7333,985.0
2018-07-29 01:30:00,28.8,88.9667,985.0
2018-07-29 01:45:00,28.8,88.45,985.0
2018-07-29 02:00:00,28.7,88.6833,984.0
2018-07-29 02:15:00,28.6,88.8333,984.0
2018-07-29 02:30:00,28.5667,89.45,984.0
2018-07-29 02:45:00,28.4,90.4667,984.0
2018-07-29 03:00:00,28.4,90.7,984.0
2018-07-29 03:15:00,28.4,90.8333,984.0
2018-07-29 03:30:00,28.3,91.0333,984.0
2018-07-29 03:45:00,28.2,90.9167,984.0
2018-07-29 04:00:00,28.2,91.0,984.0
2018-07-29 04:15:00,28.1,91.1833,984.0
2018-07-29 04:30:00,28.0333,90.3333,984.0
2018-07-29 04:45:00,28.05,89.3167,984.0
2018-07-29 05:00:00,28.1833,88.4,984.0
2018-07-29 05:15:00,28.1,88.65,985.0
2018-07-29 05:30:00,27.9,88.5167,985.0
2018-07-29 05:45:00,28.0,88.25,985.0
2018-07-29 06:00:00,28.0667,88.0167,985.0
2018-07-29 06:15:00,28.2,87.95,985.0
2018-07-29 06:30:00,28.1,88.1333,985.0
2018-07-29 06:45:00,28.1,88.2833,985.0
2018-07-29 07:00:00,28.3167,87.2833,985.0
2018-07-29 07:15:00,28.4,86.1167,985.0
2018-07-29 07:30:00,28.3333,86.15,985.0
2018-07-29 07:45:00,28.4,87.1333,985.0
2018-07-29 08:00:00,28.5,87.1667,985.0
2018-07-29 08:15:00,28.65,87.25,985.0
2018-07-29 08:30:00,28.5833,86.4833,985.0
2018-07-29 08:45:00,28.5,86.15,986.0
2018-07-29 09:00:00,28.4833,85.7,986.0
2018-07-29 09:15:00,28.8,85.3,986.0
2018-07-29 09:30:00,29.0,84.1333,986.0
2018-07-29 09:45:00,29.2,82.65,986.0
2018-07-29 10:00:00,29.4167,81.45,986.0
2018-07-29 10:15:00,29.7,80.65,986.0
2018-07-29 10:30:00,29.9,80.2833,986.0
2018-07-29 10:45:00,29.7833,79.8833,986.0
2018-07-29 11:00:00,29.7333,80.2,986.0
2018-07-29 11:15:00,30.0,79.8833,986.0
2018-07-29 11:30:00,29.9833,78.05,986.0
2018-07-29 11:45:00,30.5167,76.5833,986.0
2018-07-29 12:00:00,29.9833,78.4333,986.0
2018-07-29 12:15:00,30.4,77.4333,986.0
2018-07-29 12:30:00,30.45,76.4833,986.0
2018-07-29 12:45:00,30.5667,76.8333,986.0
2018-07-29 13:00:00,31.05,76.9333,986.0
2018-07-29 13:15:00,31.1333,75.4833,985.0
2018-07-29 13:30:00,31.4333,71.65,985.0
2018-07-29 13:45:00,31.6667,71.7667,985.0
2018-07-29 14:00:00,32.0,69.5333,984.0
2018-07-29 14:15:00,31.9833,70.8833,984.0
2018-07-29 14:30:00,31.8667,70.9,984.0
2018-07-29 14:45:00,32.0667,72.7167,984.0
2018-07-29 15:00:00,31.8667,70.7667,984.0
2018-07-29 15:15:00,31.8333,69.05,984.0
2018-07-29 15:30:00,32.0667,68.05,984.0
2018-07-29 15:45:00,32.1833,68.7833,984.0
2018-07-29 16:00:00,32.4333,67.8333,984.0
2018-07-29 16:15:00,32.5667,66.1833,983.0
2018-07-29 16:30:00,32.3333,67.0833,983.0
2018-07-29 16:45:00,32.4667,68.05,983.0
2018-07-29 17:00:00,32.1167,67.85,983.0
2018-07-29 17:15:00,31.9833,71.7333,983.0
2018-07-29 17:30:00,31.5,72.5,983.0
2018-07-29 17:45:00,31.2,76.9167,983.0
2018-07-29 18:00:00,30.5,78.75,983.0
2018-07-29 18:15:00,30.65,78.5833,983.0
2018-07-29 18:30:00,30.7,77.3333,983.0
2018-07-29 18:45:00,30.5,81.65,983.0
2018-07-29 19:00:00,30.1167,82.8667,983.0
2018-07-29 19:15:00,30.0,81.1833,983.0
2018-07-29 19:30:00,29.8167,80.4,984.0
2018-07-29 19:45:00,29.8,78.0333,984.0
2018-07-29 20:00:00,29.5,75.8167,984.0
2018-07-29 20:15:00,29.1833,77.6833,984.0
2018-07-29 20:30:00,29.1667,79.05,984.0
2018-07-29 20:45:00,29.1,81.0167,984.0
2018-07-29 21:00:00,28.7833,82.9167,984.0
2018-07-29 21:15:00,28.3167,85.6167,984.0
2018-07-29 21:30:00,27.7,82.9833,984.0
2018-07-29 21:45:00,27.2,81.6167,984.0
2018-07-29 22:00:00,27.2,81.4333,985.0
2018-07-29 22:15:00,25.9333,88.8,985.0
2018-07-29 22:30:00,24.8333,95.1,985.0
2018-07-29 22:45:00,24.8,97.2167,985.0
2018-07-29 23:00:00,24.6,97.0,985.0
2018-07-29 23:15:00,24.6,97.1833,985.0
2018-07-29 23:30:00,24.5167,97.0167,985.0
2018-07-29 23:45:00,24.6,96.5167,985.0
2018-07-30 00:00:00,24.7333,96.9167,984.0
2018-07-30 00:15:00,24.8333,97.15,985.0
2018-07-30 00:30:00,24.8,96.9,984.0
2018-07-30 00:45:00,25.1167,96.0667,984.0
2018-07-30 01:00:00,25.1167,96.8,984.0
2018-07-30 01:15:00,25.05,96.6,984.0
2018-07-30 01:30:00,24.6,97.3,984.0
2018-07-30 01:45:00,24.5,97.3667,984.0
2018-07-30 02:00:00,24.7,97.3833,984.0
2018-07-30 02:15:00,24.7833,97.3,983.0
2018-07-30 02:30:00,24.65,97.6167,983.0
2018-07-30 02:45:00,24.7,97.6,983.0
2018-07-30 03:00:00,24.7,97.65,983.0
2018-07-30 03:15:00,24.7,97.8833,983.0
2018-07-30 03:30:00,24.9,98.1,983.0
2018-07-30 03:45:00,25.1,98.1167,983.0
2018-07-30 04:00:00,25.2,98.0,983.0
2018-07-30 04:15:00,25.0,97.95,983.0
2018-07-30 04:30:00,24.9,97.8,983.0
2018-07-30 04:45:00,24.9,97.7667,983.0
2018-07-30 05:00:00,24.9167,97.6333,983.0
2018-07-30 05:15:00,25.0,97.4833,983.0
2018-07-30 05:30:00,25.1,97.35,984.0
2018-07-30 05:45:00,25.0667,97.7,984.0
2018-07-30 06:00:00,25.0,97.8,984.0
2018-07-30 06:15:00,24.9333,97.7333,984.0
2018-07-30 06:30:00,24.9,97.5667,984.0
2018-07-30 06:45:00,25.0,97.5,984.0
2018-07-30 07:00:00,25.0833,97.3167,984.0
2018-07-30 07:15:00,25.1,97.6167,984.0
2018-07-30 07:30:00,25.1667,97.4333,984.0
2018-07-30 07:45:00,25.3333,96.3667,984.0
2018-07-30 08:00:00,25.7,95.25,984.0
2018-07-30 08:15:00,25.9,95.35,984.0
2018-07-30 08:30:00,26.1333,94.3667,984.0
2018-07-30 08:45:00,26.7167,92.4667,985.0
2018-07-30 09:00:00,26.8,90.1667,985.0
2018-07-30 09:15:00,26.8833,90.4167,985.0
2018-07-30 09:30:00,26.5,91.4833,985.0
2018-07-30 09:45:00,26.6,92.9833,985.0
2018-07-30 10:00:00,26.8,93.0,985.0
2018-07-30 10:15:00,26.0,92.3,985.0
2018-07-30 10:30:00,25.7333,92.5167,985.0
2018-07-30 10:45:00,26.1,91.9333,985.0
2018-07-30 11:00:00,26.1833,91.9833,985.0
2018-07-30 11:15:00,26.2,92.5667,985.0
2018-07-30 11:30:00,26.2667,92.0833,985.0
2018-07-30 11:45:00,26.2167,92.8,985.0
2018-07-30 12:00:00,26.4667,92.4333,985.0
2018-07-30 12:15:00,26.7333,91.7833,984.0
2018-07-30 12:30:00,26.3333,92.6167,984.0
2018-07-30 12:45:00,26.1,93.8,984.0
2018-07-30 13:00:00,25.9,95.0833,984.0
2018-07-30 13:15:00,25.9,95.7333,984.0
2018-07-30 13:30:00,25.8,96.4667,983.0
2018-07-30 13:45:00,25.55,98.0333,983.0
2018-07-30 14:00:00,25.5,97.5833,983.0
2018-07-30 14:15:00,25.5,97.45,983.0
2018-07-30 14:30:00,25.5,97.8333,983.0
2018-07-30 14:45:00,25.2,97.5,982.0
2018-07-30 15:00:00,25.45,97.8333,982.0
2018-07-30 15:15:00,25.3167,97.8167,982.0
2018-07-30 15:30:00,25.6,97.75,982.0
2018-07-30 15:45:00,25.5833,97.4333,982.0
2018-07-30 16:00:00,25.6833,97.45,982.0
2018-07-30 16:15:00,25.6,97.2833,982.0
2018-07-30 16:30:00,25.7,97.5333,982.0
2018-07-30 16:45:00,25.7833,97.2167,982.0
2018-07-30 17:00:00,25.8,97.2167,982.0
2018-07-30 17:15:00,25.8,97.0833,982.0
2018-07-30 17:30:00,25.8,97.6833,982.0
2018-07-30 17:45:00,25.8333,97.7,982.0
2018-07-30 18:00:00,25.7833,97.65,983.0
2018-07-30 18:15:00,25.7,97.4667,983.0
2018-07-30 18:30:00,25.5,97.25,983.0
2018-07-30 18:45:00,25.4,96.2667,983.0
2018-07-30 19:00:00,25.5,95.45,983.0
2018-07-30 19:15:00,25.5167,95.05,983.0
2018-07-30 19:30:00,25.35,95.0333,984.0
2018-07-30 19:45:00,25.4,94.95,984.0
2018-07-30 20:00:00,25.45,94.8833,984.0
2018-07-30 20:15:00,25.5833,94.7167,984.0
2018-07-30 20:30:00,25.65,94.7833,984.0
2018-07-30 20:45:00,25.8,94.8167,984.0
2018-07-30 21:00:00,26.0,94.7,984.0
2018-07-30 21:15:00,26.0833,95.1167,984.0
2018-07-30 21:30:00,26.2667,94.7667,985.0
2018-07-30 21:45:00,26.3,94.8833,985.0
2018-07-30 22:00:00,26.4833,94.5667,985.0
2018-07-30 22:15:00,26.5833,94.1167,985.0
2018-07-30 22:30:00,26.6667,93.8833,985.0
2018-07-30 22:45:00,26.7,93.55,985.0
2018-07-30 23:00:00,26.7167,92.8667,985.0
2018-07-30 23:15:00,27.0,91.6167,985.0
2018-07-30 23:30:00,27.0667,91.5667,985.0
2018-07-30 23:45:00,27.2833,90.3167,985.0
2018-07-31 00:00:00,27.0,92.3,985.0
2018-07-31 00:15:00,26.9,92.8667,984.0
2018-07-31 00:30:00,27.0,91.95,984.0
2018-07-31 00:45:00,27.1,91.5333,984.0
2018-07-31 01:00:00,27.1,91.2667,984.0
2018-07-31 01:15:00,27.0167,91.75,983.0
2018-07-31 01:30:00,27.1,90.7833,983.0
2018-07-31 01:45:00,26.6167,92.5333,983.0
2018-07-31 02:00:00,26.5167,92.6167,983.0
2018-07-31 02:15:00,26.4,93.1167,983.0
2018-07-31 02:30:00,26.55,92.6,982.0
2018-07-31 02:45:00,26.7,91.75,982.0
2018-07-31 03:00:00,26.9833,90.7167,982.0
2018-07-31 03:15:00,27.0167,90.2833,982.0
2018-07-31 03:30:00,26.9167,91.1333,982.0
2018-07-31 03:45:00,26.7,91.8833,982.0
2018-07-31 04:00:00,26.2333,93.3667,982.0
2018-07-31 04:15:00,26.1167,94.2833,982.0
2018-07-31 04:30:00,26.1333,93.5,982.0
2018-07-31 04:45:00,26.05,93.8333,982.0
2018-07-31 05:00:00,25.3333,94.5333,983.0
2018-07-31 05:15:00,25.1333,95.2333,982.0
2018-07-31 05:30:00,25.0167,96.2833,982.0
2018-07-31 05:45:00,24.9,96.6167,983.0
2018-07-31 06:00:00,24.9,97.2667,983.0
2018-07-31 06:15:00,24.8,97.5667,983.0
2018-07-31 06:30:00,24.7167,97.7167,983.0
2018-07-31 06:45:00,24.8,97.5667,983.0
2018-07-31 07:00:00,24.7,97.6667,983.0
2018-07-31 07:15:00,24.5,97.7,984.0
2018-07-31 07:30:00,24.4167,97.4,984.0
2018-07-31 07:45:00,24.0667,97.4833,984.0
2018-07-31 08:00:00,24.2833,97.0667,984.0
2018-07-31 08:15:00,24.3,97.3667,984.0
2018-07-31 08:30:00,24.3,97.5667,984.0
2018-07-31 08:45:00,24.2667,97.65,985.0
2018-07-31 09:00:00,24.3333,97.6833,985.0
2018-07-31 09:15:00,24.5,97.5667,985.0
2018-07-31 09:30:00,24.5,97.95,984.0
2018-07-31 09:45:00,24.6,97.9333,984.0
2018-07-31 10:00:00,24.8,97.8833,985.0
2018-07-31 10:15:00,24.85,97.8,985.0
2018-07-31 10:30:00,24.7333,97.5833,985.0
2018-07-31 10:45:00,24.7,97.3,985.0
2018-07-31 11:00:00,24.7,97.35,985.0
2018-07-31 11:15:00,24.8,97.2333,985.0
2018-07-31 11:30:00,24.8,96.9667,985.0
2018-07-31 11:45:00,24.95,97.15,985.0
2018-07-31 12:00:00,25.1167,97.5167,985.0
2018-07-31 12:15:00,25.2167,97.5667,985.0
2018-07-31 12:30:00,25.3,97.4667,985.0
2018-07-31 12:45:00,25.2333,97.3,985.0
2018-07-31 13:00:00,25.3,97.1667,985.0
2018-07-31 13:15:00,25.5333,97.15,984.0
2018-07-31 13:30:00,25.4667,96.3333,984.0
2018-07-31 13:45:00,25.5,96.7,984.0
2018-07-31 14:00:00,25.4,97.0333,984.0
2018-07-31 14:15:00,25.6333,96.5833,983.0
2018-07-31 14:30:00,25.7,95.4667,983.0
2018-07-31 14:45:00,26.1,92.5333,983.0
2018-07-31 15:00:00,26.1,91.0667,983.0
2018-07-31 15:15:00,26.3833,90.6667,983.0
2018-07-31 15:30:00,26.3667,90.2667,983.0
2018-07-31 15:45:00,26.4333,90.3167,983.0
2018-07-31 16:00:00,26.55,88.3833,983.0
2018-07-31 16:15:00,27.3,84.7333,982.0
2018-07-31 16:30:00,27.1667,83.7833,982.0
2018-07-31 16:45:00,27.2167,85.25,982.0
2018-07-31 17:00:00,27.3,85.5833,982.0
2018-07-31 17:15:00,27.0,85.9167,982.0
2018-07-31 17:30:00,26.8,87.1667,982.0
2018-07-31 17:45:00,26.5,88.5333,982.0
2018-07-31 18:00:00,26.3,90.4,982.0
2018-07-31 18:15:00,26.3167,90.4833,982.0
2018-07-31 18:30:00,26.4,90.4,982.0
2018-07-31 18:45:00,26.4,90.2,983.0
2018-07-31 19:00:00,26.4,89.9167,983.0
2018-07-31 19:15:00,26.5667,89.5833,983.0
2018-07-31 19:30:00,26.6,89.7,983.0
2018-07-31 19:45:00,26.6167,89.4833,984.0
2018-07-31 20:00:00,26.8,89.1,984.0
2018-07-31 20:15:00,26.9,89.0667,984.0
2018-07-31 20:30:00,27.0,88.9,984.0
2018-07-31 20:45:00,27.0,88.8,984.0
2018-07-31 21:00:00,27.1,88.7,984.0
2018-07-31 21:15:00,27.1,89.2667,984.0
2018-07-31 21:30:00,27.3,88.8833,985.0
2018-07-31 21:45:00,27.2,88.7833,984.0
2018-07-31 22:00:00,27.35,88.4833,985.0
2018-07-31 22:15:00,27.2,88.9,985.0
2018-07-31 22:30:00,27.15,89.05,985.0
2018-07-31 22:45:00,27.1,89.2833,985.0
2018-07-31 23:00:00,26.9833,90.0833,985.0
2018-07-31 23:15:00,26.7167,91.4667,984.0
2018-07-31 23:30:00,26.6833,91.4667,984.0
2018-07-31 23:45:00,26.7,90.4,984.0
2018-08-01 00:00:00,26.7667,91.1333,984.0
2018-08-01 00:15:00,26.6,92.2,984.0
2018-08-01 00:30:00,26.6167,92.0333,984.0
2018-08-01 00:45:00,26.55,90.5333,984.0
2018-08-01 01:00:00,26.4,91.3833,983.0
2018-08-01 01:15:00,26.2,88.8,983.0
2018-08-01 01:30:00,26.0,83.4667,983.0
2018-08-01 01:45:00,26.2667,82.45,983.0
2018-08-01 02:00:00,26.0,87.1,983.0
2018-08-01 02:15:00,26.5333,87.95,983.0
2018-08-01 02:30:00,26.9,87.25,983.0
2018-08-01 02:45:00,26.1,88.85,983.0
2018-08-01 03:00:00,,,
2018-08-01 03:15:00,,,
2018-08-01 03:30:00,,,
2018-08-01 03:45:00,,,
2018-08-01 04:00:00,,,
2018-08-01 04:15:00,,,
2018-08-01 04:30:00,26.1,90.0333,982.0
2018-08-01 04:45:00,26.0,90.6,983.0
2018-08-01 05:00:00,26.2167,90.4,983.0
2018-08-01 05:15:00,26.3,90.3167,983.0
2018-08-01 05:30:00,26.4,86.0333,983.0
2018-08-01 05:45:00,26.4,85.7333,983.0
2018-08-01 06:00:00,26.3,86.6667,983.0
2018-08-01 06:15:00,26.1,87.6,983.0
2018-08-01 06:30:00,25.8833,88.1833,983.0
2018-08-01 06:45:00,25.75,89.5167,984.0
2018-08-01 07:00:00,25.6,90.6333,984.0
2018-08-01 07:15:00,25.6,91.2833,985.0
2018-08-01 07:30:00,25.3,91.6167,985.0
2018-08-01 07:45:00,25.4,92.5333,985.0
2018-08-01 08:00:00,25.5333,92.5333,985.0
2018-08-01 08:15:00,25.6,92.35,985.0
2018-08-01 08:30:00,25.7,92.3833,985.0
2018-08-01 08:45:00,25.5,93.6833,986.0
2018-08-01 09:00:00,25.4,93.85,986.0
2018-08-01 09:15:00,25.3667,93.8667,986.0
2018-08-01 09:30:00,25.6,93.0333,986.0
2018-08-01 09:45:00,25.85,91.6167,986.0
2018-08-01 10:00:00,25.8333,91.6333,986.0
2018-08-01 10:15:00,26.0,91.8667,986.0
2018-08-01 10:30:00,25.85,92.4667,986.0
2018-08-01 10:45:00,25.8,92.9,986.0
2018-08-01 11:00:00,25.9,92.9333,986.0
2018-08-01 11:15:00,26.2,92.25,986.0
2018-08-01 11:30:00,26.2167,92.2833,986.0
2018-08-01 11:45:00,26.1,91.0167,986.0
2018-08-01 12:00:00,26.3,91.45,986.0
2018-08-01 12:15:00,26.3167,91.3667,986.0
2018-08-01 12:30:00,26.1,91.9833,986.0
2018-08-01 12:45:00,26.2167,91.2833,985.0
2018-08-01 13:00:00,26.35,92.2,985.0
2018-08-01 13:15:00,26.2,92.55,985.0
2018-08-01 13:30:00,26.4,91.75,985.0
2018-08-01 13:45:00,26.7,91.5167,985.0
2018-08-01 14:00:00,26.9,90.0833,984.0
2018-08-01 14:15:00,26.9,90.0,984.0
2018-08-01 14:30:00,27.05,89.6833,984.0
2018-08-01 14:45:00,27.1333,88.7,984.0
2018-08-01 15:00:00,27.3,87.75,984.0
2018-08-01 15:15:00,27.65,87.6333,984.0
2018-08-01 15:30:00,27.95,85.5667,983.0
2018-08-01 15:45:00,28.2667,84.4667,983.0
2018-08-01 16:00:00,28.6,84.2333,983.0
2018-08-01 16:15:00,28.9,83.7167,983.0
2018-08-01 16:30:00,28.9,83.1,983.0
2018-08-01 16:45:00,28.6833,82.8333,983.0
2018-08-01 17:00:00,29.1667,82.4667,983.0
2018-08-01 17:15:00,29.1667,81.9667,983.0
2018-08-01 17:30:00,29.1167,82.8167,983.0
2018-08-01 17:45:00,28.9667,83.9833,983.0
2018-08-01 18:00:00,28.8,84.4333,983.0
2018-08-01 18:15:00,28.7,84.4667,984.0
2018-08-01 18:30:00,28.6,85.4167,984.0
2018-08-01 18:45:00,28.4,86.85,984.0
2018-08-01 19:00:00,28.0667,88.5,984.0
2018-08-01 19:15:00,27.7,90.3,984.0
2018-08-01 19:30:00,27.5,90.6,984.0
2018-08-01 19:45:00,27.6,90.55,984.0
2018-08-01 20:00:00,27.6,90.25,984.0
2018-08-01 20:15:00,27.4833,91.1,985.0
2018-08-01 20:30:00,27.6,91.1,985.0
2018-08-01 20:45:00,27.5,91.55,985.0
2018-08-01 21:00:00,27.6,91.15,985.0
2018-08-01 21:15:00,27.6,91.0,985.0
2018-08-01 21:30:00,27.4,92.1167,985.0
2018-08-01 21:45:00,27.3667,92.2167,985.0
2018-08-01 22:00:00,27.6,91.4,985.0
2018-08-01 22:15:00,27.6833,90.9333,985.0
2018-08-01 22:30:00,27.2,92.1667,985.0
2018-08-01 22:45:00,27.4,91.9833,985.0
2018-08-01 23:00:00,27.4167,92.6167,985.0
2018-08-01 23:15:00,27.3,93.2333,985.0
2018-08-01 23:30:00,27.1,94.6667,985.0
2018-08-01 23:45:00,24.0167,91.65,986.0
2018-08-02 00:00:00,23.4,95.4167,986.0
2018-08-02 00:15:00,22.9833,96.6,986.0
2018-08-02 00:30:00,23.2,97.1167,985.0
2018-08-02 00:45:00,23.3,96.75,985.0
2018-08-02 01:00:00,23.5,96.6833,985.0
2018-08-02 01:15:00,23.9,96.5833,985.0
2018-08-02 01:30:00,24.4,97.1,985.0
2018-08-02 01:45:00,24.2,98.2833,985.0
2018-08-02 02:00:00,23.9,98.1833,986.0
2018-08-02 02:15:00,23.9667,97.4667,985.0
2018-08-02 02:30:00,23.7,96.85,985.0
2018-08-02 02:45:00,24.0,96.1167,985.0
2018-08-02 03:00:00,24.4,95.5167,984.0
2018-08-02 03:15:00,24.3833,96.0167,984.0
2018-08-02 03:30:00,24.4,96.55,984.0
2018-08-02 03:45:00,24.5333,95.9667,984.0
2018-08-02 04:00:00,24.1833,96.6667,985.0
2018-08-02 04:15:00,24.0,96.3,985.0
2018-08-02 04:30:00,24.0,96.2333,985.0
2018-08-02 04:45:00,24.1667,96.1833,985.0
2018-08-02 05:00:00,24.2833,95.9167,985.0
2018-08-02 05:15:00,24.3,95.9833,985.0
2018-08-02 05:30:00,25.0,93.8667,985.0
2018-08-02 05:45:00,25.1667,94.4667,985.0
2018-08-02 06:00:00,25.1,95.9,985.0
2018-08-02 06:15:00,25.1667,96.15,985.0
2018-08-02 06:30:00,25.1667,96.3167,986.0
2018-08-02 06:45:00,25.3667,95.85,986.0
2018-08-02 07:00:00,25.1,95.8167,986.0
2018-08-02 07:15:00,25.4333,97.4333,986.0
2018-08-02 07:30:00,25.4833,95.6,986.0
2018-08-02 07:45:00,25.5333,95.7833,986.0
2018-08-02 08:00:00,25.5,95.7833,986.0
2018-08-02 08:15:00,25.5167,95.3167,986.0
2018-08-02 08:30:00,25.9667,94.1167,987.0
2018-08-02 08:45:00,26.0,93.2667,987.0
2018-08-02 09:00:00,26.1167,92.8167,987.0
2018-08-02 09:15:00,26.55,91.9333,987.0
2018-08-02 09:30:00,26.5833,90.7667,987.0
2018-08-02 09:45:00,26.8,89.7167,987.0
2018-08-02 10:00:00,27.0,89.15,987.0
2018-08-02 10:15:00,27.1333,88.3833,987.0
2018-08-02 10:30:00,27.3833,86.4333,987.0
2018-08-02 10:45:00,27.3,86.2667,988.0
2018-08-02 11:00:00,27.6,85.55,988.0
2018-08-02 11:15:00,27.9167,83.1833,988.0
2018-08-02 11:30:00,27.6833,84.5167,988.0
2018-08-02 11:45:00,28.0,84.3167,988.0
2018-08-02 12:00:00,28.1,84.8333,987.0
2018-08-02 12:15:00,,,
2018-08-02 12:30:00,28.4,83.1833,987.0
2018-08-02 12:45:00,28.5833,83.4333,987.0
2018-08-02 13:00:00,28.5167,82.9667,987.0
2018-08-02 13:15:00,28.6167,80.65,986.0
2018-08-02 13:30:00,28.9667,80.2667,986.0
2018-08-02 13:45:00,28.9,79.9,986.0
2018-08-02 14:00:00,29.0833,80.0,986.0
2018-08-02 14:15:00,29.3667,80.5833,986.0
2018-08-02 14:30:00,29.6,79.3667,986.0
2018-08-02 14:45:00,29.6667,78.9,986.0
2018-08-02 15:00:00,30.0333,78.2333,986.0
2018-08-02 15:15:00,30.2,79.1667,986.0
2018-08-02 15:30:00,29.9,78.85,986.0
2018-08-02 15:45:00,30.1,78.6833,985.0
2018-08-02 16:00:00,30.0,76.4333,985.0
2018-08-02 16:15:00,29.9,75.95,985.0
2018-08-02 16:30:00,29.9333,76.9333,985.0
2018-08-02 16:45:00,30.0667,78.2667,985.0
2018-08-02 17:00:00,30.0,78.2167,985.0
2018-08-02 17:15:00,30.1,78.9333,985.0
2018-08-02 17:30:00,30.0333,79.8667,985.0
2018-08-02 17:45:00,30.0,80.4667,985.0
2018-08-02 18:00:00,29.7667,84.85,985.0
2018-08-02 18:15:00,29.4,85.7,985.0
2018-08-02 18:30:00,29.2833,86.2833,985.0
2018-08-02 18:45:00,29.1,88.05,985.0
2018-08-02 19:00:00,28.9,88.4,986.0
2018-08-02 19:15:00,28.8,88.1333,986.0
2018-08-02 19:30:00,28.9,87.7,986.0
2018-08-02 19:45:00,28.9,88.6,986.0
2018-08-02 20:00:00,28.8,89.5,986.0
2018-08-02 20:15:00,28.7,89.6,986.0
2018-08-02 20:30:00,28.6,89.7333,986.0
2018-08-02 20:45:00,28.7,89.6333,986.0
2018-08-02 21:00:00,28.7,89.6,986.0
2018-08-02 21:15:00,28.7,89.3,986.0
2018-08-02 21:30:00,28.7,89.9333,986.0
2018-08-02 21:45:00,28.7,90.15,987.0
2018-08-02 22:00:00,28.8,89.9,987.0
2018-08-02 22:15:00,28.8,89.85,987.0
2018-08-02 22:30:00,28.9,89.4333,987.0
2018-08-02 22:45:00,28.9667,89.1333,986.0
2018-08-02 23:00:00,28.9,88.6833,986.0
2018-08-02 23:15:00,28.95,88.0667,986.0
2018-08-02 23:30:00,29.0,87.5,986.0
2018-08-02 23:45:00,29.1,86.5667,986.0
2018-08-03 00:00:00,28.9,87.0667,986.0
2018-08-03 00:15:00,28.9,86.3,986.0
2018-08-03 00:30:00,28.85,84.8333,986.0
2018-08-03 00:45:00,29.0,83.25,986.0
2018-08-03 01:00:00,28.9,81.7833,985.0
2018-08-03 01:15:00,28.9,80.65,985.0
2018-08-03 01:30:00,28.8,81.25,985.0
2018-08-03 01:45:00,28.7333,81.8,985.0
2018-08-03 02:00:00,28.8,81.4333,985.0
2018-08-03 02:15:00,28.5167,83.4,986.0
2018-08-03 02:30:00,27.9,87.3333,986.0
2018-08-03 02:45:00,26.3,87.6167,986.0
2018-08-03 03:00:00,25.8,89.8,986.0
2018-08-03 03:15:00,25.4,91.1167,986.0
2018-08-03 03:30:00,25.2,92.3167,986.0
2018-08-03 03:45:00,25.3,92.2333,986.0
2018-08-03 04:00:00,25.2,92.7333,986.0
2018-08-03 04:15:00,25.2,93.7167,986.0
2018-08-03 04:30:00,25.2,93.0167,986.0
2018-08-03 04:45:00,25.2667,93.4167,986.0
2018-08-03 05:00:00,25.6,92.0167,986.0
2018-08-03 05:15:00,25.6333,90.5,986.0
2018-08-03 05:30:00,25.8,89.9167,986.0
2018-08-03 05:45:00,25.8,90.1667,986.0
2018-08-03 06:00:00,25.8,89.4333,987.0
2018-08-03 06:15:00,25.7833,90.0167,986.0
2018-08-03 06:30:00,25.8,89.95,987.0
2018-08-03 06:45:00,25.8,90.4333,987.0
2018-08-03 07:00:00,25.7,90.7333,987.0
2018-08-03 07:15:00,25.8,90.3667,987.0
2018-08-03 07:30:00,25.6,91.4,987.0
2018-08-03 07:45:00,25.7,90.95,988.0
2018-08-03 08:00:00,25.8333,90.65,988.0
2018-08-03 08:15:00,25.6,92.2667,988.0
2018-08-03 08:30:00,25.6,92.7,988.0
2018-08-03 08:45:00,25.6667,92.1,989.0
2018-08-03 09:00:00,25.8,91.6,989.0
2018-08-03 09:15:00,25.9667,91.4333,989.0
2018-08-03 09:30:00,26.1,91.3667,989.0
2018-08-03 09:45:00,26.0,91.6333,989.0
2018-08-03 10:00:00,25.9,92.5667,989.0
2018-08-03 10:15:00,25.9,91.35,989.0
2018-08-03 10:30:00,25.8,92.4167,989.0
2018-08-03 10:45:00,25.8,93.2667,989.0
2018-08-03 11:00:00,25.7667,93.35,989.0
2018-08-03 11:15:00,25.9333,93.2,988.0
2018-08-03 11:30:00,,,988.0
2018-08-03 11:45:00,26.1,93.6667,988.0
2018-08-03 12:00:00,26.2,93.4167,988.0
2018-08-03 12:15:00,26.0167,93.35,987.0
2018-08-03 12:30:00,26.2833,92.6667,987.0
2018-08-03 12:45:00,26.3,91.8833,987.0
2018-08-03 13:00:00,26.6,91.7833,987.0
2018-08-03 13:15:00,26.7833,90.7667,987.0
2018-08-03 13:30:00,27.0833,89.9833,987.0
2018-08-03 13:45:00,27.25,90.0167,986.0
2018-08-03 14:00:00,27.45,89.0833,986.0
2018-08-03 14:15:00,27.5,88.5,986.0
2018-08-03 14:30:00,27.9667,88.2,986.0
2018-08-03 14:45:00,28.2,87.4,986.0
2018-08-03 15:00:00,28.1,88.0667,986.0
2018-08-03 15:15:00,28.3833,87.55,986.0
2018-08-03 15:30:00,28.4,86.9833,986.0
2018-08-03 15:45:00,28.4,86.7833,986.0
2018-08-03 16:00:00,28.5,87.0333,986.0
2018-08-03 16:15:00,28.5833,86.55,985.0
2018-08-03 16:30:00,28.7,86.6167,985.0
2018-08-03 16:45:00,28.7,86.95,985.0
2018-08-03 17:00:00,28.75,87.65,985.0
2018-08-03 17:15:00,28.8167,87.3,985.0
2018-08-03 17:30:00,28.5,86.5333,985.0
2018-08-03 17:45:00,28.6667,85.1833,985.0
2018-08-03 18:00:00,28.6833,85.5333,985.0
2018-08-03 18:15:00,28.5667,85.85,985.0
2018-08-03 18:30:00,28.4167,86.3833,985.0
2018-08-03 18:45:00,28.4,86.75,985.0
2018-08-03 19:00:00,28.3667,86.5333,985.0
2018-08-03 19:15:00,28.5,85.9833,985.0
2018-08-03 19:30:00,28.6,86.0,986.0
2018-08-03 19:45:00,28.6,85.4333,986.0
2018-08-03 20:00:00,28.6,85.6667,986.0
2018-08-03 20:15:00,28.5667,85.8333,986.0
2018-08-03 20:30:00,28.4,87.0667,986.0
2018-08-03 20:45:00,28.3167,87.7167,986.0
2018-08-03 21:00:00,28.3,88.15,986.0
2018-08-03 21:15:00,28.2,89.65,987.0
2018-08-03 21:30:00,28.2,90.5333,987.0
2018-08-03 21:45:00,28.1,90.7,987.0
2018-08-03 22:00:00,28.1,90.2,987.0
2018-08-03 22:15:00,28.1,89.65,987.0
2018-08-03 22:30:00,28.1,89.2667,987.0
2018-08-03 22:45:00,28.05,88.7,987.0
2018-08-03 23:00:00,28.0,88.35,987.0
2018-08-03 23:15:00,,,
2018-08-03 23:30:00,28.0,87.4,986.0
2018-08-03 23:45:00,27.9,86.4833,986.0
2018-08-04 00:00:00,28.0,84.8833,986.0
2018-08-04 00:15:00,28.05,84.1333,986.0
2018-08-04 00:30:00,28.1,83.3167,986.0
2018-08-04 00:45:00,28.1,82.6,985.0
2018-08-04 01:00:00,28.1,82.25,985.0
2018-08-04 01:15:00,28.0667,82.1,985.0
2018-08-04 01:30:00,27.9,82.8667,985.0
2018-08-04 01:45:00,27.9,83.1,985.0
2018-08-04 02:00:00,28.0,82.8167,985.0
2018-08-04 02:15:00,28.0333,82.5167,985.0
2018-08-04 02:30:00,27.95,82.9167,985.0
2018-08-04 02:45:00,27.9,82.7833,985.0
2018-08-04 03:00:00,27.9,82.85,985.0
2018-08-04 03:15:00,28.0,82.0833,985.0
2018-08-04 03:30:00,28.1,81.7333,985.0
2018-08-04 03:45:00,28.0667,82.9,985.0
2018-08-04 04:00:00,27.1,88.9167,986.0
2018-08-04 04:15:00,26.9,90.7333,986.0
2018-08-04 04:30:00,27.1,89.6833,986.0
2018-08-04 04:45:00,27.0667,90.2,986.0
2018-08-04 05:00:00,27.1,90.3833,986.0
2018-08-04 05:15:00,27.0,90.7,986.0
2018-08-04 05:30:00,26.9667,91.2833,986.0
2018-08-04 05:45:00,27.0,91.2,986.0
2018-08-04 06:00:00,26.7,92.3667,986.0
2018-08-04 06:15:00,26.7,91.9167,986.0
2018-08-04 06:30:00,26.9,91.1333,986.0
2018-08-04 06:45:00,26.9833,90.4,986.0
2018-08-04 07:00:00,26.8333,88.8833,986.0
2018-08-04 07:15:00,27.1833,86.8,987.0
2018-08-04 07:30:00,27.4333,85.0167,987.0
2018-08-04 07:45:00,27.7,85.0,987.0
2018-08-04 08:00:00,28.0,85.1167,987.0
2018-08-04 08:15:00,28.35,83.3333,987.0
2018-08-04 08:30:00,28.65,82.0333,987.0
2018-08-04 08:45:00,28.8,81.1667,987.0
2018-08-04 09:00:00,28.8,80.3333,988.0
2018-08-04 09:15:00,29.3,78.8833,988.0
2018-08-04 09:30:00,29.6,76.05,988.0
2018-08-04 09:45:00,29.55,74.8,988.0
2018-08-04 10:00:00,29.9333,71.9,988.0
2018-08-04 10:15:00,29.9833,72.3333,988.0
2018-08-04 10:30:00,29.9667,72.0,988.0
2018-08-04 10:45:00,30.2,73.0333,988.0
2018-08-04 11:00:00,30.7,68.3667,988.0
2018-08-04 11:15:00,30.7,69.55,988.0
2018-08-04 11:30:00,30.5,69.9,987.0
2018-08-04 11:45:00,30.5833,69.3,988.0
2018-08-04 12:00:00,31.2667,67.2667,987.0
2018-08-04 12:15:00,31.65,64.9167,987.0
2018-08-04 12:30:00,32.1,64.9167,987.0
2018-08-04 12:45:00,31.9,63.9333,987.0
2018-08-04 13:00:00,32.1833,63.8667,987.0
2018-08-04 13:15:00,32.75,62.9167,986.0
2018-08-04 13:30:00,32.2667,63.65,986.0
2018-08-04 13:45:00,32.9,64.6,986.0
2018-08-04 14:00:00,33.05,63.8333,986.0
2018-08-04 14:15:00,32.2,65.3667,986.0
2018-08-04 14:30:00,32.05,65.1,985.0
2018-08-04 14:45:00,33.3833,62.7,985.0
2018-08-04 15:00:00,33.1667,61.5167,985.0
2018-08-04 15:15:00,33.1333,62.5667,985.0
2018-08-04 15:30:00,33.1,64.25,985.0
2018-08-04 15:45:00,33.1667,62.0167,985.0
2018-08-04 16:00:00,33.2167,62.8167,985.0
2018-08-04 16:15:00,33.3,62.7,985.0
2018-08-04 16:30:00,32.8,63.45,984.0
2018-08-04 16:45:00,32.5,63.8167,984.0
2018-08-04 17:00:00,32.6167,67.3167,984.0
2018-08-04 17:15:00,32.3167,66.4833,984.0
2018-08-04 17:30:00,32.1833,68.0667,984.0
2018-08-04 17:45:00,32.1,67.7333,984.0
2018-08-04 18:00:00,32.1,67.3667,985.0
2018-08-04 18:15:00,32.0667,69.5833,985.0
2018-08-04 18:30:00,31.8,71.2667,985.0
2018-08-04 18:45:00,31.4,77.6833,985.0
2018-08-04 19:00:00,30.9,80.8833,985.0
2018-08-04 19:15:00,31.0,76.9667,985.0
2018-08-04 19:30:00,31.1,76.4833,986.0
2018-08-04 19:45:00,31.0,77.1833,986.0
2018-08-04 20:00:00,31.0,77.8667,986.0
2018-08-04 20:15:00,30.8,79.7333,986.0
2018-08-04 20:30:00,30.7,79.8167,986.0
2018-08-04 20:45:00,30.7,79.8833,986.0
2018-08-04 21:00:00,30.4333,80.7,986.0
2018-08-04 21:15:00,30.3333,81.0167,986.0
2018-08-04 21:30:00,30.2,82.1,986.0
2018-08-04 21:45:00,30.0167,81.7167,986.0
2018-08-04 22:00:00,30.0,81.5667,986.0
2018-08-04 22:15:00,30.0,81.6833,986.0
2018-08-04 22:30:00,29.9,82.1,987.0
2018-08-04 22:45:00,29.8,82.3,987.0
2018-08-04 23:00:00,29.7167,82.25,987.0
2018-08-04 23:15:00,29.7,82.0,986.0
2018-08-04 23:30:00,,,986.0
2018-08-04 23:45:00,29.6667,81.9,986.0
2018-08-05 00:00:00,29.6,81.8667,986.0
2018-08-05 00:15:00,29.45,81.7167,986.0
2018-08-05 00:30:00,29.5,81.7,986.0
2018-08-05 00:45:00,29.4333,81.3667,986.0
2018-08-05 01:00:00,29.4,81.1,986.0
2018-08-05 01:15:00,29.3667,81.7333,986.0
2018-08-05 01:30:00,29.2,82.3833,985.0
2018-08-05 01:45:00,29.1,82.8667,985.0
2018-08-05 02:00:00,29.0,83.1333,985.0
2018-08-05 02:15:00,28.9,83.5,985.0
2018-08-05 02:30:00,28.8,83.25,985.0
2018-08-05 02:45:00,28.8,83.1333,985.0
2018-08-05 03:00:00,28.7,83.2,985.0
2018-08-05 03:15:00,28.75,83.35,985.0
2018-08-05 03:30:00,28.7,83.6833,985.0
2018-08-05 03:45:00,28.55,83.5833,985.0
2018-08-05 04:00:00,28.6,83.2,985.0
2018-08-05 04:15:00,28.6333,82.3,985.0
2018-08-05 04:30:00,28.7167,81.95,985.0
2018-08-05 04:45:00,28.6,82.7833,985.0
2018-08-05 05:00:00,28.5,82.5667,985.0
2018-08-05 05:15:00,28.5,82.6333,985.0
2018-08-05 05:30:00,28.4,82.95,985.0
2018-08-05 05:45:00,28.45,82.85,985.0
2018-08-05 06:00:00,28.4,83.0667,985.0
2018-08-05 06:15:00,28.4,83.3833,986.0
2018-08-05 06:30:00,28.5,83.3667,986.0
2018-08-05 06:45:00,28.5333,83.1333,986.0
2018-08-05 07:00:00,28.5,83.5667,986.0
2018-08-05 07:15:00,28.6,84.3667,986.0
2018-08-05 07:30:00,28.5,85.1,986.0
2018-08-05 07:45:00,28.5333,84.55,987.0
2018-08-05 08:00:00,28.6,83.7833,987.0
2018-08-05 08:15:00,28.7,81.3833,987.0
2018-08-05 08:30:00,28.9,80.8,987.0
2018-08-05 08:45:00,28.95,79.3667,988.0
2018-08-05 09:00:00,29.1,78.55,988.0
2018-08-05 09:15:00,29.2,78.7,988.0
2018-08-05 09:30:00,29.4,77.4,988.0
2018-08-05 09:45:00,29.7,77.65,988.0
2018-08-05 10:00:00,29.6333,76.25,989.0
2018-08-05 10:15:00,30.1,74.8833,988.0
2018-08-05 10:30:00,30.5333,71.8667,988.0
2018-08-05 10:45:00,30.3667,72.6667,989.0
2018-08-05 11:00:00,30.6833,71.1667,988.0
2018-08-05 11:15:00,30.95,68.1167,988.0
2018-08-05 11:30:00,31.0,71.0,988.0
2018-08-05 11:45:00,30.7167,72.2167,988.0
2018-08-05 12:00:00,30.7,70.1833,988.0
2018-08-05 12:15:00,30.8167,70.5167,988.0
2018-08-05 12:30:00,31.15,69.5667,988.0
2018-08-05 12:45:00,31.2833,70.1167,988.0
2018-08-05 13:00:00,30.9,69.7167,988.0
2018-08-05 13:15:00,30.8,70.1667,987.0
2018-08-05 13:30:00,30.4167,70.4167,987.0
2018-08-05 13:45:00,30.6667,70.2833,987.0
2018-08-05 14:00:00,30.7,70.5667,987.0
2018-08-05 14:15:00,30.4833,72.3333,987.0
2018-08-05 14:30:00,30.45,70.7833,987.0
2018-08-05 14:45:00,30.4,73.2167,987.0
2018-08-05 15:00:00,30.05,74.05,987.0
2018-08-05 15:15:00,29.85,76.5833,987.0
2018-08-05 15:30:00,29.7,76.05,987.0
2018-08-05 15:45:00,29.7,76.2833,987.0
2018-08-05 16:00:00,29.9,74.6,987.0
2018-08-05 16:15:00,30.1,73.25,986.0
2018-08-05 16:30:00,29.9333,73.9833,986.0
2018-08-05 16:45:00,29.6833,75.85,986.0
2018-08-05 17:00:00,29.6333,77.6667,986.0
2018-08-05 17:15:00,29.7,78.2667,986.0
2018-08-05 17:30:00,29.8667,78.1667,986.0
2018-08-05 17:45:00,29.5667,78.5,986.0
2018-08-05 18:00:00,29.4,79.2167,986.0
2018-08-05 18:15:00,29.4,79.2833,986.0
2018-08-05 18:30:00,28.95,81.3667,986.0
2018-08-05 18:45:00,28.9,81.2167,986.0
2018-08-05 19:00:00,28.8,82.0,987.0
2018-08-05 19:15:00,28.7,82.65,987.0
2018-08-05 19:30:00,28.5,85.25,987.0
2018-08-05 19:45:00,28.4,87.3667,987.0
2018-08-05 20:00:00,28.3167,87.5333,987.0
2018-08-05 20:15:00,28.1333,87.6833,987.0
2018-08-05 20:30:00,28.0,87.4333,987.0
2018-08-05 20:45:00,27.9833,87.3167,987.0
2018-08-05 21:00:00,28.0167,87.2833,987.0
2018-08-05 21:15:00,27.9,88.5,987.0
2018-08-05 21:30:00,28.0,87.35,987.0
2018-08-05 21:45:00,28.1,87.1833,987.0
2018-08-05 22:00:00,27.8,89.5833,987.0
2018-08-05 22:15:00,27.9,89.0333,987.0
2018-08-05 22:30:00,27.9,89.3833,987.0
2018-08-05 22:45:00,27.8,89.5833,987.0
2018-08-05 23:00:00,27.8,89.5,987.0
2018-08-05 23:15:00,27.9,90.1667,987.0
2018-08-05 23:30:00,27.8,90.3,987.0
2018-08-05 23:45:00,28.0,89.4667,987.0
2018-08-06 00:00:00,27.8,90.1833,987.0
2018-08-06 00:15:00,27.7,90.7167,986.0
2018-08-06 00:30:00,27.8,89.9667,986.0
2018-08-06 00:45:00,27.8167,90.0,986.0
2018-08-06 01:00:00,27.8,90.1333,986.0
2018-08-06 01:15:00,27.9,90.3667,986.0
2018-08-06 01:30:00,27.9,90.7167,986.0
2018-08-06 01:45:00,27.7,91.2167,985.0
2018-08-06 02:00:00,27.8,91.6,985.0
2018-08-06 02:15:00,27.8167,91.6,985.0
2018-08-06 02:30:00,27.8,91.7167,985.0
2018-08-06 02:45:00,27.7,91.7,985.0
2018-08-06 03:00:00,27.7,91.7,985.0
2018-08-06 03:15:00,27.9,91.4333,985.0
2018-08-06 03:30:00,27.8,91.5,985.0
2018-08-06 03:45:00,27.8,91.0333,985.0
2018-08-06 04:00:00,27.7,90.4,985.0
2018-08-06 04:15:00,27.7,90.3333,985.0
2018-08-06 04:30:00,27.6,90.4,985.0
2018-08-06 04:45:00,27.5667,90.8,985.0
2018-08-06 05:00:00,27.6,90.35,985.0
2018-08-06 05:15:00,27.7,90.3833,985.0
2018-08-06 05:30:00,27.7,90.2333,985.0
2018-08-06 05:45:00,27.6,90.0833,985.0
2018-08-06 06:00:00,27.5,90.3333,985.0
2018-08-06 06:15:00,27.4,90.4667,985.0
2018-08-06 06:30:00,27.7,90.6,986.0
2018-08-06 06:45:00,28.1167,90.6833,986.0
2018-08-06 07:00:00,28.75,88.05,986.0
2018-08-06 07:15:00,29.5833,83.7667,986.0
2018-08-06 07:30:00,29.8,80.1333,986.0
2018-08-06 07:45:00,30.5333,75.9667,986.0
2018-08-06 08:00:00,30.85,73.95,986.0
2018-08-06 08:15:00,31.2333,72.6167,987.0
2018-08-06 08:30:00,31.1833,71.2833,987.0
2018-08-06 08:45:00,31.7,70.0,987.0
2018-08-06 09:00:00,32.1333,67.0667,987.0
2018-08-06 09:15:00,32.3333,65.5833,987.0
2018-08-06 09:30:00,32.75,61.4,987.0
2018-08-06 09:45:00,32.8167,62.2833,987.0
2018-08-06 10:00:00,33.2667,62.0667,987.0
2018-08-06 10:15:00,33.15,63.2333,987.0
2018-08-06 10:30:00,33.6833,60.4,987.0
2018-08-06 10:45:00,32.7833,62.1167,987.0
2018-08-06 11:00:00,33.55,60.7,987.0
2018-08-06 11:15:00,33.6167,57.5667,987.0
2018-08-06 11:30:00,33.7,56.8,987.0
2018-08-06 11:45:00,34.3333,56.1667,987.0
2018-08-06 12:00:00,34.2333,56.4667,987.0
2018-08-06 12:15:00,34.4333,54.9,986.0
2018-08-06 12:30:00,33.8,57.6667,986.0
2018-08-06 12:45:00,34.6167,55.6,986.0
2018-08-06 13:00:00,33.95,56.0667,986.0
2018-08-06 13:15:00,34.9833,52.9667,986.0
2018-08-06 13:30:00,34.9667,53.7667,985.0
2018-08-06 13:45:00,35.25,54.2667,985.0
2018-08-06 14:00:00,33.9667,59.8833,985.0
2018-08-06 14:15:00,34.85,54.1833,984.0
2018-08-06 14:30:00,32.8167,61.8167,984.0
2018-08-06 14:45:00,30.9667,67.75,984.0
2018-08-06 15:00:00,31.3,67.4167,984.0
2018-08-06 15:15:00,31.75,65.7667,984.0
2018-08-06 15:30:00,31.9667,65.6333,984.0
2018-08-06 15:45:00,31.65,68.8667,984.0
2018-08-06 16:00:00,31.3,68.7833,983.0
2018-08-06 16:15:00,31.75,69.5833,983.0
2018-08-06 16:30:00,31.7,67.6167,983.0
2018-08-06 16:45:00,31.0667,69.2167,983.0
2018-08-06 17:00:00,31.0,70.45,983.0
2018-08-06 17:15:00,31.25,70.1333,984.0
2018-08-06 17:30:00,31.0167,68.4667,984.0
2018-08-06 17:45:00,30.9667,68.0,984.0
2018-08-06 18:00:00,30.5,71.65,984.0
2018-08-06 18:15:00,30.3,73.5333,984.0
2018-08-06 18:30:00,30.4,73.8167,985.0
2018-08-06 18:45:00,30.35,75.6833,985.0
2018-08-06 19:00:00,29.8,76.75,985.0
2018-08-06 19:15:00,29.6333,77.9833,985.0
2018-08-06 19:30:00,29.6,79.4,985.0
2018-08-06 19:45:00,29.5,80.5667,985.0
2018-08-06 20:00:00,29.4333,81.5,985.0
2018-08-06 20:15:00,29.3,82.2,985.0
2018-08-06 20:30:00,29.4,82.5333,985.0
2018-08-06 20:45:00,29.2,84.5,985.0
2018-08-06 21:00:00,29.0,83.7333,986.0
2018-08-06 21:15:00,29.0,84.2667,986.0
2018-08-06 21:30:00,29.0,85.4833,986.0
2018-08-06 21:45:00,29.0,84.4167,986.0
2018-08-06 22:00:00,28.8667,84.4833,986.0
2018-08-06 22:15:00,29.0,84.7667,986.0
2018-08-06 22:30:00,28.9667,85.5667,986.0
2018-08-06 22:45:00,28.8167,86.4333,986.0
2018-08-06 23:00:00,28.5333,86.8833,986.0
2018-08-06 23:15:00,28.7,87.65,986.0
2018-08-06 23:30:00,28.7,87.1,986.0
2018-08-06 23:45:00,28.4,88.5,986.0
2018-08-07 00:00:00,28.4,89.3,986.0
2018-08-07 00:15:00,28.4,90.0833,986.0
2018-08-07 00:30:00,28.3,89.8667,985.0
2018-08-07 00:45:00,28.4,90.5,985.0
2018-08-07 01:00:00,28.2,90.2,985.0
2018-08-07 01:15:00,28.3,89.9667,985.0
2018-08-07 01:30:00,28.3,89.2167,985.0
2018-08-07 01:45:00,28.3833,89.8,985.0
2018-08-07 02:00:00,28.4,89.45,985.0
2018-08-07 02:15:00,28.4,89.5,985.0
2018-08-07 02:30:00,28.3,88.3667,984.0
2018-08-07 02:45:00,28.3667,87.2167,984.0
2018-08-07 03:00:00,28.4,87.6167,984.0
2018-08-07 03:15:00,28.3,87.5667,984.0
2018-08-07 03:30:00,28.3,86.8833,984.0
2018-08-07 03:45:00,28.2,86.9,984.0
2018-08-07 04:00:00,28.2,86.2333,984.0
2018-08-07 04:15:00,28.1,87.7333,984.0
2018-08-07 04:30:00,28.0,87.65,984.0
2018-08-07 04:45:00,28.1,87.7833,984.0
2018-08-07 05:00:00,28.1,87.9833,984.0
2018-08-07 05:15:00,28.1,87.9833,984.0
2018-08-07 05:30:00,28.0167,88.0667,985.0
2018-08-07 05:45:00,27.9167,88.7667,985.0
2018-08-07 06:00:00,28.0,88.9,985.0
2018-08-07 06:15:00,28.0,89.3167,985.0
2018-08-07 06:30:00,28.15,89.5167,985.0
2018-08-07 06:45:00,27.9167,89.4333,986.0
2018-08-07 07:00:00,27.95,88.9,986.0
2018-08-07 07:15:00,28.1,88.45,986.0
2018-08-07 07:30:00,27.9667,88.5333,986.0
2018-08-07 07:45:00,28.1333,87.75,986.0
2018-08-07 08:00:00,28.2667,85.6333,986.0
2018-08-07 08:15:00,29.2,83.4667,986.0
2018-08-07 08:30:00,29.1333,83.9333,986.0
2018-08-07 08:45:00,29.4,82.2167,986.0
2018-08-07 09:00:00,29.5333,79.7667,986.0
2018-08-07 09:15:00,29.7833,79.7667,986.0
2018-08-07 09:30:00,29.8,77.5667,986.0
2018-08-07 09:45:00,29.6167,78.15,986.0
2018-08-07 10:00:00,29.3667,79.6167,986.0
2018-08-07 10:15:00,29.5667,79.05,986.0
2018-08-07 10:30:00,30.15,76.7667,987.0
2018-08-07 10:45:00,30.2667,75.9167,987.0
2018-08-07 11:00:00,30.2333,75.2667,986.0
2018-08-07 11:15:00,31.0167,72.9333,986.0
2018-08-07 11:30:00,32.1,67.5,986.0
2018-08-07 11:45:00,31.6167,69.5167,986.0
2018-08-07 12:00:00,31.6667,71.4667,986.0
2018-08-07 12:15:00,31.9333,68.9,985.0
2018-08-07 12:30:00,31.7833,70.9667,985.0
2018-08-07 12:45:00,32.3833,68.75,985.0
2018-08-07 13:00:00,32.1333,68.95,985.0
2018-08-07 13:15:00,32.0,70.1667,984.0
2018-08-07 13:30:00,32.15,71.9667,984.0
2018-08-07 13:45:00,33.4167,64.85,984.0
2018-08-07 14:00:00,33.2167,65.4833,983.0
2018-08-07 14:15:00,33.1333,64.1667,983.0
2018-08-07 14:30:00,33.6333,63.0333,983.0
2018-08-07 14:45:00,33.2,64.8333,983.0
2018-08-07 15:00:00,33.6,64.0833,983.0
2018-08-07 15:15:00,33.5333,61.8667,983.0
2018-08-07 15:30:00,33.5333,62.7167,983.0
2018-08-07 15:45:00,33.75,63.3333,983.0
2018-08-07 16:00:00,33.1,65.1833,983.0
2018-08-07 16:15:00,32.5667,68.5167,982.0
2018-08-07 16:30:00,32.1,70.6,982.0
2018-08-07 16:45:00,31.8,71.3,982.0
2018-08-07 17:00:00,30.4667,71.8333,982.0
2018-08-07 17:15:00,29.1,76.7833,983.0
2018-08-07 17:30:00,29.0,81.0167,983.0
2018-08-07 17:45:00,28.9,83.1167,983.0
2018-08-07 18:00:00,28.9,81.7,983.0
2018-08-07 18:15:00,28.9833,82.6667,983.0
2018-08-07 18:30:00,28.8,83.35,984.0
2018-08-07 18:45:00,28.4,86.1667,984.0
2018-08-07 19:00:00,28.2833,86.3333,984.0
2018-08-07 19:15:00,28.1,85.3833,984.0
2018-08-07 19:30:00,28.0,86.5,984.0
2018-08-07 19:45:00,28.1167,86.2333,984.0
2018-08-07 20:00:00,28.0167,86.9667,985.0
2018-08-07 20:15:00,28.0667,87.3,985.0
2018-08-07 20:30:00,27.9833,88.25,985.0
2018-08-07 20:45:00,27.9,88.05,985.0
2018-08-07 21:00:00,27.9,88.4333,985.0
2018-08-07 21:15:00,28.1,87.4,985.0
2018-08-07 21:30:00,28.0,88.1167,985.0
2018-08-07 21:45:00,28.0667,87.7667,985.0
2018-08-07 22:00:00,28.1,87.5333,985.0
2018-08-07 22:15:00,28.2,87.45,986.0
2018-08-07 22:30:00,28.1,88.4667,986.0
2018-08-07 22:45:00,28.1167,88.3167,986.0
2018-08-07 23:00:00,28.2,88.1333,985.0
2018-08-07 23:15:00,28.2,87.8167,985.0
2018-08-07 23:30:00,28.1,88.9,985.0
2018-08-07 23:45:00,28.2,88.95,985.0
2018-08-08 00:00:00,28.1833,89.9667,985.0
2018-08-08 00:15:00,28.1,90.7167,985.0
2018-08-08 00:30:00,28.1,91.2667,985.0
2018-08-08 00:45:00,28.1,91.8833,985.0
2018-08-08 01:00:00,28.2,91.7667,985.0
2018-08-08 01:15:00,28.2,91.9167,985.0
2018-08-08 01:30:00,28.3,91.3333,984.0
2018-08-08 01:45:00,28.2167,90.9667,984.0
2018-08-08 02:00:00,28.3,90.65,984.0
2018-08-08 02:15:00,28.1,90.9667,985.0
2018-08-08 02:30:00,28.1,90.4667,985.0
2018-08-08 02:45:00,28.1167,90.4,985.0
2018-08-08 03:00:00,28.1,90.5,985.0
2018-08-08 03:15:00,28.0,89.3,984.0
2018-08-08 03:30:00,27.8,90.8,985.0
2018-08-08 03:45:00,27.7,91.35,984.0
2018-08-08 04:00:00,27.6,91.4667,984.0
2018-08-08 04:15:00,27.5,91.75,984.0
2018-08-08 04:30:00,27.45,92.1167,985.0
2018-08-08 04:45:00,27.3,92.85,985.0
2018-08-08 05:00:00,27.35,92.4833,985.0
2018-08-08 05:15:00,27.4,91.9167,985.0
2018-08-08 05:30:00,27.4,91.85,985.0
2018-08-08 05:45:00,27.4,91.7833,985.0
2018-08-08 06:00:00,27.4,92.1667,985.0
2018-08-08 06:15:00,27.4,91.8667,985.0
2018-08-08 06:30:00,27.5,91.6,985.0
2018-08-08 06:45:00,28.0,89.5167,985.0
2018-08-08 07:00:00,28.8167,85.2833,985.0
2018-08-08 07:15:00,28.9667,84.35,985.0
2018-08-08 07:30:00,29.3667,82.75,986.0
2018-08-08 07:45:00,29.45,82.05,985.0
2018-08-08 08:00:00,29.7333,79.1167,986.0
2018-08-08 08:15:00,29.8333,78.8,986.0
2018-08-08 08:30:00,30.15,77.0667,986.0
2018-08-08 08:45:00,30.55,74.9333,986.0
2018-08-08 09:00:00,30.4333,74.5833,986.0
2018-08-08 09:15:00,30.9333,73.4667,986.0
2018-08-08 09:30:00,31.3,71.2,986.0
2018-08-08 09:45:00,31.4,71.0,986.0
2018-08-08 10:00:00,31.8667,68.0167,986.0
2018-08-08 10:15:00,31.8667,67.9833,986.0
2018-08-08 10:30:00,32.0667,66.6833,986.0
2018-08-08 10:45:00,32.1167,66.2333,986.0
2018-08-08 11:00:00,32.3167,66.45,986.0
2018-08-08 11:15:00,32.9333,64.9167,986.0
2018-08-08 11:30:00,32.7,64.5,986.0
2018-08-08 11:45:00,32.4167,65.85,986.0
2018-08-08 12:00:00,33.1667,62.9833,986.0
2018-08-08 12:15:00,32.2,67.4,986.0
2018-08-08 12:30:00,32.7833,64.3333,985.0
2018-08-08 12:45:00,33.6167,62.9667,985.0
2018-08-08 13:00:00,33.7833,59.2333,985.0
2018-08-08 13:15:00,33.3833,61.0167,985.0
2018-08-08 13:30:00,32.4833,63.1667,985.0
2018-08-08 13:45:00,32.7,61.0333,985.0
2018-08-08 14:00:00,33.4,62.1333,985.0
2018-08-08 14:15:00,33.7,58.6833,984.0
2018-08-08 14:30:00,33.4,61.0667,984.0
2018-08-08 14:45:00,33.5667,59.25,984.0
2018-08-08 15:00:00,33.2,62.6333,984.0
2018-08-08 15:15:00,33.4833,60.9,984.0
2018-08-08 15:30:00,33.6,60.5167,984.0
2018-08-08 15:45:00,33.55,60.7667,984.0
2018-08-08 16:00:00,32.9,60.8,983.0
2018-08-08 16:15:00,33.4667,60.3667,983.0
2018-08-08 16:30:00,33.2667,59.1667,983.0
2018-08-08 16:45:00,33.0,60.1667,983.0
2018-08-08 17:00:00,33.1,60.9667,984.0
2018-08-08 17:15:00,33.0333,62.3167,984.0
2018-08-08 17:30:00,32.4,64.0,984.0
2018-08-08 17:45:00,32.5,63.65,984.0
2018-08-08 18:00:00,32.4,65.9333,984.0
2018-08-08 18:15:00,31.6667,68.25,984.0
2018-08-08 18:30:00,31.4,69.3833,984.0
2018-08-08 18:45:00,31.2,70.3,984.0
2018-08-08 19:00:00,31.05,70.05,985.0
2018-08-08 19:15:00,30.8,71.55,985.0
2018-08-08 19:30:00,30.5667,73.2167,985.0
2018-08-08 19:45:00,30.55,73.5333,986.0
2018-08-08 20:00:00,30.4,74.9,986.0
2018-08-08 20:15:00,30.4,75.0167,986.0
2018-08-08 20:30:00,30.2833,75.3667,986.0
2018-08-08 20:45:00,30.2,76.0333,986.0
2018-08-08 21:00:00,30.1,76.7667,987.0
2018-08-08 21:15:00,30.0,77.3333,987.0
2018-08-08 21:30:00,29.9,77.5833,987.0
2018-08-08 21:45:00,29.8667,77.9833,987.0
2018-08-08 22:00:00,29.7167,78.6833,987.0
2018-08-08 22:15:00,29.6,79.5667,987.0
2018-08-08 22:30:00,29.5333,79.5833,987.0
2018-08-08 22:45:00,29.4,80.1667,987.0
2018-08-08 23:00:00,29.3,80.65,987.0
2018-08-08 23:15:00,29.3,80.9833,987.0
2018-08-08 23:30:00,29.4,81.0333,987.0
2018-08-08 23:45:00,29.1,83.3,987.0
2018-08-09 00:00:00,28.9667,84.3667,987.0
2018-08-09 00:15:00,28.8,84.8667,987.0
2018-08-09 00:30:00,28.7,84.7333,987.0
2018-08-09 00:45:00,28.7,84.4,987.0
2018-08-09 01:00:00,28.7,83.5167,987.0
2018-08-09 01:15:00,28.5167,83.65,986.0
2018-08-09 01:30:00,28.5,83.9,987.0
2018-08-09 01:45:00,28.5,83.5167,987.0
2018-08-09 02:00:00,28.4,84.3167,987.0
2018-08-09 02:15:00,28.3167,84.7167,987.0
2018-08-09 02:30:00,28.4,84.3833,987.0
2018-08-09 02:45:00,28.2167,85.4833,986.0
2018-08-09 03:00:00,28.1,86.0333,987.0
2018-08-09 03:15:00,28.0,86.2,987.0
2018-08-09 03:30:00,28.0,85.95,987.0
2018-08-09 03:45:00,28.0,85.8333,987.0
2018-08-09 04:00:00,28.1,85.4833,987.0
2018-08-09 04:15:00,27.9667,85.9667,987.0
2018-08-09 04:30:00,27.9,86.4333,987.0
2018-08-09 04:45:00,27.8167,86.5167,987.0
2018-08-09 05:00:00,27.8,86.9833,987.0
2018-08-09 05:15:00,27.6333,87.5333,987.0
2018-08-09 05:30:00,27.6,87.7833,988.0
2018-08-09 05:45:00,27.6,87.5833,988.0
2018-08-09 06:00:00,27.7,87.5,988.0
2018-08-09 06:15:00,27.7,87.35,988.0
2018-08-09 06:30:00,27.9,87.2,988.0
2018-08-09 06:45:00,28.1,85.6833,988.0
2018-08-09 07:00:00,28.2,85.4667,988.0
2018-08-09 07:15:00,28.4,84.65,989.0
2018-08-09 07:30:00,28.7833,82.4333,989.0
2018-08-09 07:45:00,29.55,80.0833,989.0
2018-08-09 08:00:00,29.5,79.8333,989.0
2018-08-09 08:15:00,29.6667,78.7833,989.0
2018-08-09 08:30:00,29.9,78.15,989.0
2018-08-09 08:45:00,30.1167,77.25,989.0
2018-08-09 09:00:00,30.3167,74.8167,989.0
2018-08-09 09:15:00,30.8167,73.4167,989.0
2018-08-09 09:30:00,31.1667,72.0667,989.0
2018-08-09 09:45:00,31.3333,72.6667,989.0
2018-08-09 10:00:00,31.0667,72.9833,989.0
2018-08-09 10:15:00,31.6167,70.3,989.0
2018-08-09 10:30:00,31.7333,69.3,989.0
2018-08-09 10:45:00,31.8167,68.95,989.0
2018-08-09 11:00:00,32.2833,68.6,989.0
2018-08-09 11:15:00,32.5333,67.9333,989.0
2018-08-09 11:30:00,32.5667,67.6667,989.0
2018-08-09 11:45:00,33.0833,66.5333,989.0
2018-08-09 12:00:00,32.5667,65.45,989.0
2018-08-09 12:15:00,33.0,64.1833,988.0
2018-08-09 12:30:00,33.4167,63.15,988.0
2018-08-09 12:45:00,33.3167,63.0833,988.0
2018-08-09 13:00:00,33.4,62.05,988.0
2018-08-09 13:15:00,32.8167,64.2667,988.0
2018-08-09 13:30:00,33.9833,61.1667,988.0
2018-08-09 13:45:00,34.0333,60.7667,988.0
2018-08-09 14:00:00,34.5667,58.4,987.0
2018-08-09 14:15:00,33.8,59.2667,987.0
2018-08-09 14:30:00,32.8,61.9333,987.0
2018-08-09 14:45:00,33.4167,61.7667,987.0
2018-08-09 15:00:00,,,
2018-08-09 15:15:00,33.5,60.3667,987.0
2018-08-09 15:30:00,33.0,62.1,987.0
2018-08-09 15:45:00,33.5333,62.0833,987.0
2018-08-09 16:00:00,34.0333,58.8,987.0
2018-08-09 16:15:00,33.7,60.7,986.0
2018-08-09 16:30:00,34.15,60.3667,986.0
2018-08-09 16:45:00,33.6,60.0333,986.0
2018-08-09 17:00:00,33.9,59.85,986.0
2018-08-09 17:15:00,33.0,63.8167,986.0
2018-08-09 17:30:00,33.0167,63.8333,986.0
2018-08-09 17:45:00,32.45,64.7333,986.0
2018-08-09 18:00:00,32.5,64.8333,987.0
2018-08-09 18:15:00,32.65,65.3,987.0
2018-08-09 18:30:00,31.9667,67.4667,987.0
2018-08-09 18:45:00,31.6,67.6667,987.0
2018-08-09 19:00:00,31.5,68.1833,987.0
2018-08-09 19:15:00,31.35,69.0333,987.0
2018-08-09 19:30:00,31.2833,69.7833,987.0
2018-08-09 19:45:00,31.1833,70.9667,987.0
2018-08-09 20:00:00,31.0,72.7167,988.0
2018-08-09 20:15:00,31.05,73.7833,988.0
2018-08-09 20:30:00,30.8,75.3,988.0
2018-08-09 20:45:00,30.5833,76.1833,988.0
2018-08-09 21:00:00,30.6,76.6,988.0
2018-08-09 21:15:00,30.5,77.0667,988.0
2018-08-09 21:30:00,30.3,77.9333,988.0
2018-08-09 21:45:00,30.4,77.7167,988.0
2018-08-09 22:00:00,30.3667,77.9,988.0
2018-08-09 22:15:00,30.3,78.6167,988.0
2018-08-09 22:30:00,29.9833,80.5833,988.0
2018-08-09 22:45:00,29.9,81.7167,988.0
2018-08-09 23:00:00,29.7,83.4,988.0
2018-08-09 23:15:00,29.5667,84.3333,988.0
2018-08-09 23:30:00,30.4833,80.0833,988.0
2018-08-09 23:45:00,29.5,85.7333,988.0
2018-08-10 00:00:00,29.35,86.1,988.0
2018-08-10 00:15:00,29.2,86.8667,988.0
2018-08-10 00:30:00,28.9,88.3167,988.0
2018-08-10 00:45:00,29.0833,88.5,988.0
2018-08-10 01:00:00,28.8167,88.9,988.0
2018-08-10 01:15:00,28.9667,89.1,988.0
2018-08-10 01:30:00,29.3,87.2833,988.0
2018-08-10 01:45:00,29.1,87.9667,988.0
2018-08-10 02:00:00,29.0,88.3167,988.0
2018-08-10 02:15:00,29.3,87.0833,988.0
2018-08-10 02:30:00,29.2,87.45,988.0
2018-08-10 02:45:00,29.2,87.75,988.0
2018-08-10 03:00:00,28.9,88.6333,987.0
2018-08-10 03:15:00,29.05,88.4,987.0
2018-08-10 03:30:00,28.8,88.0,987.0
2018-08-10 03:45:00,28.8,87.5,987.0
2018-08-10 04:00:00,28.7,87.4167,987.0
2018-08-10 04:15:00,28.8,86.7333,987.0
2018-08-10 04:30:00,28.85,86.1833,987.0
2018-08-10 04:45:00,28.8,86.5167,987.0
2018-08-10 05:00:00,28.8333,86.5,987.0
2018-08-10 05:15:00,28.7,87.6167,987.0
2018-08-10 05:30:00,28.4,88.6667,987.0
2018-08-10 05:45:00,28.5,88.7,988.0
2018-08-10 06:00:00,28.6667,88.3667,988.0
2018-08-10 06:15:00,29.0,87.0167,988.0
2018-08-10 06:30:00,29.3,87.1,988.0
2018-08-10 06:45:00,29.6167,84.9833,988.0
2018-08-10 07:00:00,30.0,83.1333,988.0
2018-08-10 07:15:00,30.3333,81.85,988.0
2018-08-10 07:30:00,31.0167,79.2,988.0
2018-08-10 07:45:00,31.7,76.1333,988.0
2018-08-10 08:00:00,31.8,73.7167,988.0
2018-08-10 08:15:00,32.2667,71.55,989.0
2018-08-10 08:30:00,32.0833,71.2167,989.0
2018-08-10 08:45:00,32.1833,72.1167,989.0
2018-08-10 09:00:00,32.8333,69.8,989.0
2018-08-10 09:15:00,33.4,68.1667,989.0
2018-08-10 09:30:00,34.15,60.0333,989.0
2018-08-10 09:45:00,34.05,61.75,989.0
2018-08-10 10:00:00,34.5167,61.3333,989.0
2018-08-10 10:15:00,35.3667,57.8333,989.0
2018-08-10 10:30:00,35.15,58.9333,989.0
2018-08-10 10:45:00,34.1833,56.8333,989.0
2018-08-10 11:00:00,35.0167,56.1667,989.0
2018-08-10 11:15:00,34.8,55.1833,988.0
2018-08-10 11:30:00,35.7,54.5,988.0
2018-08-10 11:45:00,35.1833,56.1,988.0
2018-08-10 12:00:00,35.4333,55.0,988.0
2018-08-10 12:15:00,34.8667,61.7,988.0
2018-08-10 12:30:00,34.7,59.1667,988.0
2018-08-10 12:45:00,35.1833,57.4167,988.0
2018-08-10 13:00:00,35.0,56.5,987.0
2018-08-10 13:15:00,35.0,58.9667,987.0
2018-08-10 13:30:00,35.25,57.1167,987.0
2018-08-10 13:45:00,36.1333,53.4167,987.0
2018-08-10 14:00:00,35.9833,57.7,986.0
2018-08-10 14:15:00,34.4333,59.4667,987.0
2018-08-10 14:30:00,34.3667,59.1333,986.0
2018-08-10 14:45:00,35.0167,57.3833,986.0
2018-08-10 15:00:00,35.3,54.3833,986.0
2018-08-10 15:15:00,35.3,55.1333,985.0
2018-08-10 15:30:00,35.45,55.5833,985.0
2018-08-10 15:45:00,35.4667,55.3167,985.0
2018-08-10 16:00:00,35.5667,55.9167,985.0
2018-08-10 16:15:00,35.1333,54.8167,985.0
2018-08-10 16:30:00,35.2667,55.0333,985.0
2018-08-10 16:45:00,35.6833,54.85,985.0
2018-08-10 17:00:00,36.0833,54.25,984.0
2018-08-10 17:15:00,35.7333,54.7333,985.0
2018-08-10 17:30:00,35.3833,54.1833,985.0
2018-08-10 17:45:00,35.5667,56.1667,985.0
2018-08-10 18:00:00,35.0333,53.4167,985.0
2018-08-10 18:15:00,34.1667,60.1,985.0
2018-08-10 18:30:00,33.2833,66.3167,985.0
2018-08-10 18:45:00,32.4833,68.6667,985.0
2018-08-10 19:00:00,32.2333,74.9167,985.0
2018-08-10 19:15:00,31.7,68.7,985.0
2018-08-10 19:30:00,31.7,70.3667,985.0
2018-08-10 19:45:00,31.5,73.9833,986.0
2018-08-10 20:00:00,30.8667,75.3167,986.0
2018-08-10 20:15:00,30.8,72.1667,986.0
2018-08-10 20:30:00,30.5667,77.1333,986.0
2018-08-10 20:45:00,,,
2018-08-10 21:00:00,30.4,73.8833,986.0
2018-08-10 21:15:00,30.4,74.3333,986.0
2018-08-10 21:30:00,30.4,76.05,986.0
2018-08-10 21:45:00,30.75,77.0167,986.0
2018-08-10 22:00:00,30.6,77.2167,987.0
2018-08-10 22:15:00,30.35,80.3167,987.0
2018-08-10 22:30:00,30.5,79.3333,986.0
2018-08-10 22:45:00,30.5,78.9,986.0
2018-08-10 23:00:00,30.4167,79.8667,986.0
2018-08-10 23:15:00,30.4167,82.45,986.0
2018-08-10 23:30:00,30.9167,81.8333,986.0
2018-08-10 23:45:00,30.2667,84.55,986.0
2018-08-11 00:00:00,30.1,83.4,986.0
2018-08-11 00:15:00,30.0,83.2833,986.0
2018-08-11 00:30:00,29.9,83.75,986.0
2018-08-11 00:45:00,29.7667,85.1167,986.0
2018-08-11 01:00:00,29.6,86.4,986.0
2018-08-11 01:15:00,29.6,86.3333,986.0
2018-08-11 01:30:00,29.7,85.3,986.0
2018-08-11 01:45:00,29.6,84.1833,986.0
2018-08-11 02:00:00,29.7,83.4,985.0
2018-08-11 02:15:00,29.7,83.9167,985.0
2018-08-11 02:30:00,29.5,85.2667,985.0
2018-08-11 02:45:00,29.5,85.3333,985.0
2018-08-11 03:00:00,29.65,85.4667,985.0
2018-08-11 03:15:00,29.55,85.7167,985.0
2018-08-11 03:30:00,29.5,86.0333,985.0
2018-08-11 03:45:00,29.4833,86.5167,985.0
2018-08-11 04:00:00,29.3,87.1667,984.0
2018-08-11 04:15:00,29.2333,87.8167,984.0
2018-08-11 04:30:00,29.1,88.6333,984.0
2018-08-11 04:45:00,29.0667,89.15,984.0
2018-08-11 05:00:00,29.0,90.05,985.0
2018-08-11 05:15:00,28.9,90.6,984.0
2018-08-11 05:30:00,28.9333,91.2833,984.0
2018-08-11 05:45:00,29.0,90.9,984.0
2018-08-11 06:00:00,29.1,90.95,985.0
2018-08-11 06:15:00,29.2,90.9833,985.0
2018-08-11 06:30:00,29.3833,90.75,984.0
2018-08-11 06:45:00,29.7,90.0333,985.0
2018-08-11 07:00:00,29.7667,90.2833,985.0
2018-08-11 07:15:00,29.7,90.35,985.0
2018-08-11 07:30:00,30.0,89.15,985.0
2018-08-11 07:45:00,30.4,83.7167,985.0
2018-08-11 08:00:00,30.1833,82.15,985.0
2018-08-11 08:15:00,30.4167,81.25,986.0
2018-08-11 08:30:00,30.5,81.4167,986.0
2018-08-11 08:45:00,30.6,81.05,986.0
2018-08-11 09:00:00,30.5833,80.9,986.0
2018-08-11 09:15:00,30.6833,80.7167,986.0
2018-08-11 09:30:00,31.2667,80.5333,986.0
2018-08-11 09:45:00,31.75,77.8167,986.0
2018-08-11 10:00:00,32.3333,76.3667,985.0
2018-08-11 10:15:00,32.6667,74.8333,985.0
2018-08-11 10:30:00,32.5,74.15,985.0
2018-08-11 10:45:00,32.4167,73.1833,985.0
2018-08-11 11:00:00,32.3833,74.4167,986.0
2018-08-11 11:15:00,32.5,72.5333,985.0
2018-08-11 11:30:00,32.85,73.7,985.0
2018-08-11 11:45:00,32.4667,73.2667,985.0
2018-08-11 12:00:00,32.4833,74.6833,985.0
2018-08-11 12:15:00,32.9,73.0833,985.0
2018-08-11 12:30:00,33.3,73.3667,984.0
2018-08-11 12:45:00,32.7333,74.3833,984.0
2018-08-11 13:00:00,32.8,73.2333,984.0
2018-08-11 13:15:00,32.7,73.8167,984.0
2018-08-11 13:30:00,32.7,74.3833,983.0
2018-08-11 13:45:00,32.8667,73.9833,983.0
2018-08-11 14:00:00,32.8333,73.2167,983.0
2018-08-11 14:15:00,32.6667,74.35,983.0
2018-08-11 14:30:00,32.6333,73.6333,983.0
2018-08-11 14:45:00,33.3333,71.75,983.0
2018-08-11 15:00:00,33.3,70.7,982.0
2018-08-11 15:15:00,31.5,80.0167,982.0
2018-08-11 15:30:00,31.0333,82.8,983.0
2018-08-11 15:45:00,31.4667,79.3167,982.0
2018-08-11 16:00:00,30.3833,83.1,983.0
2018-08-11 16:15:00,26.85,93.8833,982.0
2018-08-11 16:30:00,26.5167,95.4,983.0
2018-08-11 16:45:00,26.7,96.3833,983.0
2018-08-11 17:00:00,26.4,96.5667,983.0
2018-08-11 17:15:00,26.3667,97.2,983.0
2018-08-11 17:30:00,26.5,97.0667,983.0
2018-08-11 17:45:00,26.65,96.9167,983.0
2018-08-11 18:00:00,25.9,96.1333,983.0
2018-08-11 18:15:00,25.5333,96.5167,983.0
2018-08-11 18:30:00,25.7,96.2167,983.0
2018-08-11 18:45:00,25.8833,96.2333,983.0
2018-08-11 19:00:00,26.0,96.4,983.0
2018-08-11 19:15:00,26.0,96.3667,983.0
2018-08-11 19:30:00,26.2,96.6167,984.0
2018-08-11 19:45:00,25.9,96.3667,984.0
2018-08-11 20:00:00,26.1,96.4833,984.0
2018-08-11 20:15:00,26.3333,96.7333,984.0
2018-08-11 20:30:00,26.5833,96.65,984.0
2018-08-11 20:45:00,26.7,96.7167,984.0
2018-08-11 21:00:00,26.8833,96.7,985.0
2018-08-11 21:15:00,26.8,97.2167,985.0
2018-08-11 21:30:00,26.9,97.3833,985.0
2018-08-11 21:45:00,26.8,97.3333,985.0
2018-08-11 22:00:00,26.8,97.2,985.0
2018-08-11 22:15:00,26.7167,97.0833,985.0
2018-08-11 22:30:00,26.7,96.9,984.0
2018-08-11 22:45:00,26.6,97.1833,984.0
2018-08-11 23:00:00,26.6,96.9167,985.0
2018-08-11 23:15:00,26.6,96.8833,985.0
2018-08-11 23:30:00,26.7,96.0333,985.0
2018-08-11 23:45:00,26.9,95.8667,985.0
2018-08-12 00:00:00,27.0,95.95,984.0
2018-08-12 00:15:00,26.8,96.5167,984.0
2018-08-12 00:30:00,26.8,96.7667,984.0
2018-08-12 00:45:00,26.8,96.65,984.0
2018-08-12 01:00:00,26.9,96.1333,984.0
2018-08-12 01:15:00,26.9,96.2833,984.0
2018-08-12 01:30:00,27.0,96.2167,983.0
2018-08-12 01:45:00,27.1667,95.8833,983.0
2018-08-12 02:00:00,27.3,95.5,983.0
2018-08-12 02:15:00,27.2,95.8,983.0
2018-08-12 02:30:00,27.2,95.6667,983.0
2018-08-12 02:45:00,27.3833,95.3167,983.0
2018-08-12 03:00:00,27.3,95.3333,983.0
2018-08-12 03:15:00,27.6,94.3833,983.0
2018-08-12 03:30:00,27.6167,94.0833,983.0
2018-08-12 03:45:00,27.6667,93.8167,982.0
2018-08-12 04:00:00,27.6,94.3333,982.0
2018-08-12 04:15:00,27.6333,94.2167,982.0
2018-08-12 04:30:00,27.8,93.5833,982.0
2018-08-12 04:45:00,27.8,93.5667,982.0
2018-08-12 05:00:00,27.8,93.9,983.0
2018-08-12 05:15:00,27.7,94.15,983.0
2018-08-12 05:30:00,27.6,94.3333,982.0
2018-08-12 05:45:00,27.8,93.55,982.0
2018-08-12 06:00:00,27.9667,93.2833,982.0
2018-08-12 06:15:00,28.1,92.4833,982.0
2018-08-12 06:30:00,28.4,91.3,982.0
2018-08-12 06:45:00,28.65,90.8167,983.0
2018-08-12 07:00:00,28.9,90.0167,983.0
2018-08-12 07:15:00,28.7,89.7833,983.0
2018-08-12 07:30:00,28.7833,89.9167,983.0
2018-08-12 07:45:00,28.9667,89.6,983.0
2018-08-12 08:00:00,29.1,88.85,983.0
2018-08-12 08:15:00,29.35,87.5333,983.0
2018-08-12 08:30:00,29.35,86.8833,983.0
2018-08-12 08:45:00,29.4333,86.3833,983.0
2018-08-12 09:00:00,30.1,84.0667,984.0
2018-08-12 09:15:00,30.25,82.4667,984.0
2018-08-12 09:30:00,30.65,81.3833,984.0
2018-08-12 09:45:00,30.5667,80.65,984.0
2018-08-12 10:00:00,30.8167,81.6167,984.0
2018-08-12 10:15:00,30.7833,79.55,984.0
2018-08-12 10:30:00,30.6667,78.9833,984.0
2018-08-12 10:45:00,30.7,77.5333,984.0
2018-08-12 11:00:00,30.5833,77.6333,984.0
2018-08-12 11:15:00,30.6,77.4,984.0
2018-08-12 11:30:00,30.2833,78.1167,984.0
2018-08-12 11:45:00,30.1,79.8,984.0
2018-08-12 12:00:00,30.2,79.45,984.0
2018-08-12 12:15:00,29.9167,79.8333,983.0
2018-08-12 12:30:00,30.25,79.65,983.0
2018-08-12 12:45:00,30.1333,76.55,983.0
2018-08-12 13:00:00,30.1,77.7333,983.0
2018-08-12 13:15:00,30.0,76.9667,983.0
2018-08-12 13:30:00,30.0167,77.3833,983.0
2018-08-12 13:45:00,30.0167,78.6,983.0
2018-08-12 14:00:00,30.1833,77.6333,982.0
2018-08-12 14:15:00,29.9833,79.5833,982.0
2018-08-12 14:30:00,29.85,79.0,982.0
2018-08-12 14:45:00,29.8,79.6167,982.0
2018-08-12 15:00:00,29.8167,79.7333,982.0
2018-08-12 15:15:00,29.85,79.7167,982.0
2018-08-12 15:30:00,29.8333,80.7667,982.0
2018-08-12 15:45:00,29.6,81.5167,982.0
2018-08-12 16:00:00,29.9,81.5667,982.0
2018-08-12 16:15:00,29.8167,82.6333,982.0
2018-08-12 16:30:00,29.4,83.6833,982.0
2018-08-12 16:45:00,29.4,84.5167,981.0
2018-08-12 17:00:00,29.5,84.1167,981.0
2018-08-12 17:15:00,29.4,85.2833,982.0
2018-08-12 17:30:00,28.7,90.25,982.0
2018-08-12 17:45:00,28.25,92.3167,982.0
2018-08-12 18:00:00,28.2,92.4,982.0
2018-08-12 18:15:00,28.3,92.5167,982.0
2018-08-12 18:30:00,28.3,91.65,982.0
2018-08-12 18:45:00,28.0,92.35,982.0
2018-08-12 19:00:00,27.9,92.8,982.0
2018-08-12 19:15:00,27.8167,92.8167,982.0
2018-08-12 19:30:00,27.7,92.8167,982.0
2018-08-12 19:45:00,27.7,92.7333,983.0
2018-08-12 20:00:00,27.7,93.0167,983.0
2018-08-12 20:15:00,27.75,93.0333,983.0
2018-08-12 20:30:00,27.7,93.05,983.0
2018-08-12 20:45:00,27.8,92.9833,983.0
2018-08-12 21:00:00,27.8,92.9333,983.0
2018-08-12 21:15:00,27.9,92.55,983.0
2018-08-12 21:30:00,27.9,92.25,984.0
2018-08-12 21:45:00,27.9,92.5,984.0
2018-08-12 22:00:00,27.6667,93.05,984.0
2018-08-12 22:15:00,27.7,92.6333,984.0
2018-08-12 22:30:00,27.7,92.5667,984.0
2018-08-12 22:45:00,27.5,92.3,984.0
2018-08-12 23:00:00,27.5,92.3,984.0
2018-08-12 23:15:00,27.4,91.9333,983.0
2018-08-12 23:30:00,27.7,90.3667,983.0
2018-08-12 23:45:00,27.3833,92.2,983.0
2018-08-13 00:00:00,27.4,92.1,983.0
2018-08-13 00:15:00,27.5,92.05,983.0
2018-08-13 00:30:00,27.6,91.4833,983.0
2018-08-13 00:45:00,27.6,91.5167,983.0
2018-08-13 01:00:00,27.5,92.2167,983.0
2018-08-13 01:15:00,27.6333,91.3333,983.0
2018-08-13 01:30:00,27.6,91.4,983.0
2018-08-13 01:45:00,27.5,91.4667,983.0
2018-08-13 02:00:00,27.5,91.7667,982.0
2018-08-13 02:15:00,27.7,91.0333,982.0
2018-08-13 02:30:00,27.8,90.5,982.0
2018-08-13 02:45:00,27.7,91.0,982.0
2018-08-13 03:00:00,27.5,91.6,982.0
2018-08-13 03:15:00,27.6,90.9,982.0
2018-08-13 03:30:00,27.5167,91.4,982.0
2018-08-13 03:45:00,27.5,91.0,982.0
2018-08-13 04:00:00,27.5,90.5167,982.0
2018-08-13 04:15:00,27.3167,90.8167,982.0
2018-08-13 04:30:00,27.4,90.3333,982.0
2018-08-13 04:45:00,27.4,90.6,982.0
2018-08-13 05:00:00,27.3,91.2167,982.0
2018-08-13 05:15:00,27.3333,91.1667,982.0
2018-08-13 05:30:00,27.3,91.85,983.0
2018-08-13 05:45:00,27.2333,91.8333,983.0
2018-08-13 06:00:00,27.3,91.55,983.0
2018-08-13 06:15:00,27.2,91.9,983.0
2018-08-13 06:30:00,27.3333,91.4,983.0
2018-08-13 06:45:00,27.4,91.1833,984.0
2018-08-13 07:00:00,27.55,90.6,984.0
2018-08-13 07:15:00,27.75,89.3167,984.0
2018-08-13 07:30:00,27.9833,87.9333,984.0
2018-08-13 07:45:00,28.4667,86.8333,984.0
2018-08-13 08:00:00,28.6167,86.0833,984.0
2018-08-13 08:15:00,28.9,83.85,985.0
2018-08-13 08:30:00,29.05,83.4667,985.0
2018-08-13 08:45:00,29.3667,82.9,985.0
2018-08-13 09:00:00,29.5,82.0667,985.0
2018-08-13 09:15:00,29.5,80.25,985.0
2018-08-13 09:30:00,29.6,80.1167,985.0
2018-08-13 09:45:00,30.3,77.5333,985.0
2018-08-13 10:00:00,31.0333,75.1167,985.0
2018-08-13 10:15:00,30.8333,74.6,985.0
2018-08-13 10:30:00,31.1333,74.2167,985.0
2018-08-13 10:45:00,31.4667,72.7167,986.0
2018-08-13 11:00:00,31.3333,72.5,986.0
2018-08-13 11:15:00,31.3,72.25,985.0
2018-08-13 11:30:00,32.1333,69.25,985.0
2018-08-13 11:45:00,32.1833,70.1333,985.0
2018-08-13 12:00:00,33.1167,69.1833,985.0
2018-08-13 12:15:00,32.8167,67.6833,985.0
2018-08-13 12:30:00,32.85,66.6833,985.0
2018-08-13 12:45:00,33.5167,67.1667,985.0
2018-08-13 13:00:00,33.8833,62.5667,985.0
2018-08-13 13:15:00,34.45,61.4,984.0
2018-08-13 13:30:00,34.3333,61.1,984.0
2018-08-13 13:45:00,34.95,56.9167,984.0
2018-08-13 14:00:00,34.6,62.4333,984.0
2018-08-13 14:15:00,34.3667,59.8833,984.0
2018-08-13 14:30:00,34.7,61.3167,983.0
2018-08-13 14:45:00,34.2667,60.1667,983.0
2018-08-13 15:00:00,33.3,65.1,983.0
2018-08-13 15:15:00,33.2333,65.4,983.0
2018-08-13 15:30:00,31.5167,74.6667,983.0
2018-08-13 15:45:00,30.3167,81.1333,983.0
2018-08-13 16:00:00,30.0,81.7833,983.0
2018-08-13 16:15:00,29.7167,77.9833,983.0
2018-08-13 16:30:00,29.6667,78.8333,983.0
2018-08-13 16:45:00,29.2,81.5833,983.0
2018-08-13 17:00:00,28.8167,82.2833,983.0
2018-08-13 17:15:00,28.1,83.4833,984.0
2018-08-13 17:30:00,27.7,88.8833,984.0
2018-08-13 17:45:00,27.2,91.6667,984.0
2018-08-13 18:00:00,26.75,92.7167,984.0
2018-08-13 18:15:00,26.7167,93.8,984.0
2018-08-13 18:30:00,26.8,94.6,984.0
2018-08-13 18:45:00,26.7333,94.55,984.0
2018-08-13 19:00:00,26.5,94.3833,984.0
2018-08-13 19:15:00,26.6,94.3,984.0
2018-08-13 19:30:00,26.5,94.3667,984.0
2018-08-13 19:45:00,26.6833,93.1,985.0
2018-08-13 20:00:00,26.7,93.0,984.0
2018-08-13 20:15:00,26.8,92.6833,985.0
2018-08-13 20:30:00,26.7,92.2333,985.0
2018-08-13 20:45:00,26.8,92.3,985.0
2018-08-13 21:00:00,27.1,91.15,985.0
2018-08-13 21:15:00,27.1,91.05,985.0
2018-08-13 21:30:00,27.2,91.25,985.0
2018-08-13 21:45:00,27.3,91.2667,985.0
2018-08-13 22:00:00,26.9,92.3333,985.0
2018-08-13 22:15:00,26.9,92.4333,985.0
2018-08-13 22:30:00,27.1,91.8,985.0
2018-08-13 22:45:00,27.2,91.4833,985.0
2018-08-13 23:00:00,27.1,92.15,985.0
2018-08-13 23:15:00,26.7,92.8,985.0
2018-08-13 23:30:00,27.1,91.5333,986.0
2018-08-13 23:45:00,26.9,92.5167,986.0
2018-08-14 00:00:00,26.9,92.65,986.0
2018-08-14 00:15:00,27.0,92.0,986.0
2018-08-14 00:30:00,27.0833,91.8167,985.0
2018-08-14 00:45:00,27.1833,91.0833,985.0
2018-08-14 01:00:00,27.1,91.35,985.0
2018-08-14 01:15:00,27.2,91.45,985.0
2018-08-14 01:30:00,27.1,91.1667,985.0
2018-08-14 01:45:00,27.2,91.3,985.0
2018-08-14 02:00:00,27.1,91.6333,985.0
2018-08-14 02:15:00,27.2667,91.3,985.0
2018-08-14 02:30:00,27.4,90.5,985.0
2018-08-14 02:45:00,27.3167,91.1333,985.0
2018-08-14 03:00:00,27.35,91.0667,985.0
2018-08-14 03:15:00,27.1833,91.7833,985.0
2018-08-14 03:30:00,27.2,91.6333,984.0
2018-08-14 03:45:00,27.2,91.8833,984.0
2018-08-14 04:00:00,27.1333,92.4333,985.0
2018-08-14 04:15:00,27.2,91.8667,984.0
2018-08-14 04:30:00,27.2,91.85,984.0
2018-08-14 04:45:00,27.2,91.3167,984.0
2018-08-14 05:00:00,27.4,90.5,984.0
2018-08-14 05:15:00,27.2,91.3333,984.0
2018-08-14 05:30:00,27.4,90.65,985.0
2018-08-14 05:45:00,27.3,91.2333,985.0
2018-08-14 06:00:00,27.2,91.8667,985.0
2018-08-14 06:15:00,27.1,92.25,985.0
2018-08-14 06:30:00,27.15,92.7333,985.0
2018-08-14 06:45:00,27.35,92.2167,985.0
2018-08-14 07:00:00,27.5333,91.2167,985.0
2018-08-14 07:15:00,27.8,90.9,985.0
2018-08-14 07:30:00,27.8,90.4333,985.0
2018-08-14 07:45:00,27.8833,90.45,985.0
2018-08-14 08:00:00,28.0333,88.85,986.0
2018-08-14 08:15:00,28.25,88.2,986.0
2018-08-14 08:30:00,28.3167,86.25,986.0
2018-08-14 08:45:00,28.75,84.1667,986.0
2018-08-14 09:00:00,29.15,83.4833,986.0
2018-08-14 09:15:00,29.2333,83.05,986.0
2018-08-14 09:30:00,29.2833,81.9167,986.0
2018-08-14 09:45:00,29.4,81.8,986.0
2018-08-14 10:00:00,29.65,78.6,987.0
2018-08-14 10:15:00,30.0,78.15,987.0
2018-08-14 10:30:00,30.5,76.0333,986.0
2018-08-14 10:45:00,31.45,73.2667,987.0
2018-08-14 11:00:00,32.3333,72.0,986.0
2018-08-14 11:15:00,31.85,70.65,986.0
2018-08-14 11:30:00,32.9667,68.7667,986.0
2018-08-14 11:45:00,33.1333,67.8333,986.0
2018-08-14 12:00:00,32.9833,69.7667,986.0
2018-08-14 12:15:00,33.0,68.3833,985.0
2018-08-14 12:30:00,31.8667,73.1167,985.0
2018-08-14 12:45:00,32.1333,72.2667,985.0
2018-08-14 13:00:00,32.4333,68.2667,985.0
2018-08-14 13:15:00,33.2167,67.1,984.0
2018-08-14 13:30:00,32.9833,63.8833,984.0
2018-08-14 13:45:00,33.45,65.1667,984.0
2018-08-14 14:00:00,33.25,61.9333,984.0
2018-08-14 14:15:00,33.6,63.8,984.0
2018-08-14 14:30:00,34.0333,61.2333,984.0
2018-08-14 14:45:00,33.9167,63.95,983.0
2018-08-14 15:00:00,33.0167,64.3667,983.0
2018-08-14 15:15:00,34.2167,60.7333,983.0
2018-08-14 15:30:00,35.0333,59.1333,983.0
2018-08-14 15:45:00,34.6167,58.4167,982.0
2018-08-14 16:00:00,34.65,57.0333,982.0
2018-08-14 16:15:00,34.6167,58.4333,982.0
2018-08-14 16:30:00,33.6667,62.6,982.0
2018-08-14 16:45:00,34.35,60.7833,982.0
2018-08-14 17:00:00,34.25,59.7333,982.0
2018-08-14 17:15:00,34.35,60.75,982.0
2018-08-14 17:30:00,33.6,62.6333,982.0
2018-08-14 17:45:00,33.1333,66.1333,982.0
2018-08-14 18:00:00,32.4667,68.35,982.0
2018-08-14 18:15:00,32.25,69.7,982.0
2018-08-14 18:30:00,31.9,70.95,982.0
2018-08-14 18:45:00,31.7,74.0833,982.0
2018-08-14 19:00:00,31.3,73.9667,983.0
2018-08-14 19:15:00,30.9333,78.5667,983.0
2018-08-14 19:30:00,30.6,79.15,983.0
2018-08-14 19:45:00,30.0,82.1667,983.0
2018-08-14 20:00:00,30.2,82.4667,984.0
2018-08-14 20:15:00,29.9,82.7,984.0
2018-08-14 20:30:00,29.9,81.5333,984.0
2018-08-14 20:45:00,30.1,84.9167,984.0
2018-08-14 21:00:00,30.0833,86.6,985.0
2018-08-14 21:15:00,30.0,87.3667,985.0
2018-08-14 21:30:00,30.0,87.8,985.0
2018-08-14 21:45:00,29.7833,88.8,985.0
2018-08-14 22:00:00,29.5333,89.1,985.0
2018-08-14 22:15:00,29.4,89.7,985.0
2018-08-14 22:30:00,29.4,90.1,985.0
2018-08-14 22:45:00,29.4,89.45,985.0
2018-08-14 23:00:00,29.5,89.3833,985.0
2018-08-14 23:15:00,29.5,89.2,985.0
2018-08-14 23:30:00,29.3833,87.8833,985.0
2018-08-14 23:45:00,29.1,86.2,985.0
2018-08-15 00:00:00,29.2,85.7667,985.0
2018-08-15 00:15:00,28.8833,86.0,985.0
2018-08-15 00:30:00,28.8667,87.1,985.0
2018-08-15 00:45:00,28.7,86.2667,985.0
2018-08-15 01:00:00,28.7,86.5667,985.0
2018-08-15 01:15:00,28.5,87.5,985.0
2018-08-15 01:30:00,28.4167,88.4667,985.0
2018-08-15 01:45:00,28.6,88.0333,985.0
2018-08-15 02:00:00,28.5,88.7167,985.0
2018-08-15 02:15:00,28.45,88.5667,984.0
2018-08-15 02:30:00,28.5,88.1833,985.0
2018-08-15 02:45:00,28.4,88.9167,985.0
2018-08-15 03:00:00,28.4833,89.05,984.0
2018-08-15 03:15:00,28.2667,90.0333,984.0
2018-08-15 03:30:00,28.2,90.4833,985.0
2018-08-15 03:45:00,28.2,91.35,985.0
2018-08-15 04:00:00,28.4,90.5,985.0
2018-08-15 04:15:00,28.4,90.8167,985.0
2018-08-15 04:30:00,28.4833,90.5,985.0
2018-08-15 04:45:00,28.5,90.3333,985.0
2018-08-15 05:00:00,28.6,90.3,985.0
2018-08-15 05:15:00,28.5,91.2333,985.0
2018-08-15 05:30:00,28.5167,91.3833,985.0
2018-08-15 05:45:00,28.5333,91.85,985.0
2018-08-15 06:00:00,28.7,91.0,985.0
2018-08-15 06:15:00,28.8,90.45,986.0
2018-08-15 06:30:00,29.25,88.9,986.0
2018-08-15 06:45:00,29.65,87.2333,986.0
2018-08-15 07:00:00,29.9333,84.5667,986.0
2018-08-15 07:15:00,30.55,81.1,986.0
2018-08-15 07:30:00,30.9,80.3333,986.0
2018-08-15 07:45:00,31.05,79.05,986.0
2018-08-15 08:00:00,31.55,77.2667,986.0
2018-08-15 08:15:00,31.9833,76.9833,986.0
2018-08-15 08:30:00,31.6333,78.7,986.0
2018-08-15 08:45:00,31.3667,80.4333,987.0
2018-08-15 09:00:00,31.7,78.7833,987.0
2018-08-15 09:15:00,32.3333,75.6167,987.0
2018-08-15 09:30:00,33.0167,74.4167,987.0
2018-08-15 09:45:00,33.0167,71.25,987.0
2018-08-15 10:00:00,33.1,72.4667,987.0
2018-08-15 10:15:00,32.3,73.7833,987.0
2018-08-15 10:30:00,31.9,76.1667,987.0
2018-08-15 10:45:00,33.2,71.0667,987.0
2018-08-15 11:00:00,32.3,74.1,987.0
2018-08-15 11:15:00,32.9,72.8,987.0
2018-08-15 11:30:00,31.7,74.6333,986.0
2018-08-15 11:45:00,33.0167,69.7833,987.0
2018-08-15 12:00:00,32.5833,68.9667,987.0
2018-08-15 12:15:00,33.1833,68.7833,987.0
2018-08-15 12:30:00,32.9167,71.35,986.0
2018-08-15 12:45:00,32.2667,69.2333,986.0
2018-08-15 13:00:00,28.2,84.4167,986.0
2018-08-15 13:15:00,26.5,94.25,987.0
2018-08-15 13:30:00,26.1,95.75,987.0
2018-08-15 13:45:00,25.5833,96.4167,988.0
2018-08-15 14:00:00,25.3,96.4,987.0
2018-08-15 14:15:00,25.2,96.55,986.0
2018-08-15 14:30:00,25.3,96.5833,985.0
2018-08-15 14:45:00,25.5,96.3167,985.0
2018-08-15 15:00:00,25.9167,95.95,985.0
2018-08-15 15:15:00,25.65,96.65,985.0
2018-08-15 15:30:00,25.6167,96.1833,985.0
2018-08-15 15:45:00,25.8167,96.1167,985.0
2018-08-15 16:00:00,26.0,95.9667,984.0
2018-08-15 16:15:00,26.2,96.25,984.0
2018-08-15 16:30:00,26.35,95.4333,984.0
2018-08-15 16:45:00,26.6833,95.3833,985.0
2018-08-15 17:00:00,26.7333,94.3333,985.0
2018-08-15 17:15:00,27.1833,92.6667,985.0
2018-08-15 17:30:00,27.3833,92.95,985.0
2018-08-15 17:45:00,27.5,92.6167,986.0
2018-08-15 18:00:00,27.7167,92.4167,986.0
2018-08-15 18:15:00,27.4,93.1333,986.0
2018-08-15 18:30:00,27.45,93.3333,986.0
2018-08-15 18:45:00,27.45,93.4167,987.0
2018-08-15 19:00:00,27.45,93.35,987.0
2018-08-15 19:15:00,27.3833,93.2333,987.0
2018-08-15 19:30:00,27.3833,93.2333,987.0
2018-08-15 19:45:00,27.4,92.8167,987.0
2018-08-15 20:00:00,27.5,92.5333,987.0
2018-08-15 20:15:00,27.6833,91.7167,987.0
2018-08-15 20:30:00,27.7667,90.9333,987.0
2018-08-15 20:45:00,27.6333,91.3333,987.0
2018-08-15 21:00:00,27.5,92.0333,987.0
2018-08-15 21:15:00,27.5,92.1333,987.0
2018-08-15 21:30:00,27.8,90.7667,987.0
2018-08-15 21:45:00,27.5,91.9333,988.0
2018-08-15 22:00:00,27.5,92.3667,988.0
2018-08-15 22:15:00,27.4333,92.9667,988.0
2018-08-15 22:30:00,27.5,92.6,988.0
2018-08-15 22:45:00,27.7,91.8167,988.0
2018-08-15 23:00:00,27.5667,92.5333,988.0
2018-08-15 23:15:00,27.9,75.9333,988.0
2018-08-15 23:30:00,27.8667,91.25,988.0
2018-08-15 23:45:00,27.8,92.2667,988.0
2018-08-16 00:00:00,27.6333,92.9167,988.0
2018-08-16 00:15:00,27.65,93.2333,988.0
2018-08-16 00:30:00,27.7,93.3167,988.0
2018-08-16 00:45:00,27.6,93.8833,987.0
2018-08-16 01:00:00,27.7667,93.8167,987.0
2018-08-16 01:15:00,27.9,93.05,987.0
2018-08-16 01:30:00,27.95,92.9667,987.0
2018-08-16 01:45:00,28.0,92.85,986.0
2018-08-16 02:00:00,28.1,92.45,986.0
2018-08-16 02:15:00,28.4,90.9333,986.0
2018-08-16 02:30:00,28.1,91.0667,986.0
2018-08-16 02:45:00,28.1,90.0833,986.0
2018-08-16 03:00:00,28.1667,89.55,986.0
2018-08-16 03:15:00,28.1,89.2667,986.0
2018-08-16 03:30:00,28.2,88.75,986.0
2018-08-16 03:45:00,28.1167,89.0833,986.0
2018-08-16 04:00:00,28.0333,89.6667,986.0
2018-08-16 04:15:00,27.8833,88.8667,986.0
2018-08-16 04:30:00,27.8333,88.3,986.0
2018-08-16 04:45:00,27.8,88.6667,986.0
2018-08-16 05:00:00,27.6833,89.1,986.0
2018-08-16 05:15:00,27.6,88.8667,986.0
2018-08-16 05:30:00,27.7,89.0,986.0
2018-08-16 05:45:00,27.7,89.1333,987.0
2018-08-16 06:00:00,27.7833,89.4667,987.0
2018-08-16 06:15:00,27.8167,89.6167,987.0
2018-08-16 06:30:00,28.1667,88.6333,987.0
2018-08-16 06:45:00,28.3,88.1167,987.0
2018-08-16 07:00:00,28.5,87.2333,987.0
2018-08-16 07:15:00,28.6,87.5167,987.0
2018-08-16 07:30:00,29.0,85.1667,987.0
2018-08-16 07:45:00,29.7667,83.6667,987.0
2018-08-16 08:00:00,30.3167,79.9333,987.0
2018-08-16 08:15:00,30.0333,80.5,987.0
2018-08-16 08:30:00,30.2833,80.8667,987.0
2018-08-16 08:45:00,30.6,79.7167,987.0
2018-08-16 09:00:00,30.75,78.5167,988.0
2018-08-16 09:15:00,30.6,79.1167,987.0
2018-08-16 09:30:00,31.0333,78.1333,987.0
2018-08-16 09:45:00,31.5333,76.5,987.0
2018-08-16 10:00:00,31.7333,75.0333,987.0
2018-08-16 10:15:00,31.7,74.75,987.0
2018-08-16 10:30:00,31.4333,74.95,987.0
2018-08-16 10:45:00,31.65,72.95,987.0
2018-08-16 11:00:00,32.3667,71.9667,987.0
2018-08-16 11:15:00,32.7,70.8,987.0
2018-08-16 11:30:00,32.1833,71.5167,987.0
2018-08-16 11:45:00,32.4,70.9833,987.0
2018-08-16 12:00:00,32.4167,70.8167,987.0
2018-08-16 12:15:00,33.1333,67.5333,987.0
2018-08-16 12:30:00,32.75,66.8833,986.0
2018-08-16 12:45:00,33.05,68.8667,986.0
2018-08-16 13:00:00,33.25,64.5,987.0
2018-08-16 13:15:00,33.5333,65.5,986.0
2018-08-16 13:30:00,33.25,65.5667,986.0
2018-08-16 13:45:00,33.0,66.5333,986.0
2018-08-16 14:00:00,33.4833,64.4167,986.0
2018-08-16 14:15:00,33.0833,66.2167,985.0
2018-08-16 14:30:00,33.7667,64.1667,985.0
2018-08-16 14:45:00,33.8333,63.7833,985.0
2018-08-16 15:00:00,,,
2018-08-16 15:15:00,,,
2018-08-16 15:30:00,33.6333,63.9167,984.0
2018-08-16 15:45:00,33.6167,65.7667,984.0
2018-08-16 16:00:00,33.6333,64.6167,984.0
2018-08-16 16:15:00,33.0167,66.85,984.0
2018-08-16 16:30:00,33.3,64.7167,983.0
2018-08-16 16:45:00,33.3,65.1167,983.0
2018-08-16 17:00:00,33.4,65.55,983.0
2018-08-16 17:15:00,33.25,66.6,984.0
2018-08-16 17:30:00,32.8167,67.5167,984.0
2018-08-16 17:45:00,32.8,67.3667,984.0
2018-08-16 18:00:00,32.6,67.5333,984.0
2018-08-16 18:15:00,32.1833,69.0167,984.0
2018-08-16 18:30:00,31.9,70.2,984.0
2018-08-16 18:45:00,31.5,72.8833,984.0
2018-08-16 19:00:00,31.3667,73.95,984.0
2018-08-16 19:15:00,31.2,75.0,985.0
2018-08-16 19:30:00,31.0,76.2833,985.0
2018-08-16 19:45:00,30.8,76.7833,985.0
2018-08-16 20:00:00,30.9,76.8,985.0
2018-08-16 20:15:00,30.6,78.15,985.0
2018-08-16 20:30:00,30.5833,78.6167,985.0
2018-08-16 20:45:00,30.2667,80.2667,985.0
2018-08-16 21:00:00,30.15,80.85,985.0
2018-08-16 21:15:00,30.0,81.5333,985.0
2018-08-16 21:30:00,29.9833,81.8167,986.0
2018-08-16 21:45:00,29.9833,82.0833,986.0
2018-08-16 22:00:00,29.8833,82.7333,986.0
2018-08-16 22:15:00,29.9,83.45,986.0
2018-08-16 22:30:00,29.7833,84.1833,986.0
2018-08-16 22:45:00,29.8,84.1833,986.0
2018-08-16 23:00:00,29.7333,84.5833,986.0
2018-08-16 23:15:00,29.6,85.0,986.0
2018-08-16 23:30:00,29.4167,86.15,986.0
2018-08-16 23:45:00,29.4,85.9833,986.0
2018-08-17 00:00:00,29.3,86.7667,985.0
2018-08-17 00:15:00,29.3,86.4333,985.0
2018-08-17 00:30:00,29.3,86.15,985.0
2018-08-17 00:45:00,29.1,86.85,985.0
2018-08-17 01:00:00,29.1,86.9,985.0
2018-08-17 01:15:00,29.0833,87.0,985.0
2018-08-17 01:30:00,29.0,87.5,985.0
2018-08-17 01:45:00,28.8167,88.0333,985.0
2018-08-17 02:00:00,28.7667,88.3167,985.0
2018-08-17 02:15:00,28.7333,88.25,985.0
2018-08-17 02:30:00,28.6,88.5833,985.0
2018-08-17 02:45:00,28.6,88.5333,985.0
2018-08-17 03:00:00,28.6,88.15,984.0
2018-08-17 03:15:00,28.6833,87.5833,984.0
2018-08-17 03:30:00,28.6167,87.4333,984.0
2018-08-17 03:45:00,28.5,87.7833,984.0
2018-08-17 04:00:00,28.4,88.3,984.0
2018-08-17 04:15:00,28.4,88.2,984.0
2018-08-17 04:30:00,28.3,88.9,984.0
2018-08-17 04:45:00,28.2,89.3833,984.0
2018-08-17 05:00:00,28.1,89.8833,984.0
2018-08-17 05:15:00,28.1,89.65,984.0
2018-08-17 05:30:00,28.1333,89.3833,985.0
2018-08-17 05:45:00,28.1333,89.3833,985.0
2018-08-17 06:00:00,28.1,89.5167,985.0
2018-08-17 06:15:00,28.2,89.0,985.0
2018-08-17 06:30:00,28.2833,88.9167,985.0
2018-08-17 06:45:00,28.3,88.7667,985.0
2018-08-17 07:00:00,28.5,87.8,985.0
2018-08-17 07:15:00,28.6,87.5167,985.0
2018-08-17 07:30:00,28.7333,87.0833,985.0
2018-08-17 07:45:00,28.9167,86.45,986.0
2018-08-17 08:00:00,29.2,85.25,986.0
2018-08-17 08:15:00,29.5167,84.0167,986.0
2018-08-17 08:30:00,29.5167,83.5167,986.0
2018-08-17 08:45:00,29.5333,81.85,986.0
2018-08-17 09:00:00,29.75,81.2667,986.0
2018-08-17 09:15:00,30.3167,79.5,986.0
2018-08-17 09:30:00,31.4333,74.8167,986.0
2018-08-17 09:45:00,30.9167,77.5667,986.0
2018-08-17 10:00:00,31.4667,75.6,986.0
2018-08-17 10:15:00,31.7667,72.45,986.0
2018-08-17 10:30:00,32.3333,72.7667,986.0
2018-08-17 10:45:00,31.75,70.0,986.0
2018-08-17 11:00:00,32.1,69.65,986.0
2018-08-17 11:15:00,,,986.0
2018-08-17 11:30:00,31.5333,70.55,986.0
2018-08-17 11:45:00,32.3667,67.2667,986.0
2018-08-17 12:00:00,32.8333,66.3667,986.0
2018-08-17 12:15:00,33.4,65.0167,985.0
2018-08-17 12:30:00,33.4667,64.65,985.0
2018-08-17 12:45:00,33.2,64.35,985.0
2018-08-17 13:00:00,33.4,64.2,985.0
2018-08-17 13:15:00,33.1,65.2833,985.0
2018-08-17 13:30:00,33.65,64.7,984.0
2018-08-17 13:45:00,32.9,66.35,984.0
2018-08-17 14:00:00,33.6,65.1333,984.0
2018-08-17 14:15:00,33.45,64.7167,984.0
2018-08-17 14:30:00,33.3333,64.75,983.0
2018-08-17 14:45:00,33.3,64.8667,983.0
2018-08-17 15:00:00,33.5667,67.5167,983.0
2018-08-17 15:15:00,33.5833,63.0,983.0
2018-08-17 15:30:00,33.8,63.5833,983.0
2018-08-17 15:45:00,34.1,61.4667,983.0
2018-08-17 16:00:00,32.8833,64.5,983.0
2018-08-17 16:15:00,33.6167,60.2,982.0
2018-08-17 16:30:00,33.6167,62.0833,982.0
2018-08-17 16:45:00,33.8,60.8167,982.0
2018-08-17 17:00:00,33.7,61.2833,982.0
2018-08-17 17:15:00,33.9167,61.7833,982.0
2018-08-17 17:30:00,33.9,61.1833,982.0
2018-08-17 17:45:00,33.6,64.4833,982.0
2018-08-17 18:00:00,32.8,66.1333,982.0
2018-08-17 18:15:00,32.4,66.7,982.0
2018-08-17 18:30:00,32.2,68.25,982.0
2018-08-17 18:45:00,31.9833,69.1833,982.0
2018-08-17 19:00:00,31.7,70.7667,983.0
2018-08-17 19:15:00,31.55,72.7167,983.0
2018-08-17 19:30:00,31.3833,74.0167,983.0
2018-08-17 19:45:00,31.3,74.7833,983.0
2018-08-17 20:00:00,31.2833,74.8833,983.0
2018-08-17 20:15:00,31.2,77.1833,984.0
2018-08-17 20:30:00,30.8667,78.55,984.0
2018-08-17 20:45:00,30.7667,79.6,984.0
2018-08-17 21:00:00,30.65,80.0667,984.0
2018-08-17 21:15:00,30.6333,79.9667,984.0
2018-08-17 21:30:00,30.5,80.3167,985.0
2018-08-17 21:45:00,30.4,80.0333,985.0
2018-08-17 22:00:00,30.5,79.1167,985.0
2018-08-17 22:15:00,30.5333,78.7167,985.0
2018-08-17 22:30:00,30.6,79.4,985.0
2018-08-17 22:45:00,30.3,81.7167,985.0
2018-08-17 23:00:00,30.2,82.7,985.0
2018-08-17 23:15:00,30.2,83.1,985.0
2018-08-17 23:30:00,30.1167,83.7167,985.0
2018-08-17 23:45:00,29.8,85.0833,985.0
2018-08-18 00:00:00,29.6,85.65,985.0
2018-08-18 00:15:00,29.55,85.1167,985.0
2018-08-18 00:30:00,29.6,85.1,985.0
2018-08-18 00:45:00,29.5,85.65,985.0
2018-08-18 01:00:00,29.5,85.85,984.0
2018-08-18 01:15:00,29.2333,87.1833,984.0
2018-08-18 01:30:00,29.2167,87.3167,984.0
2018-08-18 01:45:00,29.1,87.8667,984.0
2018-08-18 02:00:00,29.1,88.1167,984.0
2018-08-18 02:15:00,29.15,87.9833,984.0
2018-08-18 02:30:00,29.1,88.9333,983.0
2018-08-18 02:45:00,28.95,89.55,983.0
2018-08-18 03:00:00,29.0,89.3333,984.0
2018-08-18 03:15:00,28.9,89.7667,984.0
2018-08-18 03:30:00,28.9667,89.2333,984.0
2018-08-18 03:45:00,29.0,89.1,984.0
2018-08-18 04:00:00,28.8,89.9833,984.0
2018-08-18 04:15:00,28.8,90.45,984.0
2018-08-18 04:30:00,28.6833,90.3333,984.0
2018-08-18 04:45:00,28.7,89.8833,984.0
2018-08-18 05:00:00,28.8,89.2667,984.0
2018-08-18 05:15:00,28.7,89.5833,984.0
2018-08-18 05:30:00,28.6167,90.0,984.0
2018-08-18 05:45:00,28.6,90.1333,985.0
2018-08-18 06:00:00,28.7,89.5167,985.0
2018-08-18 06:15:00,28.8,88.6667,985.0
2018-08-18 06:30:00,29.2,87.1167,985.0
2018-08-18 06:45:00,29.5,85.6167,985.0
2018-08-18 07:00:00,30.0833,83.2667,985.0
2018-08-18 07:15:00,30.5,81.1333,985.0
2018-08-18 07:30:00,30.9333,77.05,986.0
2018-08-18 07:45:00,31.2667,75.2667,986.0
2018-08-18 08:00:00,31.65,73.2,986.0
2018-08-18 08:15:00,31.9833,72.8833,986.0
2018-08-18 08:30:00,32.2,70.35,986.0
2018-08-18 08:45:00,32.3,69.4333,986.0
2018-08-18 09:00:00,32.9,69.6,986.0
2018-08-18 09:15:00,32.5,67.9167,986.0
2018-08-18 09:30:00,32.2,68.3333,986.0
2018-08-18 09:45:00,32.7,66.9333,986.0
2018-08-18 10:00:00,33.5,66.2833,986.0
2018-08-18 10:15:00,33.2,66.2333,986.0
2018-08-18 10:30:00,33.1,65.6833,986.0
2018-08-18 10:45:00,33.0333,65.4,986.0
2018-08-18 11:00:00,33.2,65.3833,986.0
2018-08-18 11:15:00,34.4,63.7,986.0
2018-08-18 11:30:00,33.7667,64.0333,986.0
2018-08-18 11:45:00,34.9833,60.5333,986.0
2018-08-18 12:00:00,34.5833,61.7167,985.0
2018-08-18 12:15:00,35.0167,57.1333,985.0
2018-08-18 12:30:00,34.6833,59.8,985.0
2018-08-18 12:45:00,35.4,55.85,985.0
2018-08-18 13:00:00,35.9167,53.45,985.0
2018-08-18 13:15:00,35.8167,55.95,984.0
2018-08-18 13:30:00,35.6,55.0667,984.0
2018-08-18 13:45:00,36.3833,54.9,984.0
2018-08-18 14:00:00,35.4,54.9833,983.0
2018-08-18 14:15:00,33.9833,62.45,983.0
2018-08-18 14:30:00,34.6,61.5667,983.0
2018-08-18 14:45:00,35.7167,60.2,983.0
2018-08-18 15:00:00,34.6,61.4167,982.0
2018-08-18 15:15:00,35.1,59.5333,982.0
2018-08-18 15:30:00,35.1667,58.45,982.0
2018-08-18 15:45:00,34.0167,61.5833,982.0
2018-08-18 16:00:00,34.7833,58.9167,982.0
2018-08-18 16:15:00,35.4,58.6667,981.0
2018-08-18 16:30:00,35.7333,55.7,981.0
2018-08-18 16:45:00,35.4,55.9667,981.0
2018-08-18 17:00:00,35.7833,54.9833,981.0
2018-08-18 17:15:00,34.9,58.15,982.0
2018-08-18 17:30:00,34.9,59.2167,982.0
2018-08-18 17:45:00,34.8,58.0333,982.0
2018-08-18 18:00:00,34.7167,59.8667,982.0
2018-08-18 18:15:00,34.1333,61.3833,982.0
2018-08-18 18:30:00,33.8,64.0,983.0
2018-08-18 18:45:00,33.05,70.0167,983.0
2018-08-18 19:00:00,32.25,70.8333,983.0
2018-08-18 19:15:00,31.9,72.55,983.0
2018-08-18 19:30:00,31.7,73.4833,983.0
2018-08-18 19:45:00,31.5667,74.4333,983.0
2018-08-18 20:00:00,31.3,76.3167,984.0
2018-08-18 20:15:00,31.0,79.1667,984.0
2018-08-18 20:30:00,30.6,82.3833,984.0
2018-08-18 20:45:00,30.2333,81.45,985.0
2018-08-18 21:00:00,30.7,83.8833,985.0
2018-08-18 21:15:00,30.4,85.2,985.0
2018-08-18 21:30:00,30.25,85.8333,985.0
2018-08-18 21:45:00,30.3,85.9667,985.0
2018-08-18 22:00:00,30.5,84.45,985.0
2018-08-18 22:15:00,30.3833,87.45,985.0
2018-08-18 22:30:00,30.1,88.7,985.0
2018-08-18 22:45:00,30.1167,88.2333,985.0
2018-08-18 23:00:00,30.2,87.3,984.0
2018-08-18 23:15:00,29.8,87.8,984.0
2018-08-18 23:30:00,30.0,90.8,984.0
2018-08-18 23:45:00,30.1,86.2333,984.0
2018-08-19 00:00:00,30.2333,84.5,985.0
2018-08-19 00:15:00,30.3167,83.5167,985.0
2018-08-19 00:30:00,30.2833,83.75,985.0
2018-08-19 00:45:00,30.1167,84.4667,985.0
2018-08-19 01:00:00,30.3,83.8667,985.0
2018-08-19 01:15:00,30.1,85.3833,985.0
2018-08-19 01:30:00,29.9,85.5667,985.0
2018-08-19 01:45:00,30.1,85.2,985.0
2018-08-19 02:00:00,30.1,85.45,984.0
2018-08-19 02:15:00,30.1,85.0333,984.0
2018-08-19 02:30:00,30.0,86.7,984.0
2018-08-19 02:45:00,30.1,85.0167,984.0
2018-08-19 03:00:00,29.6833,86.2,984.0
2018-08-19 03:15:00,29.8,87.2167,984.0
2018-08-19 03:30:00,29.7,87.8,984.0
2018-08-19 03:45:00,29.4,88.45,984.0
2018-08-19 04:00:00,29.3667,88.1833,984.0
2018-08-19 04:15:00,29.3,88.7333,984.0
2018-08-19 04:30:00,29.5333,87.6667,984.0
2018-08-19 04:45:00,29.45,88.3667,984.0
2018-08-19 05:00:00,29.2167,88.95,983.0
2018-08-19 05:15:00,29.4,89.7,983.0
2018-08-19 05:30:00,29.4,90.0167,983.0
2018-08-19 05:45:00,29.0833,91.3333,984.0
2018-08-19 06:00:00,29.1,91.8333,984.0
2018-08-19 06:15:00,29.1,91.7,984.0
2018-08-19 06:30:00,29.3667,90.7167,984.0
2018-08-19 06:45:00,30.3,87.9,984.0
2018-08-19 07:00:00,30.8,86.2167,985.0
2018-08-19 07:15:00,30.9833,85.9333,985.0
2018-08-19 07:30:00,31.05,85.1167,985.0
2018-08-19 07:45:00,30.9,86.3167,985.0
2018-08-19 08:00:00,31.3833,84.25,985.0
2018-08-19 08:15:00,31.6333,82.1333,985.0
2018-08-19 08:30:00,32.1,80.0833,985.0
2018-08-19 08:45:00,32.4333,78.1833,985.0
2018-08-19 09:00:00,32.65,78.9667,986.0
2018-08-19 09:15:00,33.9333,72.8,985.0
2018-08-19 09:30:00,33.9,70.3667,985.0
2018-08-19 09:45:00,33.7833,69.9833,985.0
2018-08-19 10:00:00,34.0,70.45,986.0
2018-08-19 10:15:00,34.2,67.65,986.0
2018-08-19 10:30:00,34.15,70.2333,986.0
2018-08-19 10:45:00,34.05,67.1667,986.0
2018-08-19 11:00:00,34.4167,66.7167,986.0
2018-08-19 11:15:00,,,985.0
2018-08-19 11:30:00,35.0833,63.8,985.0
2018-08-19 11:45:00,36.15,63.2833,985.0
2018-08-19 12:00:00,36.2833,56.9167,985.0
2018-08-19 12:15:00,36.5,55.5333,985.0
2018-08-19 12:30:00,37.15,55.6333,984.0
2018-08-19 12:45:00,37.2833,53.65,984.0
2018-08-19 13:00:00,36.8167,55.2333,984.0
2018-08-19 13:15:00,36.6167,55.9,983.0
2018-08-19 13:30:00,35.1,62.4,983.0
2018-08-19 13:45:00,33.9833,67.2833,983.0
2018-08-19 14:00:00,33.1667,68.55,983.0
2018-08-19 14:15:00,32.85,71.9333,982.0
2018-08-19 14:30:00,33.5167,70.45,982.0
2018-08-19 14:45:00,33.4,71.6167,982.0
2018-08-19 15:00:00,33.7,70.4,983.0
2018-08-19 15:15:00,33.6,67.7667,982.0
2018-08-19 15:30:00,33.7,64.8,982.0
2018-08-19 15:45:00,34.0833,65.4,982.0
2018-08-19 16:00:00,34.25,65.85,982.0
2018-08-19 16:15:00,34.3,65.0,982.0
2018-08-19 16:30:00,34.05,69.7667,982.0
2018-08-19 16:45:00,33.5,69.8,981.0
2018-08-19 17:00:00,32.3833,75.4,981.0
2018-08-19 17:15:00,31.3,79.4,981.0
2018-08-19 17:30:00,30.9,80.1667,982.0
2018-08-19 17:45:00,31.3,79.5333,982.0
2018-08-19 18:00:00,31.6,80.4667,982.0
2018-08-19 18:15:00,31.8,80.6333,983.0
2018-08-19 18:30:00,31.5,82.0,983.0
2018-08-19 18:45:00,31.3,81.4333,983.0
2018-08-19 19:00:00,31.3,82.0333,983.0
2018-08-19 19:15:00,31.0,82.95,983.0
2018-08-19 19:30:00,,,
2018-08-19 19:45:00,,,
2018-08-19 20:00:00,,,
2018-08-19 20:15:00,,,
2018-08-19 20:30:00,,,
2018-08-19 20:45:00,,,
2018-08-19 21:00:00,,,
2018-08-19 21:15:00,,,
2018-08-19 21:30:00,,,
2018-08-19 21:45:00,,,
2018-08-19 22:00:00,,,
2018-08-19 22:15:00,,,
2018-08-19 22:30:00,,,
2018-08-19 22:45:00,,,
2018-08-19 23:00:00,,,
2018-08-19 23:15:00,,,
2018-08-19 23:30:00,,,
2018-08-19 23:45:00,,,
2018-08-20 00:00:00,,,
2018-08-20 00:15:00,,,
2018-08-20 00:30:00,,,
2018-08-20 00:45:00,,,
2018-08-20 01:00:00,,,
2018-08-20 01:15:00,,,
2018-08-20 01:30:00,,,
2018-08-20 01:45:00,,,
2018-08-20 02:00:00,,,
2018-08-20 02:15:00,,,
2018-08-20 02:30:00,,,
2018-08-20 02:45:00,,,
2018-08-20 03:00:00,,,
2018-08-20 03:15:00,,,
2018-08-20 03:30:00,,,
2018-08-20 03:45:00,,,
2018-08-20 04:00:00,,,
2018-08-20 04:15:00,,,
2018-08-20 04:30:00,,,
2018-08-20 04:45:00,,,
2018-08-20 05:00:00,,,
2018-08-20 05:15:00,,,
2018-08-20 05:30:00,,,
2018-08-20 05:45:00,,,
2018-08-20 06:00:00,,,
2018-08-20 06:15:00,28.2167,91.7167,986.0
2018-08-20 06:30:00,28.2,92.25,986.0
2018-08-20 06:45:00,28.3,91.8167,986.0
2018-08-20 07:00:00,28.3,92.0333,986.0
2018-08-20 07:15:00,28.3,91.6833,986.0
2018-08-20 07:30:00,,,
2018-08-20 07:45:00,,,
2018-08-20 08:00:00,,,
2018-08-20 08:15:00,,,
2018-08-20 08:30:00,,,
2018-08-20 08:45:00,,,
2018-08-20 09:00:00,,,
2018-08-20 09:15:00,,,
2018-08-20 09:30:00,,,
2018-08-20 09:45:00,,,
2018-08-20 10:00:00,,,
2018-08-20 10:15:00,,,
2018-08-20 10:30:00,,,
2018-08-20 10:45:00,,,
2018-08-20 11:00:00,,,
2018-08-20 11:15:00,,,
2018-08-20 11:30:00,,,
2018-08-20 11:45:00,,,
2018-08-20 12:00:00,,,
2018-08-20 12:15:00,,,
2018-08-20 12:30:00,,,
2018-08-20 12:45:00,,,
2018-08-20 13:00:00,,,
2018-08-20 13:15:00,,,
2018-08-20 13:30:00,,,
2018-08-20 13:45:00,,,
2018-08-20 14:00:00,,,
2018-08-20 14:15:00,,,
2018-08-20 14:30:00,,,
2018-08-20 14:45:00,,,
2018-08-20 15:00:00,,,
2018-08-20 15:15:00,,,
2018-08-20 15:30:00,,,
2018-08-20 15:45:00,,,
2018-08-20 16:00:00,,,
2018-08-20 16:15:00,,,
2018-08-20 16:30:00,,,
2018-08-20 16:45:00,,,
2018-08-20 17:00:00,,,
2018-08-20 17:15:00,,,
2018-08-20 17:30:00,,,
2018-08-20 17:45:00,,,
2018-08-20 18:00:00,,,
2018-08-20 18:15:00,,,
2018-08-20 18:30:00,,,
2018-08-20 18:45:00,,,
2018-08-20 19:00:00,,,
2018-08-20 19:15:00,,,
2018-08-20 19:30:00,,,
2018-08-20 19:45:00,,,
2018-08-20 20:00:00,,,
2018-08-20 20:15:00,,,
2018-08-20 20:30:00,,,
2018-08-20 20:45:00,,,
2018-08-20 21:00:00,,,
2018-08-20 21:15:00,,,
2018-08-20 21:30:00,,,
2018-08-20 21:45:00,,,
2018-08-20 22:00:00,,,
2018-08-20 22:15:00,,,
2018-08-20 22:30:00,,,
2018-08-20 22:45:00,,,
2018-08-20 23:00:00,,,
2018-08-20 23:15:00,,,
2018-08-20 23:30:00,,,
2018-08-20 23:45:00,,,
2018-08-21 00:00:00,,,
2018-08-21 00:15:00,,,
2018-08-21 00:30:00,,,
2018-08-21 00:45:00,,,
2018-08-21 01:00:00,,,
2018-08-21 01:15:00,,,
2018-08-21 01:30:00,,,
2018-08-21 01:45:00,,,
2018-08-21 02:00:00,,,
2018-08-21 02:15:00,,,
2018-08-21 02:30:00,,,
2018-08-21 02:45:00,,,
2018-08-21 03:00:00,,,
2018-08-21 03:15:00,,,
2018-08-21 03:30:00,,,
2018-08-21 03:45:00,,,
2018-08-21 04:00:00,,,
2018-08-21 04:15:00,,,
2018-08-21 04:30:00,,,
2018-08-21 04:45:00,,,
2018-08-21 05:00:00,,,
2018-08-21 05:15:00,,,
2018-08-21 05:30:00,,,
2018-08-21 05:45:00,,,
2018-08-21 06:00:00,,,
2018-08-21 06:15:00,,,
2018-08-21 06:30:00,,,
2018-08-21 06:45:00,,,
2018-08-21 07:00:00,,,
2018-08-21 07:15:00,,,
2018-08-21 07:30:00,,,
2018-08-21 07:45:00,,,
2018-08-21 08:00:00,,,
2018-08-21 08:15:00,,,
2018-08-21 08:30:00,,,
2018-08-21 08:45:00,,,
2018-08-21 09:00:00,,,
2018-08-21 09:15:00,,,
2018-08-21 09:30:00,,,
2018-08-21 09:45:00,,,
2018-08-21 10:00:00,,,
2018-08-21 10:15:00,,,
2018-08-21 10:30:00,,,
2018-08-21 10:45:00,,,
2018-08-21 11:00:00,,,
2018-08-21 11:15:00,,,
2018-08-21 11:30:00,,,
2018-08-21 11:45:00,,,
2018-08-21 12:00:00,,,
2018-08-21 12:15:00,,,
2018-08-21 12:30:00,,,
2018-08-21 12:45:00,,,
2018-08-21 13:00:00,,,
2018-08-21 13:15:00,,,
2018-08-21 13:30:00,,,
2018-08-21 13:45:00,,,
2018-08-21 14:00:00,,,
2018-08-21 14:15:00,,,
2018-08-21 14:30:00,,,
2018-08-21 14:45:00,,,
2018-08-21 15:00:00,,,
2018-08-21 15:15:00,,,
2018-08-21 15:30:00,,,
2018-08-21 15:45:00,,,
2018-08-21 16:00:00,,,
2018-08-21 16:15:00,,,
2018-08-21 16:30:00,,,
2018-08-21 16:45:00,,,
2018-08-21 17:00:00,,,
2018-08-21 17:15:00,,,
2018-08-21 17:30:00,,,
2018-08-21 17:45:00,,,
2018-08-21 18:00:00,,,
2018-08-21 18:15:00,,,
2018-08-21 18:30:00,,,
2018-08-21 18:45:00,,,
2018-08-21 19:00:00,,,
2018-08-21 19:15:00,,,
2018-08-21 19:30:00,,,
2018-08-21 19:45:00,,,
2018-08-21 20:00:00,,,
2018-08-21 20:15:00,,,
2018-08-21 20:30:00,,,
2018-08-21 20:45:00,,,
2018-08-21 21:00:00,,,
2018-08-21 21:15:00,,,
2018-08-21 21:30:00,,,
2018-08-21 21:45:00,,,
2018-08-21 22:00:00,,,
2018-08-21 22:15:00,,,
2018-08-21 22:30:00,,,
2018-08-21 22:45:00,,,
2018-08-21 23:00:00,,,
2018-08-21 23:15:00,,,
2018-08-21 23:30:00,,,
2018-08-21 23:45:00,,,
2018-08-22 00:00:00,,,
2018-08-22 00:15:00,,,
2018-08-22 00:30:00,,,
2018-08-22 00:45:00,,,
2018-08-22 01:00:00,,,
2018-08-22 01:15:00,,,
2018-08-22 01:30:00,,,
2018-08-22 01:45:00,,,
2018-08-22 02:00:00,,,
2018-08-22 02:15:00,,,
2018-08-22 02:30:00,,,
2018-08-22 02:45:00,,,
2018-08-22 03:00:00,,,
2018-08-22 03:15:00,,,
2018-08-22 03:30:00,,,
2018-08-22 03:45:00,,,
2018-08-22 04:00:00,,,
2018-08-22 04:15:00,,,
2018-08-22 04:30:00,,,
2018-08-22 04:45:00,,,
2018-08-22 05:00:00,,,
2018-08-22 05:15:00,,,
2018-08-22 05:30:00,,,
2018-08-22 05:45:00,,,
2018-08-22 06:00:00,,,
2018-08-22 06:15:00,,,
2018-08-22 06:30:00,,,
2018-08-22 06:45:00,,,
2018-08-22 07:00:00,,,
2018-08-22 07:15:00,,,
2018-08-22 07:30:00,,,
2018-08-22 07:45:00,,,
2018-08-22 08:00:00,,,
2018-08-22 08:15:00,,,
2018-08-22 08:30:00,,,
2018-08-22 08:45:00,,,
2018-08-22 09:00:00,,,
2018-08-22 09:15:00,,,
2018-08-22 09:30:00,,,
2018-08-22 09:45:00,,,
2018-08-22 10:00:00,,,
2018-08-22 10:15:00,,,
2018-08-22 10:30:00,,,
2018-08-22 10:45:00,,,
2018-08-22 11:00:00,,,
2018-08-22 11:15:00,,,
2018-08-22 11:30:00,,,
2018-08-22 11:45:00,,,
2018-08-22 12:00:00,,,
2018-08-22 12:15:00,,,
2018-08-22 12:30:00,,,
2018-08-22 12:45:00,,,
2018-08-22 13:00:00,,,
2018-08-22 13:15:00,,,
2018-08-22 13:30:00,,,
2018-08-22 13:45:00,,,
2018-08-22 14:00:00,,,
2018-08-22 14:15:00,,,
2018-08-22 14:30:00,,,
2018-08-22 14:45:00,,,
2018-08-22 15:00:00,,,
2018-08-22 15:15:00,,,
2018-08-22 15:30:00,,,
2018-08-22 15:45:00,,,
2018-08-22 16:00:00,,,
2018-08-22 16:15:00,,,
2018-08-22 16:30:00,,,
2018-08-22 16:45:00,,,
2018-08-22 17:00:00,,,
2018-08-22 17:15:00,,,
2018-08-22 17:30:00,,,
2018-08-22 17:45:00,,,
2018-08-22 18:00:00,,,
2018-08-22 18:15:00,,,
2018-08-22 18:30:00,,,
2018-08-22 18:45:00,,,
2018-08-22 19:00:00,,,
2018-08-22 19:15:00,,,
2018-08-22 19:30:00,,,
2018-08-22 19:45:00,,,
2018-08-22 20:00:00,,,
2018-08-22 20:15:00,,,
2018-08-22 20:30:00,,,
2018-08-22 20:45:00,,,
2018-08-22 21:00:00,,,
2018-08-22 21:15:00,,,
2018-08-22 21:30:00,,,
2018-08-22 21:45:00,,,
2018-08-22 22:00:00,,,
2018-08-22 22:15:00,,,
2018-08-22 22:30:00,,,
2018-08-22 22:45:00,,,
2018-08-22 23:00:00,,,
2018-08-22 23:15:00,,,
2018-08-22 23:30:00,,,
2018-08-22 23:45:00,,,
2018-08-23 00:00:00,,,
2018-08-23 00:15:00,,,
2018-08-23 00:30:00,,,
2018-08-23 00:45:00,,,
2018-08-23 01:00:00,,,
2018-08-23 01:15:00,,,
2018-08-23 01:30:00,,,
2018-08-23 01:45:00,,,
2018-08-23 02:00:00,,,
2018-08-23 02:15:00,,,
2018-08-23 02:30:00,,,
2018-08-23 02:45:00,,,
2018-08-23 03:00:00,,,
2018-08-23 03:15:00,,,
2018-08-23 03:30:00,,,
2018-08-23 03:45:00,,,
2018-08-23 04:00:00,,,
2018-08-23 04:15:00,,,
2018-08-23 04:30:00,,,
2018-08-23 04:45:00,,,
2018-08-23 05:00:00,,,
2018-08-23 05:15:00,,,
2018-08-23 05:30:00,,,
2018-08-23 05:45:00,,,
2018-08-23 06:00:00,,,
2018-08-23 06:15:00,,,
2018-08-23 06:30:00,,,
2018-08-23 06:45:00,,,
2018-08-23 07:00:00,,,
2018-08-23 07:15:00,,,
2018-08-23 07:30:00,,,
2018-08-23 07:45:00,,,
2018-08-23 08:00:00,,,
2018-08-23 08:15:00,,,
2018-08-23 08:30:00,,,
2018-08-23 08:45:00,,,
2018-08-23 09:00:00,,,
2018-08-23 09:15:00,,,
2018-08-23 09:30:00,,,
2018-08-23 09:45:00,,,
2018-08-23 10:00:00,,,
2018-08-23 10:15:00,,,
2018-08-23 10:30:00,,,
2018-08-23 10:45:00,,,
2018-08-23 11:00:00,,,
2018-08-23 11:15:00,,,
2018-08-23 11:30:00,,,
2018-08-23 11:45:00,,,
2018-08-23 12:00:00,,,
2018-08-23 12:15:00,,,
2018-08-23 12:30:00,,,
2018-08-23 12:45:00,,,
2018-08-23 13:00:00,,,
2018-08-23 13:15:00,,,
2018-08-23 13:30:00,,,
2018-08-23 13:45:00,,,
2018-08-23 14:00:00,,,
2018-08-23 14:15:00,,,
2018-08-23 14:30:00,,,
2018-08-23 14:45:00,,,
2018-08-23 15:00:00,,,
2018-08-23 15:15:00,,,
2018-08-23 15:30:00,,,
2018-08-23 15:45:00,,,
2018-08-23 16:00:00,,,
2018-08-23 16:15:00,,,
2018-08-23 16:30:00,,,
2018-08-23 16:45:00,,,
2018-08-23 17:00:00,,,
2018-08-23 17:15:00,,,
2018-08-23 17:30:00,,,
2018-08-23 17:45:00,,,
2018-08-23 18:00:00,,,
2018-08-23 18:15:00,,,
2018-08-23 18:30:00,,,
2018-08-23 18:45:00,,,
2018-08-23 19:00:00,,,
2018-08-23 19:15:00,,,
2018-08-23 19:30:00,,,
2018-08-23 19:45:00,,,
2018-08-23 20:00:00,,,
2018-08-23 20:15:00,,,
2018-08-23 20:30:00,,,
2018-08-23 20:45:00,,,
2018-08-23 21:00:00,,,
2018-08-23 21:15:00,,,
2018-08-23 21:30:00,,,
2018-08-23 21:45:00,,,
2018-08-23 22:00:00,,,
2018-08-23 22:15:00,,,
2018-08-23 22:30:00,,,
2018-08-23 22:45:00,,,
2018-08-23 23:00:00,,,
2018-08-23 23:15:00,,,
2018-08-23 23:30:00,,,
2018-08-23 23:45:00,,,
2018-08-24 00:00:00,,,
2018-08-24 00:15:00,,,
2018-08-24 00:30:00,,,
2018-08-24 00:45:00,,,
2018-08-24 01:00:00,,,
2018-08-24 01:15:00,,,
2018-08-24 01:30:00,,,
2018-08-24 01:45:00,,,
2018-08-24 02:00:00,,,
2018-08-24 02:15:00,,,
2018-08-24 02:30:00,,,
2018-08-24 02:45:00,,,
2018-08-24 03:00:00,,,
2018-08-24 03:15:00,,,
2018-08-24 03:30:00,,,
2018-08-24 03:45:00,,,
2018-08-24 04:00:00,,,
2018-08-24 04:15:00,,,
2018-08-24 04:30:00,,,
2018-08-24 04:45:00,,,
2018-08-24 05:00:00,,,
2018-08-24 05:15:00,,,
2018-08-24 05:30:00,,,
2018-08-24 05:45:00,,,
2018-08-24 06:00:00,,,
2018-08-24 06:15:00,,,
2018-08-24 06:30:00,,,
2018-08-24 06:45:00,,,
2018-08-24 07:00:00,,,
2018-08-24 07:15:00,,,
2018-08-24 07:30:00,,,
2018-08-24 07:45:00,,,
2018-08-24 08:00:00,,,
2018-08-24 08:15:00,,,
2018-08-24 08:30:00,,,
2018-08-24 08:45:00,,,
2018-08-24 09:00:00,,,
2018-08-24 09:15:00,,,
2018-08-24 09:30:00,,,
2018-08-24 09:45:00,,,
2018-08-24 10:00:00,,,
2018-08-24 10:15:00,,,
2018-08-24 10:30:00,,,
2018-08-24 10:45:00,,,
2018-08-24 11:00:00,,,
2018-08-24 11:15:00,,,
2018-08-24 11:30:00,,,
2018-08-24 11:45:00,,,
2018-08-24 12:00:00,,,
2018-08-24 12:15:00,,,
2018-08-24 12:30:00,,,
2018-08-24 12:45:00,,,
2018-08-24 13:00:00,,,
2018-08-24 13:15:00,,,
2018-08-24 13:30:00,,,
2018-08-24 13:45:00,,,
2018-08-24 14:00:00,,,
2018-08-24 14:15:00,,,
2018-08-24 14:30:00,,,
2018-08-24 14:45:00,,,
2018-08-24 15:00:00,,,
2018-08-24 15:15:00,,,
2018-08-24 15:30:00,,,
2018-08-24 15:45:00,,,
2018-08-24 16:00:00,,,
2018-08-24 16:15:00,,,
2018-08-24 16:30:00,,,
2018-08-24 16:45:00,,,
2018-08-24 17:00:00,,,
2018-08-24 17:15:00,,,
2018-08-24 17:30:00,,,
2018-08-24 17:45:00,,,
2018-08-24 18:00:00,,,
2018-08-24 18:15:00,,,
2018-08-24 18:30:00,,,
2018-08-24 18:45:00,,,
2018-08-24 19:00:00,,,
2018-08-24 19:15:00,,,
2018-08-24 19:30:00,,,
2018-08-24 19:45:00,,,
2018-08-24 20:00:00,,,
2018-08-24 20:15:00,,,
2018-08-24 20:30:00,,,
2018-08-24 20:45:00,,,
2018-08-24 21:00:00,,,
2018-08-24 21:15:00,,,
2018-08-24 21:30:00,,,
2018-08-24 21:45:00,,,
2018-08-24 22:00:00,,,
2018-08-24 22:15:00,,,
2018-08-24 22:30:00,,,
2018-08-24 22:45:00,,,
2018-08-24 23:00:00,,,
2018-08-24 23:15:00,,,
2018-08-24 23:30:00,,,
2018-08-24 23:45:00,,,
2018-08-25 00:00:00,,,
2018-08-25 00:15:00,,,
2018-08-25 00:30:00,,,
2018-08-25 00:45:00,,,
2018-08-25 01:00:00,,,
2018-08-25 01:15:00,,,
2018-08-25 01:30:00,,,
2018-08-25 01:45:00,,,
2018-08-25 02:00:00,,,
2018-08-25 02:15:00,,,
2018-08-25 02:30:00,,,
2018-08-25 02:45:00,,,
2018-08-25 03:00:00,,,
2018-08-25 03:15:00,,,
2018-08-25 03:30:00,,,
2018-08-25 03:45:00,,,
2018-08-25 04:00:00,,,
2018-08-25 04:15:00,,,
2018-08-25 04:30:00,,,
2018-08-25 04:45:00,,,
2018-08-25 05:00:00,,,
2018-08-25 05:15:00,,,
2018-08-25 05:30:00,,,
2018-08-25 05:45:00,,,
2018-08-25 06:00:00,,,
2018-08-25 06:15:00,,,
2018-08-25 06:30:00,,,
2018-08-25 06:45:00,,,
2018-08-25 07:00:00,,,
2018-08-25 07:15:00,,,
2018-08-25 07:30:00,,,
2018-08-25 07:45:00,,,
2018-08-25 08:00:00,,,
2018-08-25 08:15:00,,,
2018-08-25 08:30:00,,,
2018-08-25 08:45:00,,,
2018-08-25 09:00:00,,,
2018-08-25 09:15:00,,,
2018-08-25 09:30:00,,,
2018-08-25 09:45:00,,,
2018-08-25 10:00:00,,,
2018-08-25 10:15:00,,,
2018-08-25 10:30:00,,,
2018-08-25 10:45:00,,,
2018-08-25 11:00:00,,,
2018-08-25 11:15:00,,,
2018-08-25 11:30:00,,,
2018-08-25 11:45:00,,,
2018-08-25 12:00:00,,,
2018-08-25 12:15:00,,,
2018-08-25 12:30:00,,,
2018-08-25 12:45:00,,,
2018-08-25 13:00:00,,,
2018-08-25 13:15:00,,,
2018-08-25 13:30:00,,,
2018-08-25 13:45:00,,,
2018-08-25 14:00:00,,,
2018-08-25 14:15:00,,,
2018-08-25 14:30:00,,,
2018-08-25 14:45:00,,,
2018-08-25 15:00:00,,,
2018-08-25 15:15:00,,,
2018-08-25 15:30:00,,,
2018-08-25 15:45:00,,,
2018-08-25 16:00:00,,,
2018-08-25 16:15:00,,,
2018-08-25 16:30:00,,,
2018-08-25 16:45:00,,,
2018-08-25 17:00:00,,,
2018-08-25 17:15:00,,,
2018-08-25 17:30:00,,,
2018-08-25 17:45:00,,,
2018-08-25 18:00:00,,,
2018-08-25 18:15:00,,,
2018-08-25 18:30:00,,,
2018-08-25 18:45:00,,,
2018-08-25 19:00:00,,,
2018-08-25 19:15:00,,,
2018-08-25 19:30:00,,,
2018-08-25 19:45:00,,,
2018-08-25 20:00:00,,,
2018-08-25 20:15:00,28.0,89.5833,985.0
2018-08-25 20:30:00,28.1,90.0667,986.0
2018-08-25 20:45:00,28.1,89.8667,985.0
2018-08-25 21:00:00,28.1,90.3667,986.0
2018-08-25 21:15:00,28.2,90.4667,986.0
2018-08-25 21:30:00,,,
2018-08-25 21:45:00,,,
2018-08-25 22:00:00,,,
2018-08-25 22:15:00,,,
2018-08-25 22:30:00,,,
2018-08-25 22:45:00,,,
2018-08-25 23:00:00,,,
2018-08-25 23:15:00,,,
2018-08-25 23:30:00,,,
2018-08-25 23:45:00,,,
2018-08-26 00:00:00,,,
2018-08-26 00:15:00,,,
2018-08-26 00:30:00,,,
2018-08-26 00:45:00,,,
2018-08-26 01:00:00,,,
2018-08-26 01:15:00,,,
2018-08-26 01:30:00,,,
2018-08-26 01:45:00,,,
2018-08-26 02:00:00,,,
2018-08-26 02:15:00,,,
2018-08-26 02:30:00,,,
2018-08-26 02:45:00,,,
2018-08-26 03:00:00,,,
2018-08-26 03:15:00,,,
2018-08-26 03:30:00,,,
2018-08-26 03:45:00,,,
2018-08-26 04:00:00,,,
2018-08-26 04:15:00,,,
2018-08-26 04:30:00,,,
2018-08-26 04:45:00,,,
2018-08-26 05:00:00,,,
2018-08-26 05:15:00,,,
2018-08-26 05:30:00,,,
2018-08-26 05:45:00,,,
2018-08-26 06:00:00,,,
2018-08-26 06:15:00,,,
2018-08-26 06:30:00,,,
2018-08-26 06:45:00,,,
2018-08-26 07:00:00,,,
2018-08-26 07:15:00,,,
2018-08-26 07:30:00,,,
2018-08-26 07:45:00,,,
2018-08-26 08:00:00,,,
2018-08-26 08:15:00,,,
2018-08-26 08:30:00,,,
2018-08-26 08:45:00,,,
2018-08-26 09:00:00,,,
2018-08-26 09:15:00,,,
2018-08-26 09:30:00,,,
2018-08-26 09:45:00,,,
2018-08-26 10:00:00,,,
2018-08-26 10:15:00,,,
2018-08-26 10:30:00,,,
2018-08-26 10:45:00,,,
2018-08-26 11:00:00,,,
2018-08-26 11:15:00,,,
2018-08-26 11:30:00,,,
2018-08-26 11:45:00,,,
2018-08-26 12:00:00,,,
2018-08-26 12:15:00,,,
2018-08-26 12:30:00,,,
2018-08-26 12:45:00,,,
2018-08-26 13:00:00,,,
2018-08-26 13:15:00,30.8,73.1333,985.0
2018-08-26 13:30:00,31.1,71.0667,984.0
2018-08-26 13:45:00,30.8,72.05,984.0
2018-08-26 14:00:00,30.25,74.9667,984.0
2018-08-26 14:15:00,30.85,73.9667,984.0
2018-08-26 14:30:00,,,
2018-08-26 14:45:00,,,
2018-08-26 15:00:00,,,
2018-08-26 15:15:00,,,
2018-08-26 15:30:00,,,
2018-08-26 15:45:00,,,
2018-08-26 16:00:00,,,
2018-08-26 16:15:00,,,
2018-08-26 16:30:00,,,
2018-08-26 16:45:00,,,
2018-08-26 17:00:00,,,
2018-08-26 17:15:00,,,
2018-08-26 17:30:00,,,
2018-08-26 17:45:00,,,
2018-08-26 18:00:00,,,
2018-08-26 18:15:00,29.5,78.9333,983.0
2018-08-26 18:30:00,29.4,79.5167,983.0
2018-08-26 18:45:00,29.1,80.55,983.0
2018-08-26 19:00:00,29.0,81.45,983.0
2018-08-26 19:15:00,29.0,82.3833,983.0
2018-08-26 19:30:00,,,
2018-08-26 19:45:00,,,
2018-08-26 20:00:00,,,
2018-08-26 20:15:00,,,
2018-08-26 20:30:00,,,
2018-08-26 20:45:00,,,
2018-08-26 21:00:00,,,
2018-08-26 21:15:00,,,
2018-08-26 21:30:00,,,
2018-08-26 21:45:00,,,
2018-08-26 22:00:00,,,
2018-08-26 22:15:00,28.9,85.5167,985.0
2018-08-26 22:30:00,28.7,86.3667,985.0
2018-08-26 22:45:00,28.3667,87.0833,985.0
2018-08-26 23:00:00,28.2,88.1,985.0
2018-08-26 23:15:00,28.4,86.7167,985.0
2018-08-26 23:30:00,,,
2018-08-26 23:45:00,,,
2018-08-27 00:00:00,,,
2018-08-27 00:15:00,,,
2018-08-27 00:30:00,,,
2018-08-27 00:45:00,,,
2018-08-27 01:00:00,,,
2018-08-27 01:15:00,,,
2018-08-27 01:30:00,,,
2018-08-27 01:45:00,,,
2018-08-27 02:00:00,,,
2018-08-27 02:15:00,,,
2018-08-27 02:30:00,,,
2018-08-27 02:45:00,,,
2018-08-27 03:00:00,,,
2018-08-27 03:15:00,,,
2018-08-27 03:30:00,,,
2018-08-27 03:45:00,,,
2018-08-27 04:00:00,,,
2018-08-27 04:15:00,,,
2018-08-27 04:30:00,,,
2018-08-27 04:45:00,,,
2018-08-27 05:00:00,,,
2018-08-27 05:15:00,,,
2018-08-27 05:30:00,,,
2018-08-27 05:45:00,,,
2018-08-27 06:00:00,,,
2018-08-27 06:15:00,,,
2018-08-27 06:30:00,,,
2018-08-27 06:45:00,,,
2018-08-27 07:00:00,,,
2018-08-27 07:15:00,,,
2018-08-27 07:30:00,,,
2018-08-27 07:45:00,,,
2018-08-27 08:00:00,,,
2018-08-27 08:15:00,,,
2018-08-27 08:30:00,,,
2018-08-27 08:45:00,,,
2018-08-27 09:00:00,,,
2018-08-27 09:15:00,,,
2018-08-27 09:30:00,,,
2018-08-27 09:45:00,,,
2018-08-27 10:00:00,,,
2018-08-27 10:15:00,,,
2018-08-27 10:30:00,,,
2018-08-27 10:45:00,,,
2018-08-27 11:00:00,,,
2018-08-27 11:15:00,,,
2018-08-27 11:30:00,,,
2018-08-27 11:45:00,,,
2018-08-27 12:00:00,,,
2018-08-27 12:15:00,,,
2018-08-27 12:30:00,,,
2018-08-27 12:45:00,,,
2018-08-27 13:00:00,,,
2018-08-27 13:15:00,,,
2018-08-27 13:30:00,,,
2018-08-27 13:45:00,,,
2018-08-27 14:00:00,,,
2018-08-27 14:15:00,,,
2018-08-27 14:30:00,,,
2018-08-27 14:45:00,,,
2018-08-27 15:00:00,,,
2018-08-27 15:15:00,,,
2018-08-27 15:30:00,33.9167,66.3,984.0
2018-08-27 15:45:00,34.45,64.2167,984.0
2018-08-27 16:00:00,34.55,62.1667,984.0
2018-08-27 16:15:00,33.7167,64.6167,984.0
2018-08-27 16:30:00,33.2667,70.6167,984.0
2018-08-27 16:45:00,32.6667,72.9,984.0
2018-08-27 17:00:00,32.6167,72.2,984.0
2018-08-27 17:15:00,32.1333,73.8167,984.0
2018-08-27 17:30:00,31.9,74.5333,984.0
2018-08-27 17:45:00,31.7833,74.5667,984.0
2018-08-27 18:00:00,31.5,74.4333,984.0
2018-08-27 18:15:00,31.5,75.65,984.0
2018-08-27 18:30:00,31.1,75.1667,984.0
2018-08-27 18:45:00,30.8667,76.75,984.0
2018-08-27 19:00:00,30.7,80.5667,984.0
2018-08-27 19:15:00,30.3,82.1,985.0
2018-08-27 19:30:00,30.1833,84.7,985.0
2018-08-27 19:45:00,29.9,85.85,985.0
2018-08-27 20:00:00,29.8,87.1333,985.0
2018-08-27 20:15:00,29.7,86.8,985.0
2018-08-27 20:30:00,29.75,87.1667,986.0
2018-08-27 20:45:00,29.6,87.9167,986.0
2018-08-27 21:00:00,29.6,88.85,986.0
2018-08-27 21:15:00,29.3667,89.7667,986.0
2018-08-27 21:30:00,29.4833,89.6833,986.0
2018-08-27 21:45:00,29.5,89.8667,986.0
2018-08-27 22:00:00,29.2,90.3,986.0
2018-08-27 22:15:00,29.2,90.7,986.0
2018-08-27 22:30:00,29.3167,91.0,986.0
2018-08-27 22:45:00,29.4,91.3,986.0
2018-08-27 23:00:00,29.3,91.1,986.0
2018-08-27 23:15:00,29.6,89.5333,986.0
2018-08-27 23:30:00,29.3,90.6333,986.0
2018-08-27 23:45:00,29.3,89.85,986.0
2018-08-28 00:00:00,29.1833,91.2667,987.0
2018-08-28 00:15:00,29.2,91.8333,987.0
2018-08-28 00:30:00,29.1,92.0,986.0
2018-08-28 00:45:00,28.9,92.5333,986.0
2018-08-28 01:00:00,29.0,92.3,986.0
2018-08-28 01:15:00,29.1,92.0833,986.0
2018-08-28 01:30:00,29.1,91.7,986.0
2018-08-28 01:45:00,29.0667,91.9167,986.0
2018-08-28 02:00:00,29.0,92.0833,985.0
2018-08-28 02:15:00,28.8,92.5167,986.0
2018-08-28 02:30:00,28.8,92.9333,985.0
2018-08-28 02:45:00,28.85,92.9167,985.0
2018-08-28 03:00:00,28.8,92.7333,985.0
2018-08-28 03:15:00,28.9,92.25,985.0
2018-08-28 03:30:00,28.7167,93.2333,985.0
2018-08-28 03:45:00,28.7,93.1167,985.0
2018-08-28 04:00:00,28.65,92.7833,985.0
2018-08-28 04:15:00,28.6,93.05,985.0
2018-08-28 04:30:00,28.6667,92.4,985.0
2018-08-28 04:45:00,28.6,92.7,985.0
2018-08-28 05:00:00,28.4,93.3833,986.0
2018-08-28 05:15:00,28.4,93.1167,986.0
2018-08-28 05:30:00,28.35,93.4833,986.0
2018-08-28 05:45:00,28.1,92.3167,986.0
2018-08-28 06:00:00,27.5,88.6,986.0
2018-08-28 06:15:00,26.8,90.45,986.0
