timestamp,temperature,humidity,pressure,is_anomaly,anomaly_type
2026-08-01 08:00:00,26.409061235644042,71.68393521906242,1009.6490087783541,0,normal
2026-08-01 08:01:00,25.948018374478075,71.63554582985927,1009.7832687032113,0,normal
2026-08-01 08:02:00,26.584333989348544,71.30253242956218,1009.3605618522644,0,normal
2026-08-01 08:03:00,26.660597512495578,72.18726100092982,1009.5783574683328,0,normal
2026-08-01 08:04:00,25.658321693874576,72.01669470322317,1009.7830957571844,0,normal
2026-08-01 08:05:00,25.895265512113678,70.54085020348151,1009.6497896337667,0,normal
2026-08-01 08:06:00,26.405676814822474,70.47643080840544,1009.9062315174845,0,normal
2026-08-01 08:07:00,26.260211927155027,72.12157056470703,1009.3625713968906,0,normal
2026-08-01 08:08:00,26.375040237510476,71.11365533537985,1009.3461597636201,0,normal
2026-08-01 08:09:00,26.09243854324996,71.99146928327052,1009.793022410397,0,normal
2026-08-01 08:10:00,26.70893577003783,72.3584242348143,1009.8144391313651,0,normal
2026-08-01 08:11:00,26.683575320282976,70.70065037784096,1009.6279200310997,0,normal
2026-08-01 08:12:00,26.44471947050318,70.57180791385788,1009.7388833930465,0,normal
2026-08-01 08:13:00,26.82646246688948,73.02409986158361,1009.8050531594689,0,normal
2026-08-01 08:14:00,26.60593418102742,71.9492200047217,1009.528520127353,0,normal
2026-08-01 08:15:00,26.151989777672917,71.31587211842796,1009.5518784609851,0,normal
2026-08-01 08:16:00,26.59229931605638,70.8873062900372,1009.7173535727522,0,normal
2026-08-01 08:17:00,26.13818001752587,71.20919306667204,1009.8500265579503,0,normal
2026-08-01 08:18:00,26.79185671334136,70.64806840012461,1009.4815019405409,0,normal
2026-08-01 08:19:00,26.477592821521252,72.29013030742432,1009.6598231778868,0,normal
2026-08-01 08:20:00,26.441090255461607,70.94476806868913,1009.6555666093213,0,normal
2026-08-01 08:21:00,26.278249150695633,72.42365956023637,1009.7788331452009,0,normal
2026-08-01 08:22:00,26.955303389761497,71.21088647899207,1009.7061019196767,0,normal
2026-08-01 08:23:00,26.48422485811355,70.67916237450409,1009.6134714827676,0,normal
2026-08-01 08:24:00,26.39934832340319,71.15514969540565,1009.9405310164404,0,normal
2026-08-01 08:25:00,26.437025633531203,69.37910188443418,1009.6227771886532,0,normal
2026-08-01 08:26:00,26.757646137840453,71.36396104226591,1009.6713162257638,0,normal
2026-08-01 08:27:00,26.710364923634458,71.30651776674677,1009.441469673682,0,normal
2026-08-01 08:28:00,26.73809332368684,72.08434151610217,1009.6035278736108,0,normal
2026-08-01 08:29:00,26.755657297245122,69.89733492510786,1009.8289110797374,0,normal
2026-08-01 08:30:00,27.365735067776363,72.31760122243706,1009.7977581289778,0,normal
2026-08-01 08:31:00,26.485256833348178,72.02621492376535,1009.8519907272185,0,normal
2026-08-01 08:32:00,26.45961583041525,72.35289615260315,1009.8472778390618,0,normal
2026-08-01 08:33:00,26.365533835624053,71.29050884859159,1010.1279083442241,0,normal
2026-08-01 08:34:00,26.8774551942183,72.12512727424307,1009.6215194154936,0,normal
2026-08-01 08:35:00,27.068565196893168,70.11823802427487,1009.4686472791584,0,normal
2026-08-01 08:36:00,26.64515996509968,71.84679471704476,1009.5750488892096,0,normal
2026-08-01 08:37:00,26.402657461257974,70.64045021699283,1009.6414912657739,0,normal
2026-08-01 08:38:00,26.419868216032476,69.91718345520155,1009.5967651727893,0,normal
2026-08-01 08:39:00,26.947922078317582,70.31981811920286,1009.7929936218193,0,normal
2026-08-01 08:40:00,26.99218485757082,71.20428256269145,1010.0055983881118,0,normal
2026-08-01 08:41:00,26.934034305918267,70.5210472979313,1010.0612401274502,0,normal
2026-08-01 08:42:00,26.522939232376316,71.46187678831251,1009.8788531325492,0,normal
2026-08-01 08:43:00,26.84911409772559,69.69486189606334,1010.1774777929897,0,normal
2026-08-01 08:44:00,26.820740141636346,69.4201109557218,1009.7318678855318,0,normal
2026-08-01 08:45:00,26.86853584138828,72.199939458534,1009.5061228646313,0,normal
2026-08-01 08:46:00,27.109141659477807,71.80521400385591,1009.9935045813528,0,normal
2026-08-01 08:47:00,26.89459859376079,70.22278508951175,1009.4769367215467,0,normal
2026-08-01 08:48:00,27.066210051366255,71.03977617226766,1009.6759292624507,0,normal
2026-08-01 08:49:00,26.86454449661512,71.83763993881233,1009.9093909799883,0,normal
2026-08-01 08:50:00,26.95443627155479,71.33715866141343,1009.8012779261286,0,normal
2026-08-01 08:51:00,27.086598937832694,71.10004642389264,1009.7892657180404,0,normal
2026-08-01 08:52:00,26.368097790042157,71.83716728149724,1009.6150204064061,0,normal
2026-08-01 08:53:00,26.778722134299354,70.35595681420551,1009.829538319048,0,normal
2026-08-01 08:54:00,26.738531601327036,70.94485945248977,1010.016056839603,0,normal
2026-08-01 08:55:00,26.692159762506314,70.8849352180069,1009.842901330558,0,normal
2026-08-01 08:56:00,26.832121979812353,70.66020987785353,1009.693770598518,0,normal
2026-08-01 08:57:00,27.464355533894757,70.54568886459448,1009.6225530884313,0,normal
2026-08-01 08:58:00,26.650838809200057,70.89485041199077,1009.7052763100385,0,normal
2026-08-01 08:59:00,27.305579833736715,70.8430135783672,1009.9255112691567,0,normal
2026-08-01 09:00:00,26.390529551470646,69.95558686257803,1009.9206219608321,0,normal
2026-08-01 09:01:00,26.875224390748322,71.41451715976761,1009.7185591025752,0,normal
2026-08-01 09:02:00,27.062346286442374,69.97063420783742,1009.4685849450881,0,normal
2026-08-01 09:03:00,27.223557238730855,70.55572847602437,1009.9459895982964,0,normal
2026-08-01 09:04:00,27.28035334453353,70.47257505664504,1009.712659994422,0,normal
2026-08-01 09:05:00,27.322187864679243,70.97367830547707,1010.0021329297015,0,normal
2026-08-01 09:06:00,26.935602280969885,68.97022045457167,1009.7458506032476,0,normal
2026-08-01 09:07:00,26.90901984620382,71.3564522961168,1009.7079711769491,0,normal
2026-08-01 09:08:00,27.38436840237591,70.08026608636624,1009.9172013524844,0,normal
2026-08-01 09:09:00,27.0304009119894,71.57587644188887,1010.3178476183474,0,normal
2026-08-01 09:10:00,26.66419426340635,70.19533526950929,1010.0321126667594,0,normal
2026-08-01 09:11:00,26.72740722843062,70.51666814678237,1009.9256263837835,0,normal
2026-08-01 09:12:00,26.815668711753567,72.06456250023756,1009.9695139247441,0,normal
2026-08-01 09:13:00,27.324948267568022,70.28936904551689,1009.5935275946949,0,normal
2026-08-01 09:14:00,27.21430150097729,71.47994120281312,1009.7105090145368,0,normal
2026-08-01 09:15:00,27.419678097656043,70.49763523239906,1009.4643589137113,0,normal
2026-08-01 09:16:00,27.042070524475786,70.77618873319346,1010.2314932019733,0,normal
2026-08-01 09:17:00,27.26074331766026,70.47719213300692,1010.1988291079039,0,normal
2026-08-01 09:18:00,27.43790103758403,71.07679569548813,1009.9983845761027,0,normal
2026-08-01 09:19:00,27.124407333372563,69.8272962320946,1009.9557694425858,0,normal
2026-08-01 09:20:00,27.40632817566704,69.56560828291326,1009.655927837095,0,normal
2026-08-01 09:21:00,27.028604729225794,69.81903063661211,1009.8994991560807,0,normal
2026-08-01 09:22:00,27.147075421535757,70.38662374534108,1010.2653565633416,0,normal
2026-08-01 09:23:00,27.154444703823483,70.10708409967164,1009.9701275132359,0,normal
2026-08-01 09:24:00,26.88346077498395,70.82876300378076,1009.8485765771643,0,normal
2026-08-01 09:25:00,27.48643943361302,71.28105319132658,1009.6374941962093,0,normal
2026-08-01 09:26:00,27.16574513488354,69.43324311013531,1010.2061295536053,0,normal
2026-08-01 09:27:00,27.348488001571504,69.60332238138339,1009.9487806470354,0,normal
2026-08-01 09:28:00,27.526497456564073,69.01797966926685,1009.648898414607,0,normal
2026-08-01 09:29:00,27.528684804976976,71.76768200992855,1009.8024509982554,0,normal
2026-08-01 09:30:00,27.619487891241512,70.36345472532183,1009.7425637940403,0,normal
2026-08-01 09:31:00,27.366378575607367,70.47982005866317,1009.9525020895475,0,normal
2026-08-01 09:32:00,27.266980399654138,68.99999461313364,1010.0172256642034,0,normal
2026-08-01 09:33:00,27.401560408803917,70.04733296591311,1009.8930077097576,0,normal
2026-08-01 09:34:00,26.853262102247484,70.43169997494815,1010.1271306742377,0,normal
2026-08-01 09:35:00,26.951747294977938,69.79805353796525,1010.0051155373746,0,normal
2026-08-01 09:36:00,27.009739173032344,70.83670824565465,1010.1858095201858,0,normal
2026-08-01 09:37:00,27.138134630957996,71.80141913528712,1009.9339537909681,0,normal
2026-08-01 09:38:00,27.641618324104307,69.17004137820265,1010.5500560111814,0,normal
2026-08-01 09:39:00,27.199345074265942,69.08568664825893,1009.9039313274359,0,normal
2026-08-01 09:40:00,27.39851005651928,69.17674428314484,1009.8465749737289,0,normal
2026-08-01 09:41:00,28.00023960175072,71.139429526147,1009.8280684975128,0,normal
2026-08-01 09:42:00,27.43549832671354,70.66380437439295,1009.9784546079595,0,normal
2026-08-01 09:43:00,27.83304018750973,69.69687713861718,1009.7105218708037,0,normal
2026-08-01 09:44:00,27.262900305615137,69.8098562366196,1010.0766671620313,0,normal
2026-08-01 09:45:00,27.532557566037347,69.10261304859735,1009.684291677582,0,normal
2026-08-01 09:46:00,27.286784401118513,70.44303994577865,1010.0599406198555,0,normal
2026-08-01 09:47:00,27.515498872255563,69.40219835057454,1009.7912009970173,0,normal
2026-08-01 09:48:00,27.943173272210345,69.47309198479736,1009.9693728836779,0,normal
2026-08-01 09:49:00,27.0594446247172,70.1431507535731,1010.1503952522049,0,normal
2026-08-01 09:50:00,27.83103249622881,69.48062151790678,1010.4598699128657,0,normal
2026-08-01 09:51:00,27.77720495465107,69.41787651745291,1009.8546610203025,0,normal
2026-08-01 09:52:00,27.501093831472286,69.58907513348741,1010.0251947611752,0,normal
2026-08-01 09:53:00,27.21801016225759,70.19159927218038,1009.9255189013489,0,normal
2026-08-01 09:54:00,27.76449483075468,70.8471441924601,1009.9027551072159,0,normal
2026-08-01 09:55:00,27.569080865647063,69.97290883245226,1009.9341655791756,0,normal
2026-08-01 09:56:00,27.851028239467578,70.12167716982599,1010.2147144374675,0,normal
2026-08-01 09:57:00,27.79246223025837,69.29358482245313,1009.9820467587986,0,normal
2026-08-01 09:58:00,28.36069288787247,68.86160890819453,1010.4782800610874,0,normal
2026-08-01 09:59:00,27.731585705581043,69.92535266614719,1010.1517795904083,0,normal
2026-08-01 10:00:00,27.472459274073017,69.5134106875342,1009.8985935116456,0,normal
2026-08-01 10:01:00,27.908786130696488,68.21250783421941,1010.0178731310662,0,normal
2026-08-01 10:02:00,27.93842751853808,69.06228667088588,1009.9430247353235,0,normal
2026-08-01 10:03:00,28.352565827295386,69.23249577261609,1010.2348391468944,0,normal
2026-08-01 10:04:00,28.184592801763007,68.86445804039288,1009.7993084829166,0,normal
2026-08-01 10:05:00,28.032694335221322,70.43216418971005,1009.8563720100764,0,normal
2026-08-01 10:06:00,28.435462699932444,69.6045392788379,1009.9947117702551,0,normal
2026-08-01 10:07:00,27.52278818210128,70.29304179289421,1010.2275596530612,0,normal
2026-08-01 10:08:00,27.730521831745072,69.37901787115372,1010.330011554071,0,normal
2026-08-01 10:09:00,27.64574367356204,69.20710624925218,1010.3599820590147,0,normal
2026-08-01 10:10:00,27.849252687729706,68.3663790814711,1010.2102647543078,0,normal
2026-08-01 10:11:00,27.519517026501173,69.09880587794233,1010.1033886064647,0,normal
2026-08-01 10:12:00,28.239360974394263,69.07325439240698,1010.2647418081273,0,normal
2026-08-01 10:13:00,27.955010780888042,67.94261375510958,1009.9190916567226,0,normal
2026-08-01 10:14:00,27.533766431542055,68.57812163335832,1009.7964482114124,0,normal
2026-08-01 10:15:00,27.70888490414366,68.72450194098073,1010.2104581270368,0,normal
2026-08-01 10:16:00,28.18988512509065,69.2872422578787,1009.9542101784847,0,normal
2026-08-01 10:17:00,28.389345730346925,69.29881603673905,1010.1268380618985,0,normal
2026-08-01 10:18:00,28.810731562631982,68.43790573823084,1010.1634791371006,0,normal
2026-08-01 10:19:00,29.147629806585776,69.25122856608031,1010.1899527868101,0,normal
2026-08-01 10:20:00,28.288751019659394,68.70359041684304,1010.3174306973698,0,normal
2026-08-01 10:21:00,27.813326439188508,66.52662706615874,1010.3017306420537,0,normal
2026-08-01 10:22:00,27.429432641336607,68.40758037002713,1010.190377912595,0,normal
2026-08-01 10:23:00,28.285358611043925,69.6315017364059,1010.0790278182341,0,normal
2026-08-01 10:24:00,27.92316738225506,67.39578550312845,1010.1812922601007,0,normal
2026-08-01 10:25:00,28.07838500271536,68.80425334554735,1010.0578735431856,0,normal
2026-08-01 10:26:00,28.025615258561885,69.95513116412715,1010.133122336408,0,normal
2026-08-01 10:27:00,28.206686942752786,68.05120570776133,1010.6430306445202,0,normal
2026-08-01 10:28:00,28.645196672383495,68.63414182167917,1010.2078251937439,0,normal
2026-08-01 10:29:00,28.34323535571594,67.5618891893406,1010.2593384751261,0,normal
2026-08-01 10:30:00,28.248935559113637,69.8795204385824,1010.0545628567243,0,normal
2026-08-01 10:31:00,27.958192665120208,68.48365698872126,1010.3684092389506,0,normal
2026-08-01 10:32:00,27.750770207693677,68.56016690801611,1010.3248833314943,0,normal
2026-08-01 10:33:00,28.18296296426784,69.57880347235073,1010.3293876197662,0,normal
2026-08-01 10:34:00,28.35063176885136,68.99699934967907,1010.2331660141502,0,normal
2026-08-01 10:35:00,29.004539195945426,67.73972359581089,1010.383852774363,0,normal
2026-08-01 10:36:00,28.447690708449127,67.89477115101063,1010.4298063698737,0,normal
2026-08-01 10:37:00,28.76240688910752,68.78086295060442,1010.2550567997511,0,normal
2026-08-01 10:38:00,28.260070268607468,67.85790353627878,1010.1866561844314,0,normal
2026-08-01 10:39:00,28.036491009757647,66.63564680980713,1010.3714880297013,0,normal
2026-08-01 10:40:00,28.12984969129964,68.25904905556818,1010.0508929391173,0,normal
2026-08-01 10:41:00,28.230251993435065,67.08963150709438,1010.0875642598271,0,normal
2026-08-01 10:42:00,29.245507105465894,69.53894723839264,1010.2103560108068,0,normal
2026-08-01 10:43:00,28.22953966650718,68.35943295557185,1009.9096500815629,0,normal
2026-08-01 10:44:00,28.82699894918076,67.46590517303322,1010.3751970767577,0,normal
2026-08-01 10:45:00,28.234026053787254,67.60314357671145,1010.0560322668907,0,normal
2026-08-01 10:46:00,28.892643769181735,66.6224981995157,1010.1476064606657,0,normal
2026-08-01 10:47:00,28.717888207009857,67.22637654824092,1010.1971938073909,0,normal
2026-08-01 10:48:00,28.54491345947961,68.89089798983517,1010.2457562382373,0,normal
2026-08-01 10:49:00,28.602070089472026,69.83512585311247,1010.1799186555862,1,drift
2026-08-01 10:50:00,28.65349017621404,68.60263635213573,1010.2327322247539,1,drift
2026-08-01 10:51:00,29.30513831938164,67.91967256930396,1010.2371999140379,1,drift
2026-08-01 10:52:00,29.256133986756602,67.61949237054239,1010.1705322706785,1,drift
2026-08-01 10:53:00,29.25279901349978,67.17158286242342,1010.1148788503975,1,drift
2026-08-01 10:54:00,29.500883068503736,69.55627880607194,1010.4517661974803,1,drift
2026-08-01 10:55:00,30.274984234661908,67.72912118988144,1009.8813459057772,1,drift
2026-08-01 10:56:00,31.03369439455601,69.54424613262051,1010.2261392216781,1,drift
2026-08-01 10:57:00,30.803459950166996,68.93814860744516,1010.1817860148599,1,drift
2026-08-01 10:58:00,30.972406032657226,66.40225576200571,1010.3445812827509,1,drift
2026-08-01 10:59:00,31.380450979025593,67.23366063666488,1010.0104279075074,1,drift
2026-08-01 11:00:00,32.00401033603021,67.20268640227597,1010.1852319202534,1,drift
2026-08-01 11:01:00,31.890206701688086,67.64551622466891,1010.2597520501683,1,drift
2026-08-01 11:02:00,31.93612628902435,67.63258415818196,1010.4737643974322,1,drift
2026-08-01 11:03:00,32.733694445800715,70.04924107700897,1010.3439095864959,1,drift
2026-08-01 11:04:00,32.76311500181255,66.76185430186425,1010.0740443341111,1,drift
2026-08-01 11:05:00,33.41713565970263,67.77817247741343,1010.2022730721412,1,drift
2026-08-01 11:06:00,33.21033758197133,68.05953634342588,1010.4524455195451,1,drift
2026-08-01 11:07:00,32.98423917550897,67.53638042651384,1010.0797448952329,1,drift
2026-08-01 11:08:00,33.200558454454146,67.59706520043336,1010.2846471737707,1,drift
2026-08-01 11:09:00,34.52386250639351,66.64433172624396,1010.3000708831197,1,drift
2026-08-01 11:10:00,34.81595669483881,67.53660186455049,1010.2351716634787,1,drift
2026-08-01 11:11:00,34.41649002484379,67.83174270546641,1010.792738587831,1,drift
2026-08-01 11:12:00,34.61186602621146,67.65589167729715,1010.2360928357459,1,drift
2026-08-01 11:13:00,35.52415839968286,67.82113730569658,1010.3942140134975,1,drift
2026-08-01 11:14:00,34.89186937440685,68.46620651714679,1010.1781844004759,1,drift
2026-08-01 11:15:00,35.23287421619256,68.0568158560766,1010.4139660651181,1,drift
2026-08-01 11:16:00,36.037896891490256,67.33538012192945,1010.4785565018786,1,drift
2026-08-01 11:17:00,35.941334778318804,66.31201951211257,1010.2188149755739,1,drift
2026-08-01 11:18:00,36.34437787982012,66.74048426182999,1010.3176263795663,1,drift
2026-08-01 11:19:00,29.064397371350225,67.01582694548509,1010.1691369648424,0,normal
2026-08-01 11:20:00,29.256786249422348,67.36443358724782,1010.1270996441039,0,normal
2026-08-01 11:21:00,29.648295542362884,66.75089801049701,1010.5225108815466,0,normal
2026-08-01 11:22:00,29.204431989630077,66.35596777319275,1010.2389532503837,0,normal
2026-08-01 11:23:00,29.415164564454813,66.12496888267876,1009.9069992390378,0,normal
2026-08-01 11:24:00,28.489292484691045,65.72554309032861,1010.6619799016108,0,normal
2026-08-01 11:25:00,29.206875716482784,66.82946673417854,1010.2025952455858,0,normal
2026-08-01 11:26:00,28.945878388585946,65.81262205333901,1010.305372118565,0,normal
2026-08-01 11:27:00,28.83151331191065,66.1588466540529,1010.647819530034,0,normal
2026-08-01 11:28:00,28.96784021312263,66.61504475674678,1010.3296700822051,0,normal
2026-08-01 11:29:00,29.175352439054784,65.83231829533369,1010.3285005561011,0,normal
2026-08-01 11:30:00,29.629969762659258,67.1757271908096,1010.1395376448692,0,normal
2026-08-01 11:31:00,28.862280463340486,67.43496517278207,1010.0690365163371,0,normal
2026-08-01 11:32:00,29.35435847513535,66.37409494828584,1010.3360449630662,0,normal
2026-08-01 11:33:00,29.191302869876264,66.43485369635094,1010.4339782556547,0,normal
2026-08-01 11:34:00,29.263206172041514,67.18524804900231,1010.4263351509063,0,normal
2026-08-01 11:35:00,29.745991126134463,66.15492713385161,1010.2873717179181,0,normal
2026-08-01 11:36:00,29.600504655007608,66.07074592575357,1010.3802932836275,0,normal
2026-08-01 11:37:00,29.897395870807827,67.62493312212341,1010.0485872589112,0,normal
2026-08-01 11:38:00,29.392375426701086,67.34587783289432,1010.4647432898316,0,normal
2026-08-01 11:39:00,29.220021665326595,67.090553540749,1010.4135844147546,0,normal
2026-08-01 11:40:00,29.40240312579439,67.32060830445883,1010.7423984077487,0,normal
2026-08-01 11:41:00,29.58278237177777,64.96904244407463,1010.3910837938347,0,normal
2026-08-01 11:42:00,29.576866287726858,67.60470100452301,1010.2226448905418,0,normal
2026-08-01 11:43:00,29.152688922143728,66.80604430600363,1010.3857730113136,0,normal
2026-08-01 11:44:00,29.58105700724913,67.27177724583292,1010.3384668774573,0,normal
2026-08-01 11:45:00,29.646427719916375,66.74363514544339,1010.4782757678726,0,normal
2026-08-01 11:46:00,30.464827005934545,66.44379580049356,1010.407416256312,0,normal
2026-08-01 11:47:00,-11.002476001901883,107.3781986719175,1033.913486741279,1,dropout
2026-08-01 11:48:00,29.319404433297667,66.63986409471049,1010.1132059509491,0,normal
2026-08-01 11:49:00,29.534620020731634,66.06749385502614,1010.4574799030989,0,normal
2026-08-01 11:50:00,29.14016388869492,66.98193559639583,1010.6616234712651,0,normal
2026-08-01 11:51:00,29.462785010542,64.98921145772371,1010.4294416239335,0,normal
2026-08-01 11:52:00,29.797157260053773,65.79585824135545,1010.564038383481,0,normal
2026-08-01 11:53:00,30.125906170013245,67.83572036496,1010.6024260470173,0,normal
2026-08-01 11:54:00,29.46583848721268,65.66974148620146,1010.4706081360961,0,normal
2026-08-01 11:55:00,29.50922522123667,65.9504048024733,1010.2784319864501,0,normal
2026-08-01 11:56:00,29.003781860137153,65.40603536853351,1010.4626403866372,0,normal
2026-08-01 11:57:00,29.715554077454467,66.35152797561581,1010.647192135764,0,normal
2026-08-01 11:58:00,29.41779350181592,65.46459441239797,1010.5277229882665,0,normal
2026-08-01 11:59:00,29.621483093387607,65.87587660620494,1010.5694400942577,0,normal
2026-08-01 12:00:00,29.517030601792218,66.6742223318805,1010.3539004034346,1,frozen
2026-08-01 12:01:00,29.517030601792218,66.6742223318805,1010.3539004034346,1,frozen
2026-08-01 12:02:00,29.517030601792218,66.6742223318805,1010.3539004034346,1,frozen
2026-08-01 12:03:00,29.517030601792218,66.6742223318805,1010.3539004034346,1,frozen
2026-08-01 12:04:00,29.517030601792218,66.6742223318805,1010.3539004034346,1,frozen
2026-08-01 12:05:00,29.517030601792218,66.6742223318805,1010.3539004034346,1,frozen
2026-08-01 12:06:00,29.517030601792218,66.6742223318805,1010.3539004034346,1,frozen
2026-08-01 12:07:00,29.517030601792218,66.6742223318805,1010.3539004034346,1,frozen
2026-08-01 12:08:00,29.517030601792218,66.6742223318805,1010.3539004034346,1,frozen
2026-08-01 12:09:00,29.517030601792218,66.6742223318805,1010.3539004034346,1,frozen
2026-08-01 12:10:00,29.517030601792218,66.6742223318805,1010.3539004034346,1,frozen
2026-08-01 12:11:00,30.131758521374348,66.8150683391082,1010.3986287434601,0,normal
2026-08-01 12:12:00,30.63433818685087,67.01249979918022,1010.7979513590319,0,normal
2026-08-01 12:13:00,29.70096649402037,66.7984129446267,1010.6492311872073,0,normal
2026-08-01 12:14:00,29.977583897836915,66.21479385040325,1010.5730981963843,0,normal
2026-08-01 12:15:00,30.352555865300577,64.55301553826328,1010.5404742981725,0,normal
2026-08-01 12:16:00,30.249703992000757,65.91819078748996,1010.4445252173275,0,normal
2026-08-01 12:17:00,29.982920661097147,64.50627156619858,1010.8362779528054,0,normal
2026-08-01 12:18:00,30.084767621866003,64.28036372836912,1010.6229918781421,0,normal
2026-08-01 12:19:00,29.667413138928996,65.63263049742487,1010.3458835988451,0,normal
2026-08-01 12:20:00,30.082277198709672,65.83084219944523,1010.2309742553724,0,normal
2026-08-01 12:21:00,30.089403735687167,66.10598021005191,1010.5872027750302,0,normal
2026-08-01 12:22:00,30.280889863698086,65.75200078324306,1010.47728393168,0,normal
2026-08-01 12:23:00,30.022246304322998,65.75059178113413,1010.232289100724,0,normal
2026-08-01 12:24:00,30.39861881241356,64.50865063964157,1010.5687902159403,0,normal
2026-08-01 12:25:00,30.604989121198347,65.18346015965427,1010.4453556766349,0,normal
2026-08-01 12:26:00,30.321885548911776,64.0328365341325,1010.5914252200516,0,normal
2026-08-01 12:27:00,30.40753485747883,63.60694334023852,1010.5775328333084,0,normal
2026-08-01 12:28:00,30.31994713498555,65.77328228863861,1010.3906352100964,0,normal
2026-08-01 12:29:00,30.318282455857187,64.54941944821678,1010.616126993855,0,normal
2026-08-01 12:30:00,30.08260495552232,65.82109054209793,1010.4146732717214,0,normal
2026-08-01 12:31:00,30.462807490016523,65.98096508320337,1010.4284477330004,0,normal
2026-08-01 12:32:00,30.334854990716863,64.5700515133859,1010.412616919115,0,normal
2026-08-01 12:33:00,31.118371269211433,65.50899624041334,1010.7140494754478,0,normal
2026-08-01 12:34:00,30.95327958595726,64.47908818042474,1010.4620083443057,0,normal
2026-08-01 12:35:00,30.554480309721907,63.502601435906335,1010.761577417651,0,normal
2026-08-01 12:36:00,30.169177965819298,65.04926837159354,1010.8375801538925,0,normal
2026-08-01 12:37:00,30.06370296324498,64.54526396273207,1010.3855876118139,0,normal
2026-08-01 12:38:00,30.88673070756059,64.54126054791571,1009.9947710121646,0,normal
2026-08-01 12:39:00,30.57856099489298,66.44500197681855,1010.7105439183597,0,normal
2026-08-01 12:40:00,30.67140113651206,63.61546522311599,1010.4629481965603,0,normal
2026-08-01 12:41:00,29.909481807086525,65.11389920874625,1010.3705494134751,0,normal
2026-08-01 12:42:00,30.861409797395282,63.983236729496355,1010.4224424173417,0,normal
2026-08-01 12:43:00,30.712556034127598,65.47720115566906,1010.4556827628181,0,normal
2026-08-01 12:44:00,30.181543615465888,64.96087637860606,1010.7657704336877,0,normal
2026-08-01 12:45:00,30.42182865611415,64.99717664429005,1010.5629749666343,0,normal
2026-08-01 12:46:00,30.695813580832848,63.90939022091546,1010.7671427898088,0,normal
2026-08-01 12:47:00,30.63850808895114,64.02446386948556,1010.6269475646044,0,normal
2026-08-01 12:48:00,30.534498567440334,65.35039898585518,1010.4842081208878,0,normal
2026-08-01 12:49:00,30.617132677759503,65.99693379101238,1010.4714758515449,0,normal
2026-08-01 12:50:00,30.58173758827646,64.93627211325699,1010.6446889967117,0,normal
2026-08-01 12:51:00,30.739883353051688,63.80585329865792,1010.6931240726459,0,normal
2026-08-01 12:52:00,31.218045866138286,64.7667390360852,1010.7267069328536,0,normal
2026-08-01 12:53:00,29.82121051652235,66.4093990798895,1010.5020328477837,0,normal
2026-08-01 12:54:00,30.65314046225858,64.52122835849904,1010.5824610929336,0,normal
2026-08-01 12:55:00,30.81429397066451,65.5806674571874,1010.6578542882793,0,normal
2026-08-01 12:56:00,30.872568268292813,63.790872485333296,1010.4854049911298,0,normal
2026-08-01 12:57:00,30.65523489393223,64.32144544723405,1010.3520098648561,0,normal
2026-08-01 12:58:00,30.186965572593454,64.82278241908806,1010.4129393367709,0,normal
2026-08-01 12:59:00,30.933008085603063,64.61704707371013,1010.5164394785222,0,normal
2026-08-01 13:00:00,31.439151679488653,63.65816641460627,1010.6807695332163,0,normal
2026-08-01 13:01:00,30.314074717448246,63.595795633927324,1010.7899232370486,0,normal
2026-08-01 13:02:00,31.169590483453838,65.00620922228195,1010.3209424689502,0,normal
2026-08-01 13:03:00,30.768568383778348,65.1410348584312,1010.4592211710889,0,normal
2026-08-01 13:04:00,30.878366987063824,65.36976251998593,1010.50402894914,0,normal
2026-08-01 13:05:00,30.547570788346754,65.57548702945755,1010.7131827970621,0,normal
2026-08-01 13:06:00,30.815256528692757,64.21237521218326,1010.4767519649473,0,normal
2026-08-01 13:07:00,31.403538582647418,63.82809988480607,1010.496126758481,0,normal
2026-08-01 13:08:00,31.168634659325274,65.13027479013891,1010.3209752098074,0,normal
2026-08-01 13:09:00,31.587172002830567,64.59240390960191,1010.6637910531816,0,normal
2026-08-01 13:10:00,31.409089686571942,63.20849495164022,1010.5493583235357,0,normal
2026-08-01 13:11:00,31.166783118208045,63.14010607256929,1010.4623030198596,0,normal
2026-08-01 13:12:00,31.639561493506104,64.33315952607097,1010.5349282541057,0,normal
2026-08-01 13:13:00,31.19888772071565,63.77044225014364,1010.7860978631438,0,normal
2026-08-01 13:14:00,31.351065463812308,63.86381102408546,1010.4039455884088,0,normal
2026-08-01 13:15:00,30.973472740352765,64.71572162135095,1010.43490156928,0,normal
2026-08-01 13:16:00,31.1165397720908,64.4377120584747,1010.8133693174292,0,normal
2026-08-01 13:17:00,30.86509945654627,64.86721636244171,1010.6031554142785,0,normal
2026-08-01 13:18:00,31.471473831609522,62.230972844327894,1010.7116122367811,0,normal
2026-08-01 13:19:00,30.72860715429291,63.95185310866072,1010.6649008746818,0,normal
2026-08-01 13:20:00,31.43070202515725,64.27786825227953,1010.5877428120644,0,normal
2026-08-01 13:21:00,31.105989240649446,62.47388155582852,1010.5329151515715,0,normal
2026-08-01 13:22:00,31.598462729515596,63.14431721462922,1010.7467838515431,0,normal
2026-08-01 13:23:00,31.467110668005535,62.96898029535134,1010.8078068492464,0,normal
2026-08-01 13:24:00,31.857283800499864,63.631913400999814,1010.7952114663813,0,normal
2026-08-01 13:25:00,31.491550468475648,64.89007674880017,1010.3881323964775,0,normal
2026-08-01 13:26:00,30.701257186439697,65.17915660636488,1010.8378494226415,0,normal
2026-08-01 13:27:00,31.24369959360045,62.8829998753707,1010.5399736575281,0,normal
2026-08-01 13:28:00,30.872562305091485,63.929074406105876,1010.4699216581554,0,normal
2026-08-01 13:29:00,31.116967898148626,63.92831995322257,1010.576761361855,0,normal
2026-08-01 13:30:00,31.842865929673398,63.764890256608524,1010.7582452318004,0,normal
2026-08-01 13:31:00,31.55261177452508,63.747536740274306,1010.7073158198153,0,normal
2026-08-01 13:32:00,31.100356794676554,63.644966374759775,1010.5654412462118,0,normal
2026-08-01 13:33:00,31.005657125919015,64.72570427793423,1010.7635575639655,0,normal
2026-08-01 13:34:00,31.38737566653973,64.23135418929711,1010.6393078876167,0,normal
2026-08-01 13:35:00,30.96551729741886,62.47504816300302,1010.5123417557886,0,normal
2026-08-01 13:36:00,31.17179307014441,63.93359647345632,1010.4893622604327,0,normal
2026-08-01 13:37:00,31.531241418335526,63.9848251769223,1010.6919712244728,0,normal
2026-08-01 13:38:00,31.84171008780408,63.49686623185043,1010.6045844446718,0,normal
2026-08-01 13:39:00,31.66569671604557,64.12405739381929,1010.3731437320112,0,normal
2026-08-01 13:40:00,30.66592447062583,63.343462703678476,1010.7745090832248,0,normal
2026-08-01 13:41:00,31.58961574310923,63.32752382735262,1010.5368441911187,0,normal
2026-08-01 13:42:00,31.52347643915736,63.23834936663658,1010.9111372364114,0,normal
2026-08-01 13:43:00,31.658269020712424,61.50103055834499,1010.3732678225415,0,normal
2026-08-01 13:44:00,32.09418869456117,63.02563813197681,1010.5945171042373,0,normal
2026-08-01 13:45:00,30.8214546688716,62.52975003881744,1010.5022756068962,0,normal
2026-08-01 13:46:00,31.351739223760855,62.08964890419083,1010.4539107770312,0,normal
2026-08-01 13:47:00,31.78044431253762,64.16054234468176,1010.5430680398272,0,normal
2026-08-01 13:48:00,31.035034780666987,63.39127830710794,1010.9505843697401,0,normal
2026-08-01 13:49:00,32.12010447659825,62.93869665038002,1010.6588689508454,0,normal
2026-08-01 13:50:00,31.747340107053365,62.48543320554109,1010.4917232780751,0,normal
2026-08-01 13:51:00,31.929575889832584,63.14899157354991,1010.3062342967363,0,normal
2026-08-01 13:52:00,31.448260361303998,63.68005094649353,1010.3266871146433,0,normal
2026-08-01 13:53:00,31.947689755462168,62.20024220671376,1010.541102242563,0,normal
2026-08-01 13:54:00,32.05158173071785,62.83293213302021,1010.524723276426,0,normal
2026-08-01 13:55:00,31.77383034495907,63.50629561334945,1010.5995677576202,0,normal
2026-08-01 13:56:00,31.789031561132337,61.23815722181326,1010.2320018346368,0,normal
2026-08-01 13:57:00,31.81624118226564,62.71608664528188,1010.6255785252164,0,normal
2026-08-01 13:58:00,31.434041325529734,62.393962798806804,1010.8281471220724,0,normal
2026-08-01 13:59:00,31.699129301137518,62.60565504825339,1010.936329991018,0,normal
2026-08-01 14:00:00,31.711894407512307,62.286809215659474,1010.3042693147925,0,normal
2026-08-01 14:01:00,31.913938617653262,62.7736754448653,1010.5020582280505,0,normal
2026-08-01 14:02:00,32.14412297315597,64.1780122958123,1010.4935743789362,0,normal
2026-08-01 14:03:00,31.43809056449067,62.35557884175166,1010.6745821236373,0,normal
2026-08-01 14:04:00,31.77917845909891,62.8237639546643,1010.4297972566189,0,normal
2026-08-01 14:05:00,32.355753944005016,64.16194311471908,1010.9531559590938,0,normal
2026-08-01 14:06:00,31.591260697708645,62.10195733563532,1010.6591631301333,0,normal
2026-08-01 14:07:00,31.577960077604313,63.969607359774756,1010.6301314997108,0,normal
2026-08-01 14:08:00,31.950744425368104,62.498096708984086,1010.9399432844356,0,normal
2026-08-01 14:09:00,32.189620157270866,63.895400923542695,1010.6513114531109,0,normal
2026-08-01 14:10:00,31.912190690102722,63.046165372018514,1010.7271880828729,0,normal
2026-08-01 14:11:00,32.38739189571557,62.66788705385607,1010.5209114547187,0,normal
2026-08-01 14:12:00,32.23615533118148,62.34596754354487,1010.4102746752839,0,normal
2026-08-01 14:13:00,32.24489358099321,61.87558696550022,1010.5479980843422,0,normal
2026-08-01 14:14:00,32.15813356848962,62.411878156883795,1011.0524051871812,0,normal
2026-08-01 14:15:00,32.79276447261536,63.04563612138494,1010.7735678915006,0,normal
2026-08-01 14:16:00,31.920128994574583,62.2938375494705,1010.7099032020867,0,normal
2026-08-01 14:17:00,31.30450883086435,62.02768635675096,1010.4855907573497,0,normal
2026-08-01 14:18:00,32.58099280259006,62.057095108503944,1010.8262023732732,0,normal
2026-08-01 14:19:00,31.873026960920956,63.02851805083002,1010.4186199264665,0,normal
2026-08-01 14:20:00,32.0846534936955,63.19156109626156,1010.3817502669167,0,normal
2026-08-01 14:21:00,32.518866993854864,61.65468669897631,1010.5640246832018,0,normal
2026-08-01 14:22:00,31.513317419998927,61.630592463376956,1011.0172248926926,0,normal
2026-08-01 14:23:00,31.64957057941282,62.44608644033463,1011.0078178798002,0,normal
2026-08-01 14:24:00,31.540693262482854,63.341842880417616,1010.5857428871163,0,normal
2026-08-01 14:25:00,31.836640618470973,63.01390921926715,1010.5463665546895,0,normal
2026-08-01 14:26:00,32.28186300807111,61.07301721654045,1010.3732022828286,0,normal
2026-08-01 14:27:00,32.32481166738045,61.84070294169722,1010.683246282295,0,normal
2026-08-01 14:28:00,32.25135121687438,61.28502876956233,1010.6990845791848,0,normal
2026-08-01 14:29:00,31.67344988745617,61.793133100492085,1010.8127521735458,0,normal
2026-08-01 14:30:00,31.372597554295677,63.26838667190402,1010.8352573974129,0,normal
2026-08-01 14:31:00,32.21332619737093,60.82457820707113,1010.6364803318804,0,normal
2026-08-01 14:32:00,32.042302149515685,60.64545147646166,1010.7727757630836,0,normal
2026-08-01 14:33:00,32.3812824928958,61.255670745648175,1010.54723845634,0,normal
2026-08-01 14:34:00,32.47920710634193,62.12641871679056,1010.7706720558172,0,normal
2026-08-01 14:35:00,32.2948856166843,62.37131650164869,1010.5833418154475,0,normal
2026-08-01 14:36:00,32.52547714954863,62.20290048088267,1010.7579735568034,0,normal
2026-08-01 14:37:00,32.35253544360164,62.77180625259111,1010.7440169439798,0,normal
2026-08-01 14:38:00,32.470666205211195,60.39919319080865,1010.6888752891704,0,normal
2026-08-01 14:39:00,32.05129097915628,62.73882260057873,1010.8200999692141,0,normal
2026-08-01 14:40:00,32.247796422202285,61.517057211686556,1010.3949914255874,0,normal
2026-08-01 14:41:00,32.39221634631063,62.33059783245774,1010.4865470356668,0,normal
2026-08-01 14:42:00,32.62316424138631,60.66542020235778,1010.6301781713269,0,normal
2026-08-01 14:43:00,32.210754462749904,61.70697372427619,1010.4195467247266,0,normal
2026-08-01 14:44:00,32.5435068155022,61.87096288953643,1010.6066320115036,0,normal
2026-08-01 14:45:00,32.28053867707075,62.58557551096531,1010.6129559317901,0,normal
2026-08-01 14:46:00,32.34487582050023,60.371890308547854,1010.9166425020768,0,normal
2026-08-01 14:47:00,32.68872968743406,61.64390670340045,1010.7070538010184,0,normal
2026-08-01 14:48:00,31.713158228572873,60.730418834608855,1010.8671816548847,0,normal
2026-08-01 14:49:00,31.969244045571944,61.98239846181936,1010.7366606636623,0,normal
2026-08-01 14:50:00,31.916472914643705,62.17926197971644,1010.5864022792091,0,normal
2026-08-01 14:51:00,31.63064882267483,62.56680504122619,1010.7073428821623,0,normal
2026-08-01 14:52:00,32.22214656606937,61.08871875861564,1010.8150103650431,0,normal
2026-08-01 14:53:00,32.73391341324813,62.23829076743211,1010.8989539358772,0,normal
2026-08-01 14:54:00,32.38392210512262,62.565092289648106,1010.6607422667071,0,normal
2026-08-01 14:55:00,32.56482536890907,60.14172946870582,1010.3884108566516,0,normal
2026-08-01 14:56:00,32.88873938887237,61.92625398807618,1010.3761513793037,0,normal
2026-08-01 14:57:00,32.98406473109337,62.183333441423244,1010.6269828526267,0,normal
2026-08-01 14:58:00,32.506984305467526,61.18978548935471,1010.2652845180271,0,normal
2026-08-01 14:59:00,33.016692103910266,60.40848606299378,1011.0095835922298,0,normal
2026-08-01 15:00:00,32.586882080152485,62.11190441389762,1010.794259110126,0,normal
2026-08-01 15:01:00,32.2731951117993,60.37846457750524,1010.5727257524252,0,normal
2026-08-01 15:02:00,32.36983692772474,61.176019656256784,1010.4877322842638,0,normal
2026-08-01 15:03:00,32.07122744101081,61.26732844105711,1010.8728416828428,0,normal
2026-08-01 15:04:00,32.29005193874459,61.85268311467861,1010.4876253153387,0,normal
2026-08-01 15:05:00,32.48702170179795,60.759870895869504,1010.5050873133143,0,normal
2026-08-01 15:06:00,32.904956033645995,60.69453152639576,1010.5507743649275,0,normal
2026-08-01 15:07:00,33.23728922345459,61.30245243601875,1010.7094452545688,0,normal
2026-08-01 15:08:00,32.16251932261128,62.009653628067504,1010.8009063338624,0,normal
2026-08-01 15:09:00,32.794979896462465,63.01582243078944,1010.9040854675068,0,normal
2026-08-01 15:10:00,32.30445148799525,59.96129901805925,1010.877729372667,0,normal
2026-08-01 15:11:00,32.845881382816486,61.401079873098055,1010.6899922895882,0,normal
2026-08-01 15:12:00,32.64489635782628,60.26120162034574,1010.8737538771259,0,normal
2026-08-01 15:13:00,32.06094247738816,61.92720348599598,1010.5694753153962,0,normal
2026-08-01 15:14:00,33.0375896411701,60.343145535510395,1010.362683118926,0,normal
2026-08-01 15:15:00,32.51180476987688,60.53619147480017,1010.5698076033439,0,normal
2026-08-01 15:16:00,32.547502210528755,60.586524792402976,1010.5456449451932,0,normal
2026-08-01 15:17:00,32.37070897685488,60.97911667158594,1010.5771632609548,0,normal
2026-08-01 15:18:00,32.5268207570279,61.28087151184919,1010.518371041284,0,normal
2026-08-01 15:19:00,32.91622150244339,61.391615784242646,1010.6081847978867,0,normal
2026-08-01 15:20:00,32.7108064406166,60.982485842896935,1010.8029021285395,0,normal
2026-08-01 15:21:00,32.90259774713599,59.905736598165724,1011.0001483038274,0,normal
2026-08-01 15:22:00,32.92470456458635,61.534532546709734,1010.3809311509985,0,normal
2026-08-01 15:23:00,33.27067095693451,60.892695926203665,1010.4597812788212,0,normal
2026-08-01 15:24:00,32.6988130894366,61.84731528438156,1010.5491816934125,0,normal
2026-08-01 15:25:00,32.3121780856779,60.3347067307857,1010.8295325881368,0,normal
2026-08-01 15:26:00,33.21283727405941,59.602154321413956,1010.654854071576,0,normal
2026-08-01 15:27:00,32.73346051593084,60.8399360351135,1010.5614390522984,0,normal
2026-08-01 15:28:00,33.249701335880836,61.887208442954744,1010.8208133042881,0,normal
2026-08-01 15:29:00,33.0038290463242,60.96259651179252,1010.8639628199813,0,normal
2026-08-01 15:30:00,32.83374228712301,60.65761086037594,1010.688435556703,0,normal
2026-08-01 15:31:00,33.01164545950959,60.10468069971018,1010.5448812438448,0,normal
2026-08-01 15:32:00,33.582301693947215,62.190891145996915,1010.7404279696405,0,normal
2026-08-01 15:33:00,33.636203632422365,59.94482392595702,1010.6497549104988,0,normal
2026-08-01 15:34:00,32.94329656371076,60.17212731898266,1010.6483149522481,0,normal
2026-08-01 15:35:00,32.98477198595766,61.19251582069499,1010.5994080626925,0,normal
2026-08-01 15:36:00,33.315020662070985,59.23582698559401,1010.858068480577,0,normal
2026-08-01 15:37:00,32.651925616134754,61.724580795719,1010.7364699693564,0,normal
2026-08-01 15:38:00,33.07399084700786,61.1886374481193,1010.8778263690186,0,normal
2026-08-01 15:39:00,32.95781215465186,61.39315278801148,1010.9318362579186,0,normal
2026-08-01 15:40:00,33.08611848481845,61.10485710536234,1010.7738001021946,0,normal
2026-08-01 15:41:00,32.6938963424612,60.51417114730407,1010.5998923767443,0,normal
2026-08-01 15:42:00,32.438489800982566,59.77736866550216,1010.8781803654819,0,normal
2026-08-01 15:43:00,32.278495237670874,60.50075646441361,1010.7745933801871,0,normal
2026-08-01 15:44:00,32.622093868217924,59.81766876553609,1011.1592207388625,0,normal
2026-08-01 15:45:00,32.86171851091553,60.971935174532355,1010.7462625908488,0,normal
2026-08-01 15:46:00,32.92865187927286,61.21370031447934,1010.8158461880308,0,normal
2026-08-01 15:47:00,33.71825127335458,61.73510158648533,1010.7423456614462,0,normal
2026-08-01 15:48:00,33.43620667388197,60.836560027076835,1010.6720273962338,0,normal
2026-08-01 15:49:00,32.72120276685518,61.26441072616624,1010.6430672193171,0,normal
2026-08-01 15:50:00,33.188395154777574,60.27275275984978,1010.742386931558,0,normal
2026-08-01 15:51:00,32.93291906985449,60.113678817609006,1010.7829968141407,0,normal
2026-08-01 15:52:00,32.98450492555674,60.86118417364172,1010.8967259504029,0,normal
2026-08-01 15:53:00,33.157468466619285,60.1591289331298,1010.7442690014366,0,normal
2026-08-01 15:54:00,33.31782285010315,60.66983115056686,1010.6050844572524,0,normal
2026-08-01 15:55:00,32.9908170554553,59.591819052455406,1010.6292882454543,0,normal
2026-08-01 15:56:00,33.49028607037811,59.72187621469254,1010.4496996320975,0,normal
2026-08-01 15:57:00,32.726575956180284,60.92202690445878,1010.9865419645687,0,normal
2026-08-01 15:58:00,33.13672495093156,61.10968844482157,1010.5897963002111,0,normal
2026-08-01 15:59:00,34.05187952083309,59.5985644574853,1010.8610198116128,0,normal
2026-08-01 16:00:00,33.22889441000722,60.910450203723585,1010.7363215748278,0,normal
2026-08-01 16:01:00,33.660499560829535,59.93475619899215,1010.7408649687529,0,normal
2026-08-01 16:02:00,33.19889958411818,60.36125174261972,1010.6646923809592,0,normal
2026-08-01 16:03:00,33.37806745434812,61.46882314110907,1010.5436579121556,0,normal
2026-08-01 16:04:00,33.16278407055951,60.96859480327146,1010.5107430217379,0,normal
2026-08-01 16:05:00,33.130812879830145,60.946757670724146,1010.9958098275926,0,normal
2026-08-01 16:06:00,32.92536852592387,61.82466534165011,1010.7047947117103,0,normal
2026-08-01 16:07:00,33.35645901996407,59.72222071832178,1010.8864145820646,0,normal
2026-08-01 16:08:00,32.91541591802869,59.484433758238794,1010.9327233313869,0,normal
2026-08-01 16:09:00,33.453943230828116,59.683364126726886,1010.6090503691123,0,normal
2026-08-01 16:10:00,33.608307252351636,60.04550820699026,1010.7587856419267,0,normal
2026-08-01 16:11:00,33.36414500089959,58.35363480944682,1010.6901973994587,0,normal
2026-08-01 16:12:00,33.143007831429614,60.05961834697895,1010.4733269142102,0,normal
2026-08-01 16:13:00,33.40935226157285,59.778309608197794,1010.6477580399564,0,normal
2026-08-01 16:14:00,33.149631570700365,60.82949912225359,1010.7864037717408,0,normal
2026-08-01 16:15:00,33.59224474717906,60.47307201642088,1010.5903245976359,0,normal
2026-08-01 16:16:00,32.63088039108647,59.69934473682641,1010.6211645098405,0,normal
2026-08-01 16:17:00,33.16141223682329,60.64075679048802,1010.6479058313225,0,normal
2026-08-01 16:18:00,32.589025815184726,60.73640541258983,1011.0586518995316,0,normal
2026-08-01 16:19:00,32.769406699593354,59.53208618252952,1010.3479017557619,0,normal
2026-08-01 16:20:00,33.776830403625844,59.74175248017522,1010.7677695084908,0,normal
2026-08-01 16:21:00,33.619526534937535,58.34525184445826,1010.6313050525226,0,normal
2026-08-01 16:22:00,33.061059292682984,59.24250658054212,1010.5610098121699,0,normal
2026-08-01 16:23:00,32.79359904410034,59.51067294820736,1010.6257209312844,0,normal
2026-08-01 16:24:00,32.288420218696785,60.153717656959635,1010.7952664151408,0,normal
2026-08-01 16:25:00,33.1422440050664,59.32793698359343,1010.8049423569806,0,normal
2026-08-01 16:26:00,34.18600675581998,59.66346244842595,1010.7073899134666,0,normal
2026-08-01 16:27:00,33.497396899426164,59.084063108297904,1010.8699683088801,0,normal
2026-08-01 16:28:00,33.155594729056475,60.19144529497366,1010.9010221873112,0,normal
2026-08-01 16:29:00,33.52041233811842,60.3854754816881,1010.8189266465874,0,normal
2026-08-01 16:30:00,32.81741957799747,60.35726901974141,1010.5730004341374,0,normal
2026-08-01 16:31:00,33.26574395405425,60.03586208207816,1010.7596400389843,0,normal
2026-08-01 16:32:00,33.410607661572485,58.7838349085319,1010.7598115671518,0,normal
2026-08-01 16:33:00,33.35156991262779,59.5115743881108,1010.5224460996673,0,normal
2026-08-01 16:34:00,33.66433295329946,59.67266006746873,1010.3860545041965,0,normal
2026-08-01 16:35:00,33.51395328179588,59.66696149959268,1010.3037370963302,0,normal
2026-08-01 16:36:00,33.63294907089178,60.04079951093856,1010.6796833726726,0,normal
2026-08-01 16:37:00,33.16374294712909,61.11258904417784,1010.7200187003136,0,normal
2026-08-01 16:38:00,33.72447759031303,60.61329912798162,1010.4529025435539,0,normal
2026-08-01 16:39:00,33.98586965259993,59.16519912362162,1010.8531502499026,0,normal
2026-08-01 16:40:00,33.08161938803002,60.48965198940335,1010.691494444067,0,normal
2026-08-01 16:41:00,33.11583861942458,60.451013248434656,1010.9062169577982,0,normal
2026-08-01 16:42:00,33.89934728163558,59.285884533602434,1010.7292218346404,0,normal
2026-08-01 16:43:00,33.37007322682109,60.60192406689434,1010.4697848253961,0,normal
2026-08-01 16:44:00,33.93353206945005,59.78674866022468,1010.7434045948388,0,normal
2026-08-01 16:45:00,33.292388054849276,58.77943180232244,1010.7807126460261,0,normal
2026-08-01 16:46:00,33.9615524004374,60.264027543911155,1010.5606888750605,0,normal
2026-08-01 16:47:00,33.50324721485063,60.066031894398456,1010.3988424544299,0,normal
2026-08-01 16:48:00,33.55247774672774,59.70304385938956,1010.6756202516951,0,normal
2026-08-01 16:49:00,34.01454911031838,59.84807362995848,1010.4765524036882,0,normal
2026-08-01 16:50:00,33.345007860903266,59.295744607624805,1010.8575914261808,0,normal
2026-08-01 16:51:00,33.14689401867933,60.35222119131093,1010.5816568032133,0,normal
2026-08-01 16:52:00,33.32387792185359,59.82258712766746,1010.9644835331172,0,normal
2026-08-01 16:53:00,33.643710258495965,59.98386474916468,1010.2708032908803,0,normal
2026-08-01 16:54:00,32.941824942178535,60.12990458382454,1010.6765013852257,0,normal
2026-08-01 16:55:00,33.71733185880776,58.91413539191783,1010.9086050051445,0,normal
2026-08-01 16:56:00,33.30995261546157,59.11611790893292,1010.4901255542585,0,normal
2026-08-01 16:57:00,33.90449157582479,58.05745693796692,1010.6207800314917,0,normal
2026-08-01 16:58:00,32.66892956720954,60.27120235789131,1010.5759355276535,0,normal
2026-08-01 16:59:00,33.23571507197824,58.84376457126881,1010.5244394445912,0,normal
2026-08-01 17:00:00,32.92477047956723,59.913840516120146,1010.690575287285,0,normal
2026-08-01 17:01:00,33.229804009657386,60.09895572743426,1010.4123828634403,0,normal
2026-08-01 17:02:00,33.60954606241312,60.27855617931552,1010.6245898791127,0,normal
2026-08-01 17:03:00,33.463940969964,58.82809761691437,1010.7364387195327,0,normal
2026-08-01 17:04:00,33.441723984593146,59.7339476874605,1010.603828395133,0,normal
2026-08-01 17:05:00,33.47835576325406,61.11719585946658,1010.4614840437263,0,normal
2026-08-01 17:06:00,33.60884911462797,61.14744662474392,1010.8259197588945,0,normal
2026-08-01 17:07:00,33.18819674492272,60.561005638653995,1010.7708882994151,0,normal
2026-08-01 17:08:00,-16.79824151593874,112.89888669816084,1030.5395418942921,1,dropout
2026-08-01 17:09:00,33.779944572870946,58.957753810338325,1010.4043843022384,0,normal
2026-08-01 17:10:00,33.68608064134396,60.33227589999219,1010.4649032697521,0,normal
2026-08-01 17:11:00,33.74933808604947,59.626630625615476,1010.7333149913572,0,normal
2026-08-01 17:12:00,33.66145978342289,60.197268663681285,1010.6836752779429,0,normal
2026-08-01 17:13:00,34.27307927277683,59.23849923309938,1010.7751835780213,0,normal
2026-08-01 17:14:00,33.533338771118416,59.602485069148855,1010.573148404842,0,normal
2026-08-01 17:15:00,33.45928864943851,59.86833670659742,1010.4642802779749,0,normal
2026-08-01 17:16:00,33.30590704988287,59.93035833277536,1010.7949920693593,0,normal
2026-08-01 17:17:00,33.211151530685214,60.12476093687076,1010.5288365156877,0,normal
2026-08-01 17:18:00,33.13960789164146,59.2630036283284,1010.6608837527261,0,normal
2026-08-01 17:19:00,33.26675125479283,58.648438927568414,1010.3471568161451,0,normal
2026-08-01 17:20:00,33.55567718021298,61.019731492378526,1010.5224059474173,0,normal
2026-08-01 17:21:00,33.69993126878352,61.70827393749553,1010.8054820725113,0,normal
2026-08-01 17:22:00,33.603267974743375,60.071904553884586,1010.4936706203599,0,normal
2026-08-01 17:23:00,33.31979876915335,58.6520020003118,1010.7680104569428,0,normal
2026-08-01 17:24:00,33.905096119736136,59.08999764750857,1010.2006063921135,0,normal
2026-08-01 17:25:00,33.85104887166007,60.11333629749628,1010.5182800712795,0,normal
2026-08-01 17:26:00,33.53852791598137,60.776553729414886,1010.5868978532959,0,normal
2026-08-01 17:27:00,33.36796199998887,58.73109828443157,1010.9301605734469,0,normal
2026-08-01 17:28:00,33.79043765776326,59.59982469668299,1010.4048241623805,0,normal
2026-08-01 17:29:00,33.66621125311596,59.854047428118015,1010.7347769915325,0,normal
2026-08-01 17:30:00,33.095435916630585,60.38710607277757,1010.8029792152536,0,normal
2026-08-01 17:31:00,33.580274647776875,59.41883473096028,1010.4815872562758,0,normal
2026-08-01 17:32:00,50.284101994072735,118.42355547075199,1039.610044418722,1,dropout
2026-08-01 17:33:00,33.2925309773411,60.18761069977324,1010.6343682671095,0,normal
2026-08-01 17:34:00,33.6754384264869,60.589154257853,1010.340903637404,0,normal
2026-08-01 17:35:00,33.101301677726255,59.622040074381914,1010.5243388924783,0,normal
2026-08-01 17:36:00,34.07957819231551,60.011232034383305,1010.8346348961512,0,normal
2026-08-01 17:37:00,34.050046243356064,59.3065046872697,1010.6976805956584,0,normal
2026-08-01 17:38:00,33.526160536115874,59.0086681663051,1010.574046265061,0,normal
2026-08-01 17:39:00,33.7429556222748,60.50574672696007,1010.621264080183,0,normal
2026-08-01 17:40:00,32.77340604776968,59.99405371520519,1010.7041143931141,0,normal
2026-08-01 17:41:00,33.21321630319846,60.07593386720563,1010.7372164646397,0,normal
2026-08-01 17:42:00,-18.479149366852337,111.071095361099,980.7960227185861,1,dropout
2026-08-01 17:43:00,33.24459122428738,58.83932238716003,1010.8716674411166,0,normal
2026-08-01 17:44:00,33.870717078326784,59.24155058825002,1010.8309642186811,0,normal
2026-08-01 17:45:00,34.32049969674168,59.809624790231254,1010.7145227225448,0,normal
2026-08-01 17:46:00,33.210325427460766,59.232065199219754,1010.4394693397978,0,normal
2026-08-01 17:47:00,33.329650116950674,60.31039387291675,1010.4061385635086,0,normal
2026-08-01 17:48:00,33.70571802275617,59.534465304845256,1010.5295579435651,0,normal
2026-08-01 17:49:00,34.1876775845253,58.890989656103976,1010.5978431386235,0,normal
2026-08-01 17:50:00,33.196358813366004,59.73839564598188,1010.2671267380155,0,normal
2026-08-01 17:51:00,33.71168240691352,59.82294290640618,1010.6730409741822,0,normal
2026-08-01 17:52:00,34.26223135541164,60.43544229867708,1010.8142714624906,0,normal
2026-08-01 17:53:00,33.046845103856825,60.00336529608804,1010.6848167785946,0,normal
2026-08-01 17:54:00,33.17669768976769,60.05905676788865,1010.4578762660482,0,normal
2026-08-01 17:55:00,33.476847769856676,59.94779122613712,1010.4350786800567,0,normal
2026-08-01 17:56:00,33.442869377619495,59.5425292132772,1010.6305414437705,0,normal
2026-08-01 17:57:00,33.909378090794924,59.121812398668894,1010.5474613178484,0,normal
2026-08-01 17:58:00,33.7093679472346,59.92766992088948,1010.6532826227688,0,normal
2026-08-01 17:59:00,33.00329682756287,59.43204204077583,1010.6803155687895,0,normal
2026-08-01 18:00:00,33.80460080256514,61.05247360310384,1010.7670078383627,0,normal
2026-08-01 18:01:00,33.42166928748451,60.776566006887684,1010.3651384841944,0,normal
2026-08-01 18:02:00,34.06939229869644,60.21142712149255,1010.6072566328052,0,normal
2026-08-01 18:03:00,33.40313516409962,60.010395958458716,1010.5003756306485,0,normal
2026-08-01 18:04:00,33.39935765378482,59.63985266864329,1010.5464741469041,0,normal
2026-08-01 18:05:00,33.81087845853381,58.704049299339054,1010.7182408120035,0,normal
2026-08-01 18:06:00,33.88774326662197,59.54286971240057,1010.7362201056958,0,normal
2026-08-01 18:07:00,33.776717611085616,59.79991751262004,1010.8111790280778,0,normal
2026-08-01 18:08:00,33.029014864435965,59.905483402505084,1010.6344586571767,0,normal
2026-08-01 18:09:00,33.80630435164811,60.10079874732774,1010.5364341757879,0,normal
2026-08-01 18:10:00,33.25493015788454,60.465615885469276,1010.5090954308941,0,normal
2026-08-01 18:11:00,33.69815762664695,59.17834113240404,1010.2407256099106,0,normal
2026-08-01 18:12:00,33.116304308696165,59.18924709965402,1010.7924933975339,0,normal
2026-08-01 18:13:00,33.769551878018405,60.90016659936354,1010.4917506048056,0,normal
2026-08-01 18:14:00,33.329684698256145,60.36017061045127,1010.6390966972771,0,normal
2026-08-01 18:15:00,33.16165483131709,59.43480301867575,1010.6685892123553,0,normal
2026-08-01 18:16:00,33.85892414061752,59.66581555412627,1010.320539388163,0,normal
2026-08-01 18:17:00,33.69210033457833,59.67370826382121,1010.3768119288845,0,normal
2026-08-01 18:18:00,33.390998092624734,59.78556379466075,1010.8197877471048,0,normal
2026-08-01 18:19:00,34.112095391512455,60.14300611642446,1010.5919042525136,0,normal
2026-08-01 18:20:00,33.44817490768223,61.79753897924605,1010.4334139745639,0,normal
2026-08-01 18:21:00,33.611789082510356,59.9261650862656,1010.5134623322834,0,normal
2026-08-01 18:22:00,33.69274696745393,60.30938324667584,1010.7300047301837,0,normal
2026-08-01 18:23:00,33.37974781433428,58.43519800070246,1010.7009279068146,0,normal
2026-08-01 18:24:00,33.75946003582356,59.40166367485235,1010.2671177438378,0,normal
2026-08-01 18:25:00,33.405713311159616,60.77796955005151,1010.8234366882834,0,normal
2026-08-01 18:26:00,33.44613542480536,60.12223322392685,1010.701417379625,0,normal
2026-08-01 18:27:00,34.06484892086849,56.29468199635235,1010.4983023565293,0,normal
2026-08-01 18:28:00,33.221362042780015,60.35091427371997,1010.3094670863292,0,normal
2026-08-01 18:29:00,32.738665266204926,61.352078470697556,1010.7119199909065,0,normal
2026-08-01 18:30:00,34.144465660946075,58.22680122352119,1010.6061688079865,0,normal
2026-08-01 18:31:00,34.47032999105652,61.045146760948654,1010.256213712498,0,normal
2026-08-01 18:32:00,33.43357667983598,57.61831032834671,1010.4750410978006,0,normal
2026-08-01 18:33:00,32.89481160098456,60.59264097702409,1011.0777162079504,0,normal
2026-08-01 18:34:00,33.461247851917406,59.841818572856404,1010.5161575454702,0,normal
2026-08-01 18:35:00,33.46687993537234,57.975384705054125,1010.3778069250441,0,normal
2026-08-01 18:36:00,33.49765380480813,60.21902457738959,1010.3279989224135,0,normal
2026-08-01 18:37:00,33.17143903558507,60.78966706941713,1010.8266651230995,0,normal
2026-08-01 18:38:00,33.76089753493229,60.167114022707864,1010.6584353416611,0,normal
2026-08-01 18:39:00,33.73848365026177,60.351003750342834,1010.7573213660684,0,normal
2026-08-01 18:40:00,33.02864775152902,59.5610659173166,1010.5467917615845,0,normal
2026-08-01 18:41:00,33.793121007837016,58.408687986439745,1010.7259703788947,0,normal
2026-08-01 18:42:00,34.2634831817875,60.458811677870315,1010.3456702021056,0,normal
2026-08-01 18:43:00,33.601799764610874,61.31277181745057,1010.5257476825369,0,normal
2026-08-01 18:44:00,33.42004904752059,60.82440900376699,1010.5462568789851,0,normal
2026-08-01 18:45:00,33.48484000441095,58.33834657342296,1010.7415261694808,0,normal
2026-08-01 18:46:00,33.74623841705044,58.72476176545241,1010.5481685081778,0,normal
2026-08-01 18:47:00,32.921450125855074,59.26806014601341,1010.3762682790781,0,normal
2026-08-01 18:48:00,33.580937870409976,58.67873787503217,1010.4984699363905,0,normal
2026-08-01 18:49:00,33.38288405479131,59.99688076849265,1010.1832511716716,0,normal
2026-08-01 18:50:00,34.162359960592646,60.28479862333451,1010.0652927576222,0,normal
2026-08-01 18:51:00,33.450665055801686,58.83452689540878,1010.6307628653765,0,normal
2026-08-01 18:52:00,34.09132010345291,60.60922207318386,1010.4117145449515,0,normal
2026-08-01 18:53:00,33.117113826677716,60.47731832772745,1010.4301531219678,0,normal
2026-08-01 18:54:00,33.70475720042299,59.56694966197495,1010.6248112239703,0,normal
2026-08-01 18:55:00,33.606729882022904,59.876626922162146,1010.724728100578,0,normal
2026-08-01 18:56:00,33.18642651514758,58.464096714027974,1010.5674923255433,0,normal
2026-08-01 18:57:00,33.54826500813695,59.76754649993763,1010.8163487475174,0,normal
2026-08-01 18:58:00,33.906071421607926,60.04880803139493,1010.5577837378404,0,normal
2026-08-01 18:59:00,33.36380642950683,60.18756703957356,1010.5196951132903,0,normal
2026-08-01 19:00:00,32.880320625990706,60.36546431353794,1010.5065566438592,0,normal
2026-08-01 19:01:00,33.461665015659186,60.26767473090735,1010.2298804197825,0,normal
2026-08-01 19:02:00,33.1471988939521,59.870849483011256,1010.6313253637497,0,normal
2026-08-01 19:03:00,33.33839323853265,60.32144786929053,1010.0170307829694,0,normal
2026-08-01 19:04:00,33.42475315390811,60.904409169660056,1010.349651291674,0,normal
2026-08-01 19:05:00,32.85135772009548,60.036800774489535,1010.4572595256192,0,normal
2026-08-01 19:06:00,32.87781361669043,60.37781461291126,1010.3089232475497,0,normal
2026-08-01 19:07:00,33.60690648746963,59.98546493443631,1010.3677059792063,0,normal
2026-08-01 19:08:00,33.250051734575116,59.62778115875915,1010.7780444329011,0,normal
2026-08-01 19:09:00,32.53009417049632,60.57440175936055,1010.6436091517859,0,normal
2026-08-01 19:10:00,33.69713284992801,59.72295003195543,1010.3193571566694,0,normal
2026-08-01 19:11:00,33.51238104120373,60.48720389582687,1010.3561987494146,0,normal
2026-08-01 19:12:00,33.161741179920675,60.21216888257968,1010.2087679179721,0,normal
2026-08-01 19:13:00,32.94518419793581,59.95781747104123,1010.5634287725421,0,normal
2026-08-01 19:14:00,33.69301671253959,59.94997378155646,1010.3894708972845,0,normal
2026-08-01 19:15:00,33.51709773014085,59.81763608570941,1010.0783486358013,0,normal
2026-08-01 19:16:00,34.22300887511744,58.919258558552976,1010.4483351541952,0,normal
2026-08-01 19:17:00,33.53036926559292,60.554103757657565,1010.5070852887625,0,normal
2026-08-01 19:18:00,33.51313676796051,60.44503467793389,1010.5993029519393,0,normal
2026-08-01 19:19:00,33.3130856560482,60.95166408654287,1010.410595735914,0,normal
2026-08-01 19:20:00,33.651384218007465,59.85901393776985,1010.3545743770662,0,normal
2026-08-01 19:21:00,33.57822730817861,61.81285861831677,1010.7770320117247,0,normal
2026-08-01 19:22:00,33.79141877613962,60.005255674061566,1010.4185326858558,0,normal
2026-08-01 19:23:00,33.164652372225696,59.621569659544356,1010.5447047718671,0,normal
2026-08-01 19:24:00,33.188456108360846,59.53944237307999,1010.3158966569753,0,normal
2026-08-01 19:25:00,33.16682902934352,58.96010508254103,1010.5350213971772,0,normal
2026-08-01 19:26:00,33.60489536883171,61.58631753923165,1010.1466420551934,0,normal
2026-08-01 19:27:00,33.84607878788002,61.47016064333954,1010.3232945067632,0,normal
2026-08-01 19:28:00,33.15451999800515,60.86711341054094,1010.1867825006958,0,normal
2026-08-01 19:29:00,33.159843402813685,59.682975584205366,1010.2931757027312,0,normal
2026-08-01 19:30:00,33.4117750048132,61.862308680835646,1010.6249484133316,0,normal
2026-08-01 19:31:00,-12.595852057820656,108.63246522846995,982.8702500366467,1,dropout
2026-08-01 19:32:00,33.62153602261558,60.225324351518054,1010.5247174471981,0,normal
2026-08-01 19:33:00,32.49333096094237,61.60415435371865,1010.6663137715746,0,normal
2026-08-01 19:34:00,32.98517628686323,60.99539517904737,1010.3860108072747,0,normal
2026-08-01 19:35:00,32.99368178711099,62.243186136646905,1010.5676155088959,0,normal
2026-08-01 19:36:00,32.448341899806586,60.69543538076226,1010.4820896606992,0,normal
2026-08-01 19:37:00,32.91606673876483,60.19310365072215,1010.4052036766426,0,normal
2026-08-01 19:38:00,32.925844075716746,60.035671608580934,1010.5170467894679,0,normal
2026-08-01 19:39:00,33.168505584004656,59.06202203946209,1010.7109179379132,0,normal
2026-08-01 19:40:00,33.62110889110935,60.33136180130463,1010.2627539506026,0,normal
2026-08-01 19:41:00,33.1384134816597,61.48464823073812,1010.202533671547,0,normal
2026-08-01 19:42:00,32.85594919934424,61.062891466802306,1010.1896869304636,0,normal
2026-08-01 19:43:00,33.18928476311789,60.61503625665044,1010.549624565532,0,normal
2026-08-01 19:44:00,33.568850179532745,59.81792289541689,1010.5716239834738,0,normal
2026-08-01 19:45:00,32.85241024460948,60.81056406068713,1010.2693757725368,0,normal
2026-08-01 19:46:00,32.867587049397436,61.45462612115686,1009.9792589506413,0,normal
2026-08-01 19:47:00,33.37400898610447,61.004374103781224,1010.2399785360386,0,normal
2026-08-01 19:48:00,33.09314411848264,60.80872412055426,1010.457736282519,0,normal
2026-08-01 19:49:00,33.38940278158175,60.05342060465693,1010.344794599334,0,normal
2026-08-01 19:50:00,33.15004477213652,61.400496086555286,1010.3869440761152,0,normal
2026-08-01 19:51:00,33.392378221680104,58.21710356096972,1010.2579507182509,0,normal
2026-08-01 19:52:00,32.77643034542856,61.04489334145253,1010.5323545333221,0,normal
2026-08-01 19:53:00,33.12632690291736,62.81097599800754,1010.4092533690341,0,normal
2026-08-01 19:54:00,33.04860113700495,59.56423332339958,1010.450697231132,0,normal
2026-08-01 19:55:00,32.688504358237104,60.59416176909563,1010.3714152290349,0,normal
2026-08-01 19:56:00,32.55851003135745,60.797365216220655,1010.4348139451857,0,normal
2026-08-01 19:57:00,33.337338363362065,60.45017550254713,1010.4206095499983,0,normal
2026-08-01 19:58:00,32.966029677453704,61.665999655304375,1010.1686469152925,0,normal
2026-08-01 19:59:00,32.72253981219021,61.231630032037934,1010.4004801707081,0,normal
2026-08-01 20:00:00,33.03808843988298,60.9923886174187,1010.4734235437518,0,normal
2026-08-01 20:01:00,33.45790925176378,61.525355292239134,1010.5364956211927,0,normal
2026-08-01 20:02:00,32.25613458704643,60.91803624301674,1010.4010823848108,0,normal
2026-08-01 20:03:00,32.52179824170601,63.465734889121656,1010.1500458331187,0,normal
2026-08-01 20:04:00,32.71377942057944,61.06023733633876,1010.1753565542401,0,normal
2026-08-01 20:05:00,33.53930928645559,61.112810505692,1010.2406647158984,0,normal
2026-08-01 20:06:00,33.11784842588818,59.605743645850474,1010.3506875520317,0,normal
2026-08-01 20:07:00,33.27848978194904,60.55699897628527,1010.2921692406627,0,normal
2026-08-01 20:08:00,32.60179783656931,61.927410100993555,1010.1094827009174,0,normal
2026-08-01 20:09:00,32.59988183548286,59.958998426209966,1010.1059826751119,0,normal
2026-08-01 20:10:00,33.13925942899985,59.31928101815175,1009.9291712763192,0,normal
2026-08-01 20:11:00,32.99366606384631,61.089248550350504,1009.7429677612141,0,normal
2026-08-01 20:12:00,33.156014419970106,62.17816742239349,1010.2783157395263,0,normal
2026-08-01 20:13:00,32.888897320415616,61.133758330023994,1010.7172363550238,0,normal
2026-08-01 20:14:00,33.04249953806392,60.849340741641434,1010.62056885257,0,normal
2026-08-01 20:15:00,32.990998898060624,59.64994235258149,1010.1186157971077,0,normal
2026-08-01 20:16:00,33.19832489343357,61.51713313661845,1010.3192242513031,0,normal
2026-08-01 20:17:00,33.19894958672077,61.7030515701568,1010.0261568771992,0,normal
2026-08-01 20:18:00,32.339873351276744,59.76745128750792,1010.0511363607178,0,normal
2026-08-01 20:19:00,32.1105580864185,62.11937285684284,1010.06930128327,0,normal
2026-08-01 20:20:00,33.23792836245136,61.84331638325215,1010.2417822808034,0,normal
2026-08-01 20:21:00,33.293178701318205,62.15572887897912,1010.2470504571958,0,normal
2026-08-01 20:22:00,32.51035655316483,61.735915100752045,1010.3228961659667,0,normal
2026-08-01 20:23:00,32.20667434902079,61.81136247681835,1010.3943008979974,0,normal
2026-08-01 20:24:00,32.88226369514901,61.72441632956619,1010.2117910619962,0,normal
2026-08-01 20:25:00,33.16332248491948,62.02214242322481,1010.2764492382963,0,normal
2026-08-01 20:26:00,33.456557815189036,59.89198459498643,1010.0705454940404,0,normal
2026-08-01 20:27:00,32.99791773634946,60.16587042878585,1010.0229167801266,0,normal
2026-08-01 20:28:00,32.67687002268796,60.797739372398716,1009.9926013903154,0,normal
2026-08-01 20:29:00,32.4840760564496,61.30261745193215,1010.3767668850592,0,normal
2026-08-01 20:30:00,32.79032446232398,61.73701083092593,1010.1965604678695,0,normal
2026-08-01 20:31:00,32.67116263148639,61.70637374866073,1009.9180595955754,0,normal
2026-08-01 20:32:00,32.41016451352185,62.36053926239871,1010.2409783877168,0,normal
2026-08-01 20:33:00,33.471980200834665,62.40597571325774,1010.0250155410153,0,normal
2026-08-01 20:34:00,33.369146751884834,60.80969454165044,1010.5461364061673,0,normal
2026-08-01 20:35:00,33.13132179099073,61.71898457977035,1010.1405410346133,0,normal
2026-08-01 20:36:00,32.40071911343538,60.87047704146776,1010.3648566666699,0,normal
2026-08-01 20:37:00,33.01153078633982,61.41886037437222,1010.4356515290915,0,normal
2026-08-01 20:38:00,32.92534601551133,61.84770357433501,1010.0651996390891,0,normal
2026-08-01 20:39:00,32.845516180158654,58.88420964984829,1010.2482198307673,0,normal
2026-08-01 20:40:00,33.11710239678805,63.561179339939805,1010.3315962048011,0,normal
2026-08-01 20:41:00,32.891139910098985,62.10641141814129,1010.2502070016204,0,normal
2026-08-01 20:42:00,32.91675177873571,61.197917398343215,1010.2918396415854,0,normal
2026-08-01 20:43:00,32.86959732532496,63.237666141576796,1009.9849371658654,0,normal
2026-08-01 20:44:00,32.75483720927705,61.439210095960846,1010.3214220966994,0,normal
2026-08-01 20:45:00,32.00012338865762,61.84464921034372,1010.1316073424565,0,normal
2026-08-01 20:46:00,32.64242892401278,61.37051329337773,1010.2794356688195,0,normal
2026-08-01 20:47:00,32.40721603848711,63.10346481683758,1010.3795462541517,0,normal
2026-08-01 20:48:00,32.142608200391464,61.71964174487558,1010.3317438998591,0,normal
2026-08-01 20:49:00,33.16780551911461,61.94506730227346,1010.2715343499899,0,normal
2026-08-01 20:50:00,33.17288331575293,62.81044819366572,1010.3217506790521,0,normal
2026-08-01 20:51:00,33.031975700872884,62.33756801186912,1010.3274807483011,0,normal
2026-08-01 20:52:00,32.63403525516332,61.84810307904825,1010.4701525581067,0,normal
2026-08-01 20:53:00,33.00584016915188,62.80211008863341,1010.192225262258,0,normal
2026-08-01 20:54:00,32.5256997824999,63.9668899501901,1010.2252551657689,0,normal
2026-08-01 20:55:00,32.58076921040512,62.212427638110846,1010.3608999620573,0,normal
2026-08-01 20:56:00,32.115333607531014,62.07439269678233,1010.1022397378837,0,normal
2026-08-01 20:57:00,32.62520362568887,62.1400606525073,1009.9475395064503,0,normal
2026-08-01 20:58:00,32.49554971386968,63.074565532112466,1010.2740438305069,0,normal
2026-08-01 20:59:00,32.00659448632826,61.56961484923156,1010.1455495180063,0,normal
2026-08-01 21:00:00,32.43266217642021,61.84915782682618,1009.9626468948137,0,normal
2026-08-01 21:01:00,32.4106848390552,60.864783654001855,1010.2674641203441,0,normal
2026-08-01 21:02:00,33.055696431498326,61.17065673141177,1010.4323319872193,0,normal
2026-08-01 21:03:00,32.72743557516752,61.726610463549754,1009.8787326158346,0,normal
2026-08-01 21:04:00,32.40632898638081,62.1192863153751,1010.3534597919967,0,normal
2026-08-01 21:05:00,32.47721233529917,63.6025735799774,1009.7101209785752,0,normal
2026-08-01 21:06:00,32.39337656210783,62.63945729728631,1010.0920902271882,0,normal
2026-08-01 21:07:00,32.29459978470745,61.50444106419169,1010.4927802554718,0,normal
2026-08-01 21:08:00,31.974439845507145,61.67524454617728,1010.0997315453708,0,normal
2026-08-01 21:09:00,32.28804336800781,63.38103674277881,1010.1723582111011,0,normal
2026-08-01 21:10:00,32.06735201195865,63.20621829126339,1010.2908216153608,0,normal
2026-08-01 21:11:00,31.878403797377455,62.35122506435934,1009.8418738703543,0,normal
2026-08-01 21:12:00,32.48242290534257,61.99854154682052,1010.1611466056464,0,normal
2026-08-01 21:13:00,32.42787237883322,63.27644858012786,1010.1570553986295,0,normal
2026-08-01 21:14:00,31.65297028403084,61.60586176012758,1010.4780394212114,0,normal
2026-08-01 21:15:00,49.739717128822235,62.73825003432581,1009.9177100235358,1,spike
2026-08-01 21:16:00,32.60145177213209,64.26693581261242,1010.068785180524,0,normal
2026-08-01 21:17:00,32.61093529729594,62.637356263004804,1009.9676742872999,0,normal
2026-08-01 21:18:00,32.58645525826666,61.876926966465525,1009.9458974954247,0,normal
2026-08-01 21:19:00,32.22819228169684,62.85013162056947,1010.3323346501337,0,normal
2026-08-01 21:20:00,31.905922261302436,62.17033060663694,1010.1315072479513,0,normal
2026-08-01 21:21:00,31.809464424289093,61.45562418255743,1010.0240130101124,0,normal
2026-08-01 21:22:00,32.29639729027488,63.15640284296709,1010.0281053110526,0,normal
2026-08-01 21:23:00,32.2955160692068,63.514576128399746,1010.0172365374381,0,normal
2026-08-01 21:24:00,32.60027260629658,62.39639481224445,1010.0306300779237,0,normal
2026-08-01 21:25:00,32.52159468489116,62.36821963938709,1009.8856091572569,0,normal
2026-08-01 21:26:00,32.077173551811434,61.92571991121977,1010.063930131974,0,normal
2026-08-01 21:27:00,31.67479023773158,62.60006333427463,1010.0431338667769,0,normal
2026-08-01 21:28:00,31.985340895451603,62.29523177082994,1009.9686748071553,0,normal
2026-08-01 21:29:00,32.1597824837281,61.96148958775643,1010.130271234999,0,normal
2026-08-01 21:30:00,31.9997035003903,64.30931418280362,1010.1428252914568,0,normal
2026-08-01 21:31:00,31.854808737093798,63.194110397196795,1009.9967285743058,0,normal
2026-08-01 21:32:00,32.13217862582346,63.30424242057571,1010.0682584552745,0,normal
2026-08-01 21:33:00,31.853839483660796,63.57852886435696,1010.4800300744625,0,normal
2026-08-01 21:34:00,31.79691606399501,63.51419326062106,1010.4704286929957,0,normal
2026-08-01 21:35:00,32.112221194462236,62.59250312274792,1009.896285106577,0,normal
2026-08-01 21:36:00,31.848948079787124,63.16673121632691,1009.9186891745619,0,normal
2026-08-01 21:37:00,32.06147433353923,62.759233512725785,1009.8898633336602,0,normal
2026-08-01 21:38:00,32.05801131787411,63.35106784400256,1010.268089640698,0,normal
2026-08-01 21:39:00,31.549901934366467,63.29955847012302,1010.0033465163262,0,normal
2026-08-01 21:40:00,31.766540193888275,62.746055652867724,1010.1154828933154,0,normal
2026-08-01 21:41:00,32.42442961229338,62.014791774992986,1010.4290532988156,0,normal
2026-08-01 21:42:00,31.500673810241977,63.221335589436016,1010.0649711049709,0,normal
2026-08-01 21:43:00,31.152727666668923,62.967113348767,1010.1912330963332,0,normal
2026-08-01 21:44:00,31.228027400182103,61.64448144513578,1010.1550356186502,0,normal
2026-08-01 21:45:00,31.87593982991342,63.589225775049016,1009.9527303462171,0,normal
2026-08-01 21:46:00,31.862612475108257,63.98175348060677,1010.246506224823,0,normal
2026-08-01 21:47:00,31.796629912289987,65.25861421668625,1009.900156698309,0,normal
2026-08-01 21:48:00,32.24872491143518,62.94948559370227,1010.2915250529602,0,normal
2026-08-01 21:49:00,30.874193926799204,62.85805345111136,1009.9418475110512,0,normal
2026-08-01 21:50:00,31.93415336138504,62.42812982488954,1009.95879466369,0,normal
2026-08-01 21:51:00,32.32793369589993,63.5092876597027,1009.8461394181685,0,normal
2026-08-01 21:52:00,31.372524444273694,63.530999462843724,1009.8729371391271,0,normal
2026-08-01 21:53:00,31.620096660837017,62.74694142604948,1009.9597211244595,0,normal
2026-08-01 21:54:00,31.475262113324987,63.282930447107525,1009.5961291232968,0,normal
2026-08-01 21:55:00,31.411462904856645,61.86689945190814,1009.9890035244268,0,normal
2026-08-01 21:56:00,31.59596672458002,64.21795227958528,1009.9367978151172,0,normal
2026-08-01 21:57:00,32.19541762685539,62.88738712077759,1010.1676633863573,0,normal
2026-08-01 21:58:00,32.324487688889796,63.50334533279141,1010.0988245399923,0,normal
2026-08-01 21:59:00,31.54939370073534,62.41691528622654,1009.8925383245053,0,normal
2026-08-01 22:00:00,32.31927936267399,63.11964596152582,1009.9345974457449,0,normal
2026-08-01 22:01:00,31.650461973903234,63.38917342798355,1009.9721273499076,0,normal
2026-08-01 22:02:00,32.23727032683273,63.63118935703231,1010.2790513137944,0,normal
2026-08-01 22:03:00,31.57625882295303,64.05144138600564,1009.8607833800357,0,normal
2026-08-01 22:04:00,31.640185376224434,64.84640591449244,1009.876458971319,0,normal
2026-08-01 22:05:00,31.70760017547538,64.30886168998335,1009.8000870207028,0,normal
2026-08-01 22:06:00,32.67761933978177,64.52002775000058,1009.7336799756454,0,normal
2026-08-01 22:07:00,31.848274697613444,64.93483815140114,1010.052921313533,0,normal
2026-08-01 22:08:00,31.288054391863373,64.2614349603745,1010.0313955339628,0,normal
2026-08-01 22:09:00,31.85998678403298,63.804071208530075,1010.2229810630328,0,normal
2026-08-01 22:10:00,31.379405299945827,64.66854879139322,1010.1767472963851,0,normal
2026-08-01 22:11:00,31.319812174619646,64.74754246028647,1010.4179832076,0,normal
2026-08-01 22:12:00,31.794382443928875,64.43591640199432,1009.9704124314778,0,normal
2026-08-01 22:13:00,31.47236861861459,62.78134275923906,1009.93402037355,0,normal
2026-08-01 22:14:00,31.544076681041133,63.29990969390997,1009.7440799810826,0,normal
2026-08-01 22:15:00,31.43652642792689,63.78127885505301,1010.1007087122715,0,normal
2026-08-01 22:16:00,31.534462513805316,64.6529940862182,1009.9938636431631,0,normal
2026-08-01 22:17:00,31.550393921937047,64.04040554126566,1010.086957198693,0,normal
2026-08-01 22:18:00,30.708685778610533,64.99521273079988,1009.7618876627212,0,normal
2026-08-01 22:19:00,31.60486418547691,65.16619147927518,1010.027418536641,0,normal
2026-08-01 22:20:00,31.01276799094837,65.1016715713075,1009.9982645039929,0,normal
2026-08-01 22:21:00,30.83655290825354,65.13514879803883,1009.983552727413,0,normal
2026-08-01 22:22:00,31.30576856143381,63.369549964021346,1009.8327354891065,0,normal
2026-08-01 22:23:00,31.340433104712197,64.61372928006857,1010.1669978340373,0,normal
2026-08-01 22:24:00,31.05311251132337,63.77011995127956,1010.3191699460267,0,normal
2026-08-01 22:25:00,31.571473686510977,62.96545839167879,1009.7474470087517,0,normal
2026-08-01 22:26:00,30.795597341462805,64.08334825050991,1010.0741823959506,0,normal
2026-08-01 22:27:00,31.10764799137556,65.40177331129115,1009.4236822202246,0,normal
2026-08-01 22:28:00,31.030065845277086,64.73928026845196,1010.0592370550928,0,normal
2026-08-01 22:29:00,31.20313386764818,66.01368087294651,1009.5994507259176,0,normal
2026-08-01 22:30:00,31.301683958242926,64.57000745484862,1009.8387750300168,0,normal
2026-08-01 22:31:00,30.83593569553777,66.41529820521724,1009.6941146392819,0,normal
2026-08-01 22:32:00,31.426788954067465,64.6279477994186,1009.8888382919956,0,normal
2026-08-01 22:33:00,31.17990795197308,64.53283147691863,1010.07581989326,0,normal
2026-08-01 22:34:00,30.48021865528212,63.520292645522126,1009.5877087171107,0,normal
2026-08-01 22:35:00,30.4414114736666,65.46125288855403,1009.8545062747718,0,normal
2026-08-01 22:36:00,31.107101570760467,64.20014052713844,1009.8239932187232,0,normal
2026-08-01 22:37:00,31.018546118233047,64.11327985435949,1010.1981748289342,0,normal
2026-08-01 22:38:00,31.044135806082412,65.68501860144187,1009.9884890329902,0,normal
2026-08-01 22:39:00,31.05496426256439,65.61576676551007,1009.6960585003826,0,normal
2026-08-01 22:40:00,31.128106753197002,65.62402194555796,1009.8203096915684,0,normal
2026-08-01 22:41:00,31.3652185711134,64.4578573521571,1010.1824261378557,0,normal
2026-08-01 22:42:00,30.629012903111494,64.73609560533811,1010.0280974494816,0,normal
2026-08-01 22:43:00,30.59204628574529,64.75829489171413,1009.7314136352708,0,normal
2026-08-01 22:44:00,30.603888333882875,65.46153058361642,1009.8458066022529,0,normal
2026-08-01 22:45:00,31.071966776977213,66.10774036209754,1009.848742993743,0,normal
2026-08-01 22:46:00,31.390851006535758,65.18881286009281,1009.7914089614476,0,normal
2026-08-01 22:47:00,30.788403625540603,66.50364931395849,1009.5775903405367,0,normal
2026-08-01 22:48:00,30.04801031629044,65.6709660909593,1009.7606392185062,0,normal
2026-08-01 22:49:00,30.311420724465503,64.79487787256583,1010.1298494049265,0,normal
2026-08-01 22:50:00,30.60044877411304,65.67522550322992,1009.8083697544424,0,normal
2026-08-01 22:51:00,30.680980657888306,66.4065791889374,1009.8555721961038,0,normal
2026-08-01 22:52:00,30.71740493608092,66.67005977485023,1009.8966344342319,0,normal
2026-08-01 22:53:00,30.85798088678868,66.05057375738535,1010.2677871432292,0,normal
2026-08-01 22:54:00,30.719484472769576,65.15126224562353,1009.867300956947,0,normal
2026-08-01 22:55:00,31.179964709752166,64.98705942343709,1010.0597954244587,0,normal
2026-08-01 22:56:00,30.560172215606123,65.65098975144326,1009.7523945745824,0,normal
2026-08-01 22:57:00,30.47903198899854,66.55906207899804,1009.8105568905443,0,normal
2026-08-01 22:58:00,30.932497598183176,65.59667376078555,1009.856690031676,0,normal
2026-08-01 22:59:00,30.211447510068844,65.64308701999322,1009.7122684532374,0,normal
2026-08-01 23:00:00,30.869328903799683,65.3504093773386,1009.8121251055863,0,normal
2026-08-01 23:01:00,30.752828799086764,65.07683375917674,1010.0058255047555,0,normal
2026-08-01 23:02:00,30.649312804798523,65.23931989494793,1009.6990928771572,0,normal
2026-08-01 23:03:00,31.240781227383017,65.50727398607783,1009.8403568418639,0,normal
2026-08-01 23:04:00,30.4510636285263,66.8033431296698,1009.9650953546,0,normal
2026-08-01 23:05:00,31.37387727849066,65.26704571186885,1009.6863021309041,0,normal
2026-08-01 23:06:00,30.557793945246885,65.53088309420833,1010.0290634365499,0,normal
2026-08-01 23:07:00,30.1736468892263,64.82649052978249,1009.842191168558,0,normal
2026-08-01 23:08:00,30.62896815946033,66.1221186903621,1009.796533547543,0,normal
2026-08-01 23:09:00,30.21169042589491,66.67219974182923,1009.4619727732176,0,normal
2026-08-01 23:10:00,30.309128228252803,66.90851804758789,1009.7533732346981,0,normal
2026-08-01 23:11:00,30.69505785864107,65.80169500011027,1009.8846945558632,0,normal
2026-08-01 23:12:00,30.73439057379457,66.1285900809139,1010.1291548456696,0,normal
2026-08-01 23:13:00,30.30600630833873,65.57638876132579,1009.9143980098357,0,normal
2026-08-01 23:14:00,30.853172797653997,66.15178484444971,1010.0120825258762,0,normal
2026-08-01 23:15:00,30.896512849942603,66.01070084682172,1009.5889108688986,0,normal
2026-08-01 23:16:00,30.977883343167363,65.83631642650217,1009.7809082004613,0,normal
2026-08-01 23:17:00,30.64425378249308,65.93010085503649,1010.0206576598766,0,normal
2026-08-01 23:18:00,30.919929580858305,66.21164492960484,1009.6383188282446,0,normal
2026-08-01 23:19:00,29.768209915767766,65.64500999802836,1009.9690390474177,0,normal
2026-08-01 23:20:00,30.298971612259322,65.71657442043873,1009.9244848598038,0,normal
2026-08-01 23:21:00,30.09052662074833,67.30671586193213,1009.8391271571317,0,normal
2026-08-01 23:22:00,30.419437398347835,68.13953197486421,1009.7277002934713,0,normal
2026-08-01 23:23:00,30.16142165005384,65.03788264454789,1009.6065241361097,0,normal
2026-08-01 23:24:00,30.286985118420173,65.02409364086265,1010.100816690075,0,normal
2026-08-01 23:25:00,30.987604327355555,65.29625492282835,1009.8921755016247,0,normal
2026-08-01 23:26:00,30.25313553006396,66.00966463553021,1009.8369436830085,0,normal
2026-08-01 23:27:00,30.44105100634032,66.83924898244398,1009.6985130815086,0,normal
2026-08-01 23:28:00,30.198607877129476,66.62596657841604,1009.7768369311792,0,normal
2026-08-01 23:29:00,30.290072765349084,66.3209386517806,1009.79686391664,0,normal
2026-08-01 23:30:00,30.249342763404147,66.63682098499558,1009.8363879923995,0,normal
2026-08-01 23:31:00,30.387807311922245,65.69037113555679,1009.893787995381,0,normal
2026-08-01 23:32:00,30.622401957029393,66.07911748590301,1009.6179590785233,0,normal
2026-08-01 23:33:00,30.774776431075402,66.28872325653003,1009.4920145666397,0,normal
2026-08-01 23:34:00,30.290193868977564,65.06781598582057,1009.7683715204616,0,normal
2026-08-01 23:35:00,30.371800969482997,65.4365374446995,1009.4359016948088,0,normal
2026-08-01 23:36:00,29.74628442557282,65.49873512083683,1009.689342608057,0,normal
2026-08-01 23:37:00,30.101952628492242,67.03768213980943,1009.6531491344504,0,normal
2026-08-01 23:38:00,30.445428640586936,66.65309176000767,1009.8305206619283,0,normal
2026-08-01 23:39:00,30.403029860785686,66.97607307031443,1010.0960771254958,0,normal
2026-08-01 23:40:00,30.157613738202663,65.04591991575505,1009.3863880283728,0,normal
2026-08-01 23:41:00,30.37739401194395,65.36121326364643,1010.1429733588736,0,normal
2026-08-01 23:42:00,30.222526883719837,67.10906399635103,1009.6888732899794,0,normal
2026-08-01 23:43:00,30.454465065716338,64.38598270837382,1009.7906402202765,0,normal
2026-08-01 23:44:00,30.119230165506206,67.61904985031326,1009.4705738027402,0,normal
2026-08-01 23:45:00,29.87705419611304,65.21112117591004,1009.9018905231512,0,normal
2026-08-01 23:46:00,30.1026850685138,67.37487933368338,1009.7271298831364,0,normal
2026-08-01 23:47:00,28.943022810409026,66.0197636715865,1009.7058130361658,0,normal
2026-08-01 23:48:00,30.086329569742297,67.60018113549702,1009.3653613713115,0,normal
2026-08-01 23:49:00,28.658962615260666,69.3580119460483,1009.7245888391574,0,normal
2026-08-01 23:50:00,29.31628159095762,65.00336384082416,1009.860770451012,0,normal
2026-08-01 23:51:00,30.06119892608759,67.40862749053453,1009.6632083782242,0,normal
2026-08-01 23:52:00,30.053801084111708,65.43621194489967,1009.9143128548799,0,normal
2026-08-01 23:53:00,29.46340172677763,67.25456953219334,1009.9040978240673,0,normal
2026-08-01 23:54:00,29.604602467706876,66.7781442962894,1009.5820005452537,0,normal
2026-08-01 23:55:00,30.31711462500697,67.07779029087932,1009.9817405503571,0,normal
2026-08-01 23:56:00,29.651602858941256,66.27501200975483,1009.6999968315372,0,normal
2026-08-01 23:57:00,30.589624984953645,67.65918412758379,1009.6980229256983,0,normal
2026-08-01 23:58:00,29.787522057452648,65.90644820925691,1009.7041118233911,0,normal
2026-08-01 23:59:00,29.9145997734196,68.08881997938603,1009.6959998610841,0,normal
2026-08-02 00:00:00,30.321288546540146,66.79847748241465,1009.2073282636928,0,normal
2026-08-02 00:01:00,29.7848399984507,66.03408403314882,1009.644591797038,0,normal
2026-08-02 00:02:00,29.371761035413204,68.46253558950286,1009.4297047228379,0,normal
2026-08-02 00:03:00,29.667780976510812,67.16305169252857,1009.9651891306261,0,normal
2026-08-02 00:04:00,29.677329532809697,68.77336382320684,1009.9551787558527,0,normal
2026-08-02 00:05:00,29.195745282766964,68.25465815061841,1009.8202693459866,1,frozen
2026-08-02 00:06:00,29.195745282766964,68.25465815061841,1009.8202693459866,1,frozen
2026-08-02 00:07:00,29.195745282766964,68.25465815061841,1009.8202693459866,1,frozen
2026-08-02 00:08:00,29.195745282766964,68.25465815061841,1009.8202693459866,1,frozen
2026-08-02 00:09:00,29.195745282766964,68.25465815061841,1009.8202693459866,1,frozen
2026-08-02 00:10:00,29.195745282766964,68.25465815061841,1009.8202693459866,1,frozen
2026-08-02 00:11:00,29.195745282766964,68.25465815061841,1009.8202693459866,1,frozen
2026-08-02 00:12:00,29.195745282766964,68.25465815061841,1009.8202693459866,1,frozen
2026-08-02 00:13:00,29.195745282766964,68.25465815061841,1009.8202693459866,1,frozen
2026-08-02 00:14:00,29.195745282766964,68.25465815061841,1009.8202693459866,1,frozen
2026-08-02 00:15:00,29.145246631215713,67.58298534388393,1009.8262768587674,0,normal
2026-08-02 00:16:00,54.7764863640688,67.29418188097486,1009.85290229031,1,spike
2026-08-02 00:17:00,29.332841685380416,67.18871462630999,1009.6434131486382,0,normal
2026-08-02 00:18:00,28.964955265416137,67.22743034573236,1009.2574098242097,0,normal
2026-08-02 00:19:00,29.599883112773757,66.57886865468751,1009.6334214168954,0,normal
2026-08-02 00:20:00,29.590435335581823,67.13032848413391,1009.7375475108307,0,normal
2026-08-02 00:21:00,28.8762216873746,68.95942795131097,1009.5985791907862,0,normal
2026-08-02 00:22:00,29.476015949198253,67.62545446757144,1009.5876425128863,0,normal
2026-08-02 00:23:00,29.63688626220997,68.38428392621945,1009.4439188218571,0,normal
2026-08-02 00:24:00,29.49421209081379,65.8677480877622,1009.4344160081472,0,normal
2026-08-02 00:25:00,29.568125138551167,68.33537848094808,1009.942866503085,0,normal
2026-08-02 00:26:00,28.839202666754588,67.78160024897323,1009.946654797826,0,normal
2026-08-02 00:27:00,29.430336893979508,67.55545964626859,1009.6060705575618,0,normal
2026-08-02 00:28:00,29.192342980593903,68.11528458288154,1009.6544978058419,0,normal
2026-08-02 00:29:00,29.113081776581563,67.60373649376577,1009.4245475647742,0,normal
2026-08-02 00:30:00,29.570562920992668,66.3311513959736,1009.7140459049915,0,normal
2026-08-02 00:31:00,29.767436662374713,68.79787830322574,1009.9124016750633,0,normal
2026-08-02 00:32:00,29.861554539380176,68.28429602969943,1009.3176876674171,0,normal
2026-08-02 00:33:00,29.677554832674335,67.86850288814551,1009.6737345930007,0,normal
2026-08-02 00:34:00,29.162825102003065,67.37645569613906,1009.6845480176306,0,normal
2026-08-02 00:35:00,29.308557350651384,67.00323682332431,1009.6797836411214,0,normal
2026-08-02 00:36:00,29.437380076104244,68.38792697536715,1009.8778141585522,0,normal
2026-08-02 00:37:00,29.195304988996146,69.52922611352639,1009.9458848375571,0,normal
2026-08-02 00:38:00,51.225314260404474,68.4306370560661,1009.5346711651131,1,spike
2026-08-02 00:39:00,29.40905038416734,67.19149454491588,1009.6951682581195,0,normal
2026-08-02 00:40:00,29.0839319240062,68.50736602496708,1009.5864599517917,0,normal
2026-08-02 00:41:00,28.833389576044958,68.31413537870861,1009.4548201525723,0,normal
2026-08-02 00:42:00,28.927548983506203,69.07754947991786,1009.6146526221644,0,normal
2026-08-02 00:43:00,29.278473447890562,68.90117311125871,1009.684083320828,0,normal
2026-08-02 00:44:00,29.04165874003704,66.05656712695298,1009.599570078947,0,normal
2026-08-02 00:45:00,29.14370717236997,68.91082353285604,1009.3992220006846,0,normal
2026-08-02 00:46:00,29.243200633794096,67.70121632307159,1009.4717076137188,0,normal
2026-08-02 00:47:00,28.861534537736702,67.39595184191424,1009.470401326067,0,normal
2026-08-02 00:48:00,29.2414892955446,68.411855431587,1009.3981431194351,0,normal
2026-08-02 00:49:00,29.093488281086916,68.92067415035483,1009.6035407768578,0,normal
2026-08-02 00:50:00,28.512817569073924,67.30853589524811,1009.6196867158624,0,normal
2026-08-02 00:51:00,29.43393575861999,69.21397369390355,1009.7180648727463,0,normal
2026-08-02 00:52:00,28.738013810418696,69.29013471150007,1009.3847071417414,0,normal
2026-08-02 00:53:00,28.31815525032059,68.74615720085654,1009.432462768439,0,normal
2026-08-02 00:54:00,28.515856535939733,68.04355092848392,1009.8135635224318,0,normal
2026-08-02 00:55:00,28.508458609182483,67.98318143875548,1009.5014661899849,0,normal
2026-08-02 00:56:00,28.868307328065253,69.61642342020679,1009.5338358041519,0,normal
2026-08-02 00:57:00,28.738441213035653,67.61565274550345,1009.4942326848511,0,normal
2026-08-02 00:58:00,28.70066019901269,69.70511919429912,1009.7270384137354,0,normal
2026-08-02 00:59:00,29.019730149125913,68.7502536254803,1009.7313623296926,0,normal
2026-08-02 01:00:00,28.9060947880906,68.83457312217756,1009.7181605283796,0,normal
2026-08-02 01:01:00,28.88208029453497,67.573555415172,1009.5199139588016,0,normal
2026-08-02 01:02:00,28.899250105987967,68.85139366883037,1009.3554444596168,0,normal
2026-08-02 01:03:00,28.95582566369818,69.48833276309826,1009.8563748775308,0,normal
2026-08-02 01:04:00,27.986785321565897,67.9569890901943,1009.661328181241,0,normal
2026-08-02 01:05:00,28.581428440522807,69.45363354701074,1009.4223524570896,0,normal
2026-08-02 01:06:00,27.930343818788643,69.15449668196935,1009.7581994535358,0,normal
2026-08-02 01:07:00,28.690496801335616,68.59679819822877,1009.4028659350628,0,normal
2026-08-02 01:08:00,28.660736043009223,69.8240102054178,1009.7505681347556,0,normal
2026-08-02 01:09:00,29.01279920375627,67.40688805769601,1009.7601012464479,0,normal
2026-08-02 01:10:00,29.047064134048203,69.47441195217691,1009.3255141474808,0,normal
2026-08-02 01:11:00,28.686916713518336,70.52094095839075,1009.5934711067281,0,normal
2026-08-02 01:12:00,28.42539687641388,70.40562387609165,1009.6269250562885,0,normal
2026-08-02 01:13:00,28.754932201945692,69.59374178482527,1009.9541930661824,0,normal
2026-08-02 01:14:00,28.384982245577245,69.0687287992573,1009.3472764646398,0,normal
2026-08-02 01:15:00,28.553918938119885,68.82955781327,1009.7361322975764,0,normal
2026-08-02 01:16:00,28.884232659811254,69.1239345476277,1009.4787832305697,0,normal
2026-08-02 01:17:00,28.32856948915938,69.8293446514833,1009.249604442829,0,normal
2026-08-02 01:18:00,28.790507716859317,68.77647528653092,1009.4488439739232,0,normal
2026-08-02 01:19:00,28.730367918867465,70.05612813259695,1009.4682796211922,0,normal
2026-08-02 01:20:00,28.143884356186955,71.18458297244825,1009.2746326711114,0,normal
2026-08-02 01:21:00,28.80373558637364,69.45635964656167,1009.5188237517009,0,normal
2026-08-02 01:22:00,28.692209399419877,68.45810773046885,1009.6324404241553,0,normal
2026-08-02 01:23:00,28.468251454124704,68.48553024236976,1009.5003158077268,0,normal
2026-08-02 01:24:00,28.15065836589462,70.21022554210347,1009.3573153701439,0,normal
2026-08-02 01:25:00,28.101671909165272,69.56876728196669,1009.4255326448796,0,normal
2026-08-02 01:26:00,28.199163098610093,70.34556359860935,1009.4488528288573,0,normal
2026-08-02 01:27:00,28.5622328809717,69.24466914144602,1009.4862042569268,0,normal
2026-08-02 01:28:00,28.022864949430076,70.36349551143061,1009.6442743570668,0,normal
2026-08-02 01:29:00,28.49550139205138,69.59971941314909,1009.4908751661939,0,normal
2026-08-02 01:30:00,27.892825711084637,69.16765900538738,1009.1868645527267,0,normal
2026-08-02 01:31:00,28.24111416269136,69.4601078579901,1009.3355588424146,0,normal
2026-08-02 01:32:00,28.3360431674604,68.8504479172346,1009.4640898777284,0,normal
2026-08-02 01:33:00,29.1386208398823,71.42670365474093,1009.6339807221434,0,normal
2026-08-02 01:34:00,27.785954479049494,69.78517448680583,1009.6626856829753,0,normal
2026-08-02 01:35:00,28.768440843119738,70.40489394068068,1009.7459544851494,0,normal
2026-08-02 01:36:00,28.2909327758791,69.48672837778427,1009.4474623159492,0,normal
2026-08-02 01:37:00,28.367681970353445,69.1015602042026,1009.5587907861747,0,normal
2026-08-02 01:38:00,28.25050940026967,69.78281407636032,1009.157038286874,0,normal
2026-08-02 01:39:00,28.350090092879622,70.87762526410938,1009.4936691016889,0,normal
2026-08-02 01:40:00,28.126026520595392,69.60677477016938,1009.2201947712517,0,normal
2026-08-02 01:41:00,28.67414727558463,69.35355929030152,1009.3999399892692,0,normal
2026-08-02 01:42:00,27.990911299909385,70.20091611542364,1009.9540255418246,0,normal
2026-08-02 01:43:00,28.532438150700738,70.50225732631968,1009.460754842216,0,normal
2026-08-02 01:44:00,27.896141047875794,71.44374647035303,1009.2480920167767,0,normal
2026-08-02 01:45:00,28.08612879975586,70.43883066175131,1009.4744466104675,0,normal
2026-08-02 01:46:00,27.717611651685523,70.69731991169469,1009.3054401334803,0,normal
2026-08-02 01:47:00,28.237672914790334,70.78377408726703,1009.2230516966249,0,normal
2026-08-02 01:48:00,28.569859509040857,69.31210185434672,1009.7720256228182,0,normal
2026-08-02 01:49:00,28.02267659079313,69.4899403944912,1009.5829644487535,0,normal
2026-08-02 01:50:00,27.966562380682646,69.41951203574372,1009.4506155685422,0,normal
2026-08-02 01:51:00,27.6311131245711,69.24686610307306,1009.3153743978953,0,normal
2026-08-02 01:52:00,27.92676915657588,70.97483437069052,1009.3274470265434,0,normal
2026-08-02 01:53:00,27.435372226994,70.59631993088873,1009.6585253491346,0,normal
2026-08-02 01:54:00,27.65920793496817,70.45361922031884,1009.4335549927189,0,normal
2026-08-02 01:55:00,28.043992008962984,68.34152029857701,1008.820961483066,0,normal
2026-08-02 01:56:00,28.412210094144985,72.08567427217451,1009.8091336711847,0,normal
2026-08-02 01:57:00,28.9197550468889,69.7514020955587,1009.4038172554755,0,normal
2026-08-02 01:58:00,27.717239692703572,72.13372396368982,1009.4301767148472,0,normal
2026-08-02 01:59:00,28.410950478177803,69.35826128951372,1009.5614825989051,0,normal
2026-08-02 02:00:00,27.979997732844133,69.89304042726788,1009.4471602623718,0,normal
2026-08-02 02:01:00,27.827874886059,68.80591440447775,1009.4953445140119,0,normal
2026-08-02 02:02:00,28.01838533975028,70.88305163659571,1009.2821469424464,0,normal
2026-08-02 02:03:00,27.874852556065754,69.73742864760942,1009.1345732122548,0,normal
2026-08-02 02:04:00,27.878063845423206,69.78504064793086,1009.4039004812258,0,normal
2026-08-02 02:05:00,27.682791601586292,69.57035979983472,1009.6086744395869,0,normal
2026-08-02 02:06:00,27.322692269321536,71.3151088798371,1009.231907580422,0,normal
2026-08-02 02:07:00,27.258124106958213,71.28717218039971,1009.2149989831471,0,normal
2026-08-02 02:08:00,28.01343101107625,72.19232709608565,1009.5633610581726,0,normal
2026-08-02 02:09:00,27.67439300078685,70.2187552276136,1009.2588107764323,0,normal
2026-08-02 02:10:00,27.549090263150795,70.96691790377707,1009.2647544889243,0,normal
2026-08-02 02:11:00,27.747222566656585,69.78485699821054,1009.2690327072665,0,normal
2026-08-02 02:12:00,28.00903723609876,70.5726770808375,1009.3220485505299,0,normal
2026-08-02 02:13:00,27.78054506555908,70.44993511345062,1009.0480397729721,0,normal
2026-08-02 02:14:00,27.47444683908647,71.26079384722074,1009.2317659700863,0,normal
2026-08-02 02:15:00,28.11995888132383,71.72699282704636,1009.3678690553311,0,normal
2026-08-02 02:16:00,28.23020370557457,71.73028875174822,1009.3641443277046,0,normal
2026-08-02 02:17:00,27.83735844773337,70.28716364942375,1009.529962005944,0,normal
2026-08-02 02:18:00,27.991863344920187,71.784083445938,1009.6501786878366,0,normal
2026-08-02 02:19:00,28.072627522912445,70.97385379203767,1009.5889030176571,0,normal
2026-08-02 02:20:00,28.020379854272704,70.77317382798996,1009.4788644177216,0,normal
2026-08-02 02:21:00,27.826726786540817,70.48968780234223,1009.2850288392385,0,normal
2026-08-02 02:22:00,27.80820418281491,70.6321097496695,1009.1972257992555,0,normal
2026-08-02 02:23:00,27.767698467969026,72.49738614548168,1009.3101766087605,0,normal
2026-08-02 02:24:00,27.188827788891455,71.37285520039956,1009.409946024709,0,normal
2026-08-02 02:25:00,27.805272190994447,71.28992196609266,1009.4500771045273,0,normal
2026-08-02 02:26:00,27.07265195657513,70.96365483284474,1009.4118732901755,0,normal
2026-08-02 02:27:00,27.25628969179189,73.15336852119218,1009.2754989362379,0,normal
2026-08-02 02:28:00,27.977905067781307,72.26364036797158,1009.4365414957631,0,normal
2026-08-02 02:29:00,27.80303752553333,70.66574121571297,1009.519462226377,0,normal
2026-08-02 02:30:00,28.01689866845548,71.0465699351982,1009.448536041514,0,normal
2026-08-02 02:31:00,27.388617896654274,71.11684911301116,1009.2819499359887,0,normal
2026-08-02 02:32:00,27.067857606365305,71.42763635464455,1009.1352277538697,0,normal
2026-08-02 02:33:00,27.374478797384292,70.77256281767028,1009.1285697352328,0,normal
2026-08-02 02:34:00,27.481876470413997,71.70711204721142,1009.157927177892,0,normal
2026-08-02 02:35:00,27.461392089487322,72.5401544911032,1009.3244374892291,0,normal
2026-08-02 02:36:00,27.818161788077045,70.34991616031277,1009.3693493601306,0,normal
2026-08-02 02:37:00,27.282603848937637,70.52054499155977,1009.018792727842,0,normal
2026-08-02 02:38:00,27.5199829705919,71.05868791065906,1009.1803164174535,0,normal
2026-08-02 02:39:00,27.038521575769533,71.11783889039661,1009.3124570455373,0,normal
2026-08-02 02:40:00,27.529970296156108,73.08801640347582,1009.104356537238,0,normal
2026-08-02 02:41:00,27.361313642724678,72.3124867999046,1009.3420380637265,1,drift
2026-08-02 02:42:00,27.341062538133276,72.28835995595342,1009.2062377560584,1,drift
2026-08-02 02:43:00,27.7642771786753,71.34309867683734,1009.1290018700619,1,drift
2026-08-02 02:44:00,28.025725115170733,71.3471357492457,1009.266440306681,1,drift
2026-08-02 02:45:00,28.23905065294324,70.43632305269428,1009.3251227383122,1,drift
2026-08-02 02:46:00,29.197042083195228,72.24448572330725,1009.0994291656518,1,drift
2026-08-02 02:47:00,28.78613385294434,72.03324821390382,1009.2061493748697,1,drift
2026-08-02 02:48:00,28.97879345147215,72.69041782868294,1009.3316600865331,1,drift
2026-08-02 02:49:00,28.57366644689259,71.51407557828878,1009.1079632638349,1,drift
2026-08-02 02:50:00,29.238469180465945,71.59033903844248,1008.9444079269527,1,drift
2026-08-02 02:51:00,29.70308402915163,71.86072497012144,1008.9638886708202,1,drift
2026-08-02 02:52:00,29.798879989445496,72.45903557784247,1009.1628937558662,1,drift
2026-08-02 02:53:00,30.76634572744223,70.59007636288415,1008.9985017135546,1,drift
2026-08-02 02:54:00,30.46889065720974,72.37572708013033,1009.1709042974795,1,drift
2026-08-02 02:55:00,31.221496558824516,71.79102060375223,1009.5308643303456,1,drift
2026-08-02 02:56:00,31.036111488519673,70.98094328741121,1008.9807104287328,1,drift
2026-08-02 02:57:00,31.271570223413818,70.18050531787271,1009.1756759290345,1,drift
2026-08-02 02:58:00,31.471539373006607,71.75924814251209,1009.6080494276816,1,drift
2026-08-02 02:59:00,31.748076716733827,73.04673467016964,1009.295390969602,1,drift
2026-08-02 03:00:00,32.59250864255073,73.24834877558439,1009.1534334500127,1,drift
2026-08-02 03:01:00,31.42330167671675,72.2128379659381,1009.1890839940586,1,drift
2026-08-02 03:02:00,31.778912348807495,73.5179762916045,1009.2923104846867,1,drift
2026-08-02 03:03:00,32.53368459634194,71.93375207845101,1009.5179696828367,1,drift
2026-08-02 03:04:00,32.973273483168406,72.75037900671074,1009.1148857241095,1,drift
2026-08-02 03:05:00,33.454173128694094,71.64628032818909,1009.0717812952768,1,drift
2026-08-02 03:06:00,33.62271868092682,71.61501211409842,1008.9576804801585,1,drift
2026-08-02 03:07:00,33.5672076065127,71.50400693140307,1009.2221413752917,1,drift
2026-08-02 03:08:00,34.30296862159033,70.41681062256438,1008.9482815300565,1,drift
2026-08-02 03:09:00,34.551535716197925,73.11402328429092,1009.1155486793128,1,drift
2026-08-02 03:10:00,34.500106109006055,71.59005498848663,1009.0331939535681,1,drift
2026-08-02 03:11:00,27.356688519429493,71.4811167754806,1009.387829749971,0,normal
2026-08-02 03:12:00,27.104655761493078,71.19709234009247,1009.1007098353683,0,normal
2026-08-02 03:13:00,26.802237561517263,71.99627868141091,1009.2614054306227,0,normal
2026-08-02 03:14:00,27.232574566896734,73.58915091802419,1008.8989613148916,0,normal
2026-08-02 03:15:00,27.016690867581907,73.87186491934705,1009.2091121452296,0,normal
2026-08-02 03:16:00,26.96813856880244,70.88652667581678,1008.966618168604,0,normal
2026-08-02 03:17:00,27.472952662963593,71.94993332657634,1009.1043195331674,0,normal
2026-08-02 03:18:00,26.089419095561002,71.4241699057809,1009.5767050724371,0,normal
2026-08-02 03:19:00,26.440896640451804,73.06038320939818,1009.3442354463534,0,normal
2026-08-02 03:20:00,26.511529734763137,72.5169368913985,1009.1510883433139,0,normal
2026-08-02 03:21:00,26.78983815769403,71.7962474198603,1009.7477737989711,0,normal
2026-08-02 03:22:00,26.817898432375756,72.38129361603436,1009.0049975518508,0,normal
2026-08-02 03:23:00,26.369536319267436,71.9589236183913,1009.377235776317,0,normal
2026-08-02 03:24:00,26.54244127415689,73.64976950373233,1008.8893863437393,0,normal
2026-08-02 03:25:00,26.576155760178803,72.81334475836468,1009.1191356514007,0,normal
2026-08-02 03:26:00,27.72781020113028,72.92893046530601,1008.918216674191,0,normal
2026-08-02 03:27:00,27.48864071611665,70.2767220532244,1009.2049086511792,0,normal
2026-08-02 03:28:00,26.70429603207555,72.3738987873422,1009.1664568611822,0,normal
2026-08-02 03:29:00,26.71158968185611,74.11086124497466,1009.098788848528,0,normal
2026-08-02 03:30:00,26.427116332841237,73.52204720061506,1009.3485281373366,0,normal
2026-08-02 03:31:00,26.15204455954825,71.00021213129615,1009.0476724774082,0,normal
2026-08-02 03:32:00,26.76959336478181,72.24377104906311,1009.2063790817933,0,normal
2026-08-02 03:33:00,26.451923393733296,71.54981179062254,1009.2930441814736,0,normal
2026-08-02 03:34:00,26.762203168959267,73.89631166810696,1008.8761660454413,0,normal
2026-08-02 03:35:00,26.222617360568787,72.73914318785887,1009.0062358934148,0,normal
2026-08-02 03:36:00,26.50684636058854,71.94566102180262,1009.1484530971279,0,normal
2026-08-02 03:37:00,26.816464552089272,72.60328717898521,1009.2499964178814,0,normal
2026-08-02 03:38:00,26.883585882920027,70.50601788629224,1009.3902053058504,0,normal
2026-08-02 03:39:00,26.89255514304414,71.73977656895366,1009.0933408708809,0,normal
2026-08-02 03:40:00,26.275356396088597,72.65262139941649,1009.0730541894419,0,normal
2026-08-02 03:41:00,27.027815447704867,73.31561271565188,1008.9707744445711,0,normal
2026-08-02 03:42:00,26.439809736637034,71.10151201402631,1009.1850646244328,0,normal
2026-08-02 03:43:00,26.93265314248262,72.36501453597945,1009.0700150817565,0,normal
2026-08-02 03:44:00,26.698759196894795,73.49294712332012,1009.072002188547,0,normal
2026-08-02 03:45:00,26.212137954408025,71.53917960096955,1009.1022628034766,0,normal
2026-08-02 03:46:00,26.574656375327997,72.89871593490564,1009.2162935063293,0,normal
2026-08-02 03:47:00,26.804716184232195,72.78306005804828,1009.0133696521153,0,normal
2026-08-02 03:48:00,26.882951531065608,74.11657858762295,1008.973696362012,0,normal
2026-08-02 03:49:00,26.610704287888854,72.57564204751722,1009.1882418014109,0,normal
2026-08-02 03:50:00,27.18787085721135,72.63702969867289,1008.563750552686,0,normal
2026-08-02 03:51:00,26.99613715578021,73.47271937197446,1008.9975715016692,0,normal
2026-08-02 03:52:00,26.545501688878222,71.7419959579904,1008.8968533451764,0,normal
2026-08-02 03:53:00,26.889757765923797,72.64057329752164,1009.3185339549403,0,normal
2026-08-02 03:54:00,27.295989765849537,72.4667861904148,1009.020440928096,0,normal
2026-08-02 03:55:00,27.297341135688583,72.7342041721122,1008.9967441991294,0,normal
2026-08-02 03:56:00,26.173443763048027,73.53790701460156,1009.0867882440567,0,normal
2026-08-02 03:57:00,26.27109219520189,73.31623981195501,1008.9862433557346,0,normal
2026-08-02 03:58:00,27.107298438182212,72.2875738084049,1009.0188067286035,0,normal
2026-08-02 03:59:00,26.209439737581906,73.00936804193208,1009.1066391706397,0,normal
2026-08-02 04:00:00,26.10927326177083,74.10573071937145,1009.0110708063431,0,normal
2026-08-02 04:01:00,26.394382721671416,72.26153307698249,1009.0076606115504,0,normal
2026-08-02 04:02:00,26.704081624895412,73.0558864639674,1008.9009759131234,0,normal
2026-08-02 04:03:00,26.513678781598273,72.79823083628628,1008.8730106278678,0,normal
2026-08-02 04:04:00,26.31439959904429,72.91524037904212,1009.0894966070434,0,normal
2026-08-02 04:05:00,26.29876576733902,71.6738817268785,1009.1316631712065,0,normal
2026-08-02 04:06:00,26.278129583944484,74.11965970587275,1008.8173028391878,0,normal
2026-08-02 04:07:00,26.2123909168664,72.38408741220815,1009.2090592790202,0,normal
2026-08-02 04:08:00,27.311626964046734,73.83682368255111,1009.2077000139633,0,normal
2026-08-02 04:09:00,26.61008507730517,72.53113940907247,1009.2435199152892,0,normal
2026-08-02 04:10:00,26.80928732645731,72.53998873350776,1009.1199631459172,0,normal
2026-08-02 04:11:00,26.32077484133676,74.02291974250643,1009.1785679291411,0,normal
2026-08-02 04:12:00,26.41996239051644,73.85943419909574,1009.4551106350973,0,normal
2026-08-02 04:13:00,26.22846371159735,73.24304105852183,1009.0054477097584,0,normal
2026-08-02 04:14:00,25.543335299940868,73.69668681519786,1008.8694155166578,0,normal
2026-08-02 04:15:00,25.982420944983318,72.86845816654534,1008.7794303618986,0,normal
2026-08-02 04:16:00,25.824364118069212,73.10401605212684,1009.3695063585412,0,normal
2026-08-02 04:17:00,25.664078412998155,72.59269592312704,1009.3697934149494,0,normal
2026-08-02 04:18:00,26.026614912840586,73.8564079720066,1008.8829131499872,0,normal
2026-08-02 04:19:00,26.90227872257939,72.58946099154153,1008.9163554809786,0,normal
2026-08-02 04:20:00,26.4166112412115,74.34322722288945,1008.9868896834128,0,normal
2026-08-02 04:21:00,26.877546986497507,72.91321992976545,1009.2635118597549,0,normal
2026-08-02 04:22:00,26.56344556527305,73.19295364295238,1008.8093714797488,0,normal
2026-08-02 04:23:00,26.687315587881862,73.79406293059226,1008.6850373041251,0,normal
2026-08-02 04:24:00,26.091990844578167,73.21657975589908,1009.427127048159,0,normal
2026-08-02 04:25:00,26.584638994883456,72.96944304485095,1009.0911499285627,0,normal
2026-08-02 04:26:00,26.650324198868223,73.19390598009159,1009.1146680873161,0,normal
2026-08-02 04:27:00,26.187532521564435,73.94300782261953,1008.9939082173744,0,normal
2026-08-02 04:28:00,26.5793499728906,72.70757291990189,1009.1126248312019,0,normal
2026-08-02 04:29:00,26.575895350688157,73.14663960544199,1008.7541853628574,0,normal
2026-08-02 04:30:00,26.179672141455075,73.26550586438636,1008.8733382167006,0,normal
2026-08-02 04:31:00,25.973399770546944,73.95846447198534,1009.0415964443288,0,normal
2026-08-02 04:32:00,25.946344314377615,73.19631221788218,1008.6118743697327,0,normal
2026-08-02 04:33:00,26.385554129708822,74.73209217133518,1008.964150853633,0,normal
2026-08-02 04:34:00,26.464286158187534,73.16935840105019,1008.9510263087197,0,normal
2026-08-02 04:35:00,26.067071834592788,73.11345052248225,1008.9600660916619,0,normal
2026-08-02 04:36:00,26.348451674109583,73.17565152458786,1008.9133326018961,0,normal
2026-08-02 04:37:00,26.53359355481639,72.2679153049234,1008.8312463193869,0,normal
2026-08-02 04:38:00,26.545099086526616,72.5004694547189,1008.6805232054853,0,normal
2026-08-02 04:39:00,26.866785176631044,72.9138109863535,1009.0325280020717,0,normal
2026-08-02 04:40:00,26.765533373975753,74.25537285084349,1008.9504383222799,0,normal
2026-08-02 04:41:00,25.9631692739273,73.32844333377406,1008.7548995677419,0,normal
2026-08-02 04:42:00,26.897975979313433,72.97533460566396,1009.0116983550892,0,normal
2026-08-02 04:43:00,26.11804698987569,74.35225392966989,1008.9453458771985,0,normal
2026-08-02 04:44:00,26.664830731933943,74.61981425063969,1008.9134496377766,0,normal
2026-08-02 04:45:00,26.3182256577859,74.39089499752282,1008.6061923597099,0,normal
2026-08-02 04:46:00,26.14555184534793,72.71170342926632,1009.11533352348,0,normal
2026-08-02 04:47:00,25.652552800809353,73.00543268584674,1008.7684905457296,0,normal
2026-08-02 04:48:00,26.220710567272732,74.85994619523987,1008.9998351582568,0,normal
2026-08-02 04:49:00,25.7305544118914,73.6090642994141,1008.8409673776633,0,normal
2026-08-02 04:50:00,26.610542712235116,73.2091154008166,1008.9144965028981,0,normal
2026-08-02 04:51:00,26.798583963603747,74.00482908152112,1009.189893884359,0,normal
2026-08-02 04:52:00,25.98457543984017,74.24279263403898,1009.0761888406328,0,normal
2026-08-02 04:53:00,26.365041075808268,72.98646525671042,1009.1819234398785,0,normal
2026-08-02 04:54:00,26.001390667835942,73.62571713935024,1009.0360066675223,0,normal
2026-08-02 04:55:00,26.031303860484307,74.1978220750936,1009.0458664838861,0,normal
2026-08-02 04:56:00,26.518411983525194,72.5346216035159,1008.6519812974477,0,normal
2026-08-02 04:57:00,26.22998534574185,73.47887330759329,1008.9134598031585,0,normal
2026-08-02 04:58:00,26.848555103441235,72.58349903136694,1008.9281609717984,0,normal
2026-08-02 04:59:00,26.067171194510028,72.69402823166739,1009.1869368046249,0,normal
2026-08-02 05:00:00,26.582064343032215,73.03616238081206,1008.8735906822815,0,normal
2026-08-02 05:01:00,26.26280524519504,73.87395570229603,1009.0104237510649,0,normal
2026-08-02 05:02:00,26.50371670416745,73.24012729379449,1009.0014246798985,0,normal
2026-08-02 05:03:00,26.065243062266525,72.98436379935431,1009.1672114329874,0,normal
2026-08-02 05:04:00,26.20102654626953,73.54956231540926,1008.9327997292258,0,normal
2026-08-02 05:05:00,26.174641546923766,72.5958361977293,1009.1039212751616,0,normal
2026-08-02 05:06:00,25.919210359263936,73.86140391024638,1008.6460920475198,0,normal
2026-08-02 05:07:00,26.440393320841117,74.42829283359335,1008.660494594292,0,normal
2026-08-02 05:08:00,26.433156668092206,73.46450930655966,1008.5380685903328,0,normal
2026-08-02 05:09:00,26.410288747159914,73.3703093846749,1009.088602493834,0,normal
2026-08-02 05:10:00,26.737528081940773,73.83560372636212,1009.0664420049924,0,normal
2026-08-02 05:11:00,26.70397674852017,71.91836550008102,1009.104669795363,0,normal
2026-08-02 05:12:00,26.062661910761427,73.9747512235416,1008.8193766814691,0,normal
2026-08-02 05:13:00,26.321717918740312,76.03082866352332,1008.8379263032348,0,normal
2026-08-02 05:14:00,25.9702170425838,73.45506825494331,1008.9156414512817,0,normal
2026-08-02 05:15:00,26.194049991595016,73.46166477762125,1009.1953631082735,0,normal
2026-08-02 05:16:00,25.973432389268172,74.15547225380625,1009.2384555505676,0,normal
2026-08-02 05:17:00,26.74790913495497,74.8803408312264,1009.0745233022714,0,normal
2026-08-02 05:18:00,26.30578951952491,74.34740312891918,1008.9892946292233,0,normal
2026-08-02 05:19:00,26.099866465760705,71.84616354344233,1009.1681552725839,0,normal
2026-08-02 05:20:00,26.591695550316036,74.02445427060093,1008.8798120418802,0,normal
2026-08-02 05:21:00,25.41203698315153,75.63423135956185,1008.8535734800522,0,normal
2026-08-02 05:22:00,25.464710771238472,74.07745794244467,1008.8988002046001,0,normal
2026-08-02 05:23:00,26.446155526315188,72.65850718741757,1008.7439387751074,0,normal
2026-08-02 05:24:00,26.186812322933438,73.81020171698076,1008.886690780876,0,normal
2026-08-02 05:25:00,26.251412027349602,72.56260313980731,1008.7151460379806,0,normal
2026-08-02 05:26:00,25.697695763461905,74.57567637989102,1009.0988698120988,0,normal
2026-08-02 05:27:00,26.152052332158945,72.82687335247789,1009.0103229381774,0,normal
2026-08-02 05:28:00,26.859733341298533,73.65298577710385,1009.1678731114542,0,normal
2026-08-02 05:29:00,26.445367046687252,72.90924371396085,1008.6153755011616,0,normal
2026-08-02 05:30:00,26.21475784671932,73.16005146573464,1009.2490482202132,0,normal
2026-08-02 05:31:00,26.000226334893586,74.78773792748858,1008.6217953821881,0,normal
2026-08-02 05:32:00,26.01440065005667,73.68305589987865,1008.6872454973422,0,normal
2026-08-02 05:33:00,25.405959153589073,73.15426616214594,1008.7892948582797,0,normal
2026-08-02 05:34:00,26.240101173722916,72.68664891397823,1009.1345360231169,0,normal
2026-08-02 05:35:00,26.444666092757316,72.1065383904629,1008.9378548501473,0,normal
2026-08-02 05:36:00,25.596171605894437,72.60380846646592,1008.8514694220501,0,normal
2026-08-02 05:37:00,25.915105229996964,73.69519883295915,1008.7507945439268,0,normal
2026-08-02 05:38:00,25.740522716891363,74.39048196466919,1008.6439096626224,0,normal
2026-08-02 05:39:00,25.806868056137144,73.1585422820979,1009.0935631121137,0,normal
2026-08-02 05:40:00,26.162636635069155,74.86365187504191,1009.0315591453752,0,normal
2026-08-02 05:41:00,25.41362587157215,73.03347514537137,1009.1293606950636,0,normal
2026-08-02 05:42:00,26.357481320341527,73.41718954450413,1008.9554640868729,0,normal
2026-08-02 05:43:00,26.405727474265095,72.7439259204111,1008.4065772100325,0,normal
2026-08-02 05:44:00,26.053455328056767,74.40004997822055,1008.6562511686051,0,normal
2026-08-02 05:45:00,25.27262779872708,75.28516728403547,1008.9620749743797,0,normal
2026-08-02 05:46:00,25.791735317428895,72.19728832551047,1008.8099727000485,0,normal
2026-08-02 05:47:00,26.57167509403967,73.32926023345783,1008.7740554016667,0,normal
2026-08-02 05:48:00,25.16761052462277,74.61732664872139,1008.6741928783846,0,normal
2026-08-02 05:49:00,26.018095962142496,72.44712412377217,1009.0414680910835,0,normal
2026-08-02 05:50:00,25.726621046420043,74.05707032448503,1008.9511464323424,0,normal
2026-08-02 05:51:00,26.421184615659204,74.57980850882554,1008.9573774653423,0,normal
2026-08-02 05:52:00,25.903330345253597,73.66398624778657,1008.7512474101152,0,normal
2026-08-02 05:53:00,26.281110878393942,74.04025100726231,1008.8951618462945,0,normal
2026-08-02 05:54:00,26.337816380390944,75.00726473140882,1008.6207680458812,0,normal
2026-08-02 05:55:00,26.78283405434875,75.155651269334,1008.836333809984,0,normal
2026-08-02 05:56:00,26.069446614062585,73.5455684070263,1008.4028140502319,0,normal
2026-08-02 05:57:00,26.27248460631944,73.16733701611643,1008.5737203938846,0,normal
2026-08-02 05:58:00,25.621563930733714,72.85521731288831,1008.7961064709671,0,normal
2026-08-02 05:59:00,26.558513844734446,74.37059984030091,1009.2797865354041,0,normal
2026-08-02 06:00:00,25.876298215013996,72.48930023042567,1008.526275526765,0,normal
2026-08-02 06:01:00,25.94689101982249,73.3822186704669,1008.6247101115622,0,normal
2026-08-02 06:02:00,26.13611835030566,73.66385204087685,1008.8857207297017,0,normal
2026-08-02 06:03:00,25.5977170780236,73.1765856703341,1009.1633453297471,0,normal
2026-08-02 06:04:00,26.22568903047814,73.79999651869194,1008.8793894711721,0,normal
2026-08-02 06:05:00,26.485197018965493,75.62476879641747,1008.9675344271964,0,normal
2026-08-02 06:06:00,26.250146325567272,73.47276235525658,1008.7785319300234,0,normal
2026-08-02 06:07:00,25.592612342406795,73.21846510622791,1008.7455416520183,0,normal
2026-08-02 06:08:00,26.106571554444493,74.37566878997427,1008.8504008579671,0,normal
2026-08-02 06:09:00,26.41086453122565,73.75154935905962,1008.7152709066463,0,normal
2026-08-02 06:10:00,25.495179218646967,74.70769561680883,1008.9622879681453,0,normal
2026-08-02 06:11:00,25.777699289606403,73.68418714899406,1008.5409481854381,0,normal
2026-08-02 06:12:00,26.462120970689973,73.34977409417417,1008.9884335649858,0,normal
2026-08-02 06:13:00,26.2513986027469,72.1174739710456,1008.8334721269118,0,normal
2026-08-02 06:14:00,26.30266089095342,72.24447302297303,1008.7859070094626,0,normal
2026-08-02 06:15:00,26.81097076807204,72.06737446221531,1008.5269816034197,0,normal
2026-08-02 06:16:00,26.32588888332051,73.8349431911826,1008.6445199808027,0,normal
2026-08-02 06:17:00,26.39397508129292,72.43707659447989,1009.0348033651876,0,normal
2026-08-02 06:18:00,27.11436508307161,74.52660834003055,1008.7796634610261,0,normal
2026-08-02 06:19:00,26.092733389605044,73.54147999140959,1008.8654891891487,0,normal
2026-08-02 06:20:00,25.890337779566092,73.31693559691054,1008.6552288730198,0,normal
2026-08-02 06:21:00,26.321428132271706,72.83206964478256,1008.8064829380108,0,normal
2026-08-02 06:22:00,26.3275197406698,73.99969553857298,1008.5628944894098,0,normal
2026-08-02 06:23:00,25.99176677807324,72.85289146627801,1008.8260306791951,0,normal
2026-08-02 06:24:00,25.817093245217844,72.7026549347599,1008.8729381614345,0,normal
2026-08-02 06:25:00,26.989263491741827,74.43597141447198,1008.862105269763,0,normal
2026-08-02 06:26:00,26.297669557578743,73.76318916268038,1008.6399220420102,0,normal
2026-08-02 06:27:00,25.929501465853864,73.28561615837951,1008.7391716818715,0,normal
2026-08-02 06:28:00,26.50897451813963,73.98064036378221,1008.8956101888301,0,normal
2026-08-02 06:29:00,26.15286617665737,73.46844065736254,1008.7590316760852,0,normal
2026-08-02 06:30:00,26.105296991632716,73.76137387224426,1008.7435514732939,0,normal
2026-08-02 06:31:00,26.393409916990255,72.7950203378945,1009.1360673897603,0,normal
2026-08-02 06:32:00,25.747334871455376,75.09822007701362,1008.6204427170883,0,normal
2026-08-02 06:33:00,26.325862722114767,72.97147507778834,1008.9842743621277,0,normal
2026-08-02 06:34:00,26.874997141747205,74.6731214197614,1008.5801355198231,0,normal
2026-08-02 06:35:00,26.37171506164578,73.2702181440281,1008.9040183389108,0,normal
2026-08-02 06:36:00,26.08003866522507,74.05986345752845,1008.911805591787,0,normal
2026-08-02 06:37:00,26.03745611285908,73.99430490177699,1008.6906534556588,0,normal
2026-08-02 06:38:00,26.074624003187925,74.31701576249255,1008.5615550474057,0,normal
2026-08-02 06:39:00,26.13272599703875,72.71951169145588,1008.4242052273706,0,normal
2026-08-02 06:40:00,26.092820428946034,74.24486344724178,1008.6663457019998,0,normal
2026-08-02 06:41:00,26.549271272971403,74.85371977589739,1008.8699690068012,0,normal
2026-08-02 06:42:00,25.625518338010522,73.16169471282393,1008.5794606660228,0,normal
2026-08-02 06:43:00,26.537490428556488,73.38836371773932,1008.7890691110824,0,normal
2026-08-02 06:44:00,26.106618572677412,72.93366002174349,1008.5040461636706,0,normal
2026-08-02 06:45:00,26.37522851203043,73.06695564918277,1008.7258893224982,0,normal
2026-08-02 06:46:00,25.852708358892688,74.70479919085902,1008.5597074535108,0,normal
2026-08-02 06:47:00,26.71610167468871,72.52369876171508,1008.7503254948894,0,normal
2026-08-02 06:48:00,26.69104896678496,72.56468603317887,1008.6723547597695,0,normal
2026-08-02 06:49:00,26.59499852064594,74.59826597443723,1008.546470669244,0,normal
2026-08-02 06:50:00,25.73311186702894,73.80021767919992,1008.6403272678734,0,normal
2026-08-02 06:51:00,26.557671629577925,74.98777858383164,1008.5889645697002,0,normal
2026-08-02 06:52:00,26.413450682632835,72.92190481021143,1008.5187950409455,0,normal
2026-08-02 06:53:00,25.714247459383323,73.37392401519445,1008.9483847688559,0,normal
2026-08-02 06:54:00,26.271998066375144,72.73487114611643,1008.6868484093726,0,normal
2026-08-02 06:55:00,26.412567650476756,73.3684376067626,1008.353468980256,0,normal
2026-08-02 06:56:00,26.484153939166344,71.82477382633408,1008.6358689833418,1,drift
2026-08-02 06:57:00,26.633136695650908,73.7821400524729,1008.9108978763469,1,drift
2026-08-02 06:58:00,26.95466224161812,73.48295177909941,1008.607395704551,1,drift
2026-08-02 06:59:00,27.65019957375971,73.16799594358973,1009.0122248787713,1,drift
2026-08-02 07:00:00,27.845320014256757,72.89148660759963,1008.5866227444114,1,drift
2026-08-02 07:01:00,26.69457959485621,72.47758468234689,1008.8296264892813,1,drift
2026-08-02 07:02:00,27.868854044651705,73.76503959928185,1008.9237992805995,1,drift
2026-08-02 07:03:00,28.204306319030277,72.23535045458534,1008.8164306975848,1,drift
2026-08-02 07:04:00,27.93074414878457,73.57096430839913,1008.4861784452053,1,drift
2026-08-02 07:05:00,28.85905492070771,74.81010598079101,1008.562134705535,1,drift
2026-08-02 07:06:00,29.545335900749823,74.32793168347564,1008.9405836068242,1,drift
2026-08-02 07:07:00,29.01021928579365,71.92425430073911,1008.5833326157607,1,drift
2026-08-02 07:08:00,29.79057314347332,72.68768109928168,1008.901976349633,1,drift
2026-08-02 07:09:00,29.634676692772523,73.44281996111047,1008.6470952560056,1,drift
2026-08-02 07:10:00,30.00249500632604,73.03789478105129,1008.7481971614268,1,drift
2026-08-02 07:11:00,31.037268393241472,71.96293002576739,1008.47143106101,1,drift
2026-08-02 07:12:00,30.612868783487222,73.37891518027003,1008.6096341028164,1,drift
2026-08-02 07:13:00,31.247188672907782,73.05073046627892,1008.5597589612516,1,drift
2026-08-02 07:14:00,30.713205012463703,74.57815982711229,1008.7561138179395,1,drift
2026-08-02 07:15:00,32.302726207842696,72.83194622293726,1008.7304731234839,1,drift
2026-08-02 07:16:00,32.14469366832219,73.95663595977743,1008.7951661054655,1,drift
2026-08-02 07:17:00,32.152807044710784,71.9961411942848,1008.6217865048033,1,drift
2026-08-02 07:18:00,32.70110625541866,72.17485796199873,1008.5408304194391,1,drift
2026-08-02 07:19:00,32.289277355541905,73.5619234917701,1008.7393541697364,1,drift
2026-08-02 07:20:00,33.479715165960656,73.83878233627327,1008.5193278384587,1,drift
2026-08-02 07:21:00,33.23561593668826,72.19296280957953,1008.8969605864347,1,drift
2026-08-02 07:22:00,33.5608333086044,72.96509391393855,1008.6804209561915,1,drift
2026-08-02 07:23:00,33.743490910023866,71.82739959911635,1008.6405208629345,1,drift
2026-08-02 07:24:00,33.99572070169439,72.77439421051103,1008.7806067138528,1,drift
2026-08-02 07:25:00,34.72552717923191,73.57549185398237,1008.681859112459,1,drift
2026-08-02 07:26:00,26.546905536688424,72.54444703862576,1008.3953447147816,0,normal
2026-08-02 07:27:00,26.692072174453166,72.67952318469084,1008.5009256035509,0,normal
2026-08-02 07:28:00,26.467569439346672,71.96112888423431,1008.8805591532414,0,normal
2026-08-02 07:29:00,26.657019709228297,72.33237011247948,1008.7034589890252,0,normal
2026-08-02 07:30:00,26.337619716478255,74.24351485142076,1008.3838654198904,0,normal
2026-08-02 07:31:00,27.27150459625076,72.88121319123816,1008.7481151915212,0,normal
2026-08-02 07:32:00,25.949269019660637,72.00675236038853,1008.5822553836715,0,normal
2026-08-02 07:33:00,26.94638334516233,72.54238470042827,1008.5236984673032,0,normal
2026-08-02 07:34:00,26.99089777188368,71.50174249756277,1008.4732173706387,0,normal
2026-08-02 07:35:00,26.221013591596506,71.95371808135341,1008.8574672627873,0,normal
2026-08-02 07:36:00,27.30671793465988,73.83855803454628,1008.3218752210821,0,normal
2026-08-02 07:37:00,26.882160614163613,72.62142014323122,1008.5230935773191,0,normal
2026-08-02 07:38:00,26.880968216504808,74.23298976002587,1008.6936560230149,0,normal
2026-08-02 07:39:00,26.558271440080095,72.62900684977691,1008.9543218229101,0,normal
2026-08-02 07:40:00,26.47989204674905,72.66126190038648,1008.7680936012877,0,normal
2026-08-02 07:41:00,26.49014891142586,73.18740042884498,1008.5142967198146,0,normal
2026-08-02 07:42:00,26.70771163266653,70.5211360636328,1008.9400461453847,0,normal
2026-08-02 07:43:00,27.069088019408447,72.80755967551904,1008.4190210122349,0,normal
2026-08-02 07:44:00,26.649842525330534,72.58870245243213,1008.7088837411092,0,normal
2026-08-02 07:45:00,26.275149683058142,73.80088780461591,1008.7471037604897,0,normal
2026-08-02 07:46:00,26.89053934941028,73.36784715646704,1008.4988802770463,0,normal
2026-08-02 07:47:00,26.932289936568953,71.67307943443649,1008.7812256330966,0,normal
2026-08-02 07:48:00,26.846977525171503,73.55755529813439,1008.5613356853506,0,normal
2026-08-02 07:49:00,26.88679288410627,72.33768717217556,1008.7771377724838,0,normal
2026-08-02 07:50:00,26.53912690299882,71.80755366269858,1008.319060355097,0,normal
2026-08-02 07:51:00,26.316950769121746,72.67225965205463,1008.7086578085882,0,normal
2026-08-02 07:52:00,26.346436094307617,72.33570602801356,1008.5723566192875,0,normal
2026-08-02 07:53:00,26.086159903670374,73.71192217774819,1008.8516553278583,0,normal
2026-08-02 07:54:00,26.749833567105167,72.73676021750808,1008.6349640397284,0,normal
2026-08-02 07:55:00,26.64608509567362,72.6117869574181,1008.865912888014,0,normal
2026-08-02 07:56:00,26.529748030555737,73.15065957656248,1008.7305919262838,0,normal
2026-08-02 07:57:00,25.657789471678406,73.28720646583467,1008.6144391974414,0,normal
2026-08-02 07:58:00,26.264267888534167,73.0224459894963,1008.7773393012344,0,normal
2026-08-02 07:59:00,27.101756616098925,73.51367122888317,1008.7766564475775,0,normal
2026-08-02 08:00:00,26.485536947337977,72.84747102582028,1008.7168357953403,0,normal
2026-08-02 08:01:00,26.85311689832178,72.47695733696983,1008.2174427688659,0,normal
2026-08-02 08:02:00,26.248983608262318,73.31637162809456,1008.4513600800144,0,normal
2026-08-02 08:03:00,27.248143887167227,72.2344019439592,1008.8755228821566,0,normal
2026-08-02 08:04:00,26.703120335881295,72.31568833402255,1008.3984753257168,0,normal
2026-08-02 08:05:00,26.864036619046995,73.64821263210462,1008.7815492041935,0,normal
2026-08-02 08:06:00,27.585597110334955,73.55023841754225,1008.7480271395707,0,normal
2026-08-02 08:07:00,27.31143898436434,72.22779485544237,1008.4883885262265,0,normal
2026-08-02 08:08:00,26.682556633196416,71.8530193252355,1008.2580393532996,0,normal
2026-08-02 08:09:00,26.591455894228037,73.36781350714222,1008.5129326574506,0,normal
2026-08-02 08:10:00,26.69442909014239,72.81891288259011,1008.9875342749962,0,normal
2026-08-02 08:11:00,26.996179462369746,72.41223639595995,1008.4562550389024,0,normal
2026-08-02 08:12:00,26.790290023538404,71.88335646760773,1008.4668307352716,0,normal
2026-08-02 08:13:00,26.698244395579568,72.3871855305255,1008.4283830298374,0,normal
2026-08-02 08:14:00,27.359612456234583,72.08532586396193,1008.824758555622,0,normal
2026-08-02 08:15:00,26.815702339427077,71.55197753100175,1008.5605206668282,0,normal
2026-08-02 08:16:00,27.670166191528764,72.1673288067851,1008.4897291568965,0,normal
2026-08-02 08:17:00,26.906761350388585,72.25697282619151,1008.85496300169,0,normal
2026-08-02 08:18:00,27.50961138309375,71.72474831049828,1008.7029906114145,0,normal
2026-08-02 08:19:00,27.01961709317137,72.72844817197922,1008.4313520047883,0,normal
2026-08-02 08:20:00,27.24145351307731,73.01666963083758,1008.37472027196,0,normal
2026-08-02 08:21:00,26.660721936685977,72.7416311648062,1008.8015756314692,0,normal
2026-08-02 08:22:00,26.625494851010266,71.72471715176711,1008.5942650825413,0,normal
2026-08-02 08:23:00,27.095238525068346,72.53026983268099,1008.3105483574742,0,normal
2026-08-02 08:24:00,27.290421829967865,71.96777280019604,1008.2665541973724,0,normal
2026-08-02 08:25:00,26.968660421110638,70.89649260193993,1008.3847616435218,0,normal
2026-08-02 08:26:00,26.514530926995654,72.40285360796791,1008.3606734082341,0,normal
2026-08-02 08:27:00,26.498931414972894,71.96105152624723,1008.2136172110827,0,normal
2026-08-02 08:28:00,26.48583245175275,73.89835648347679,1008.3821286292601,0,normal
2026-08-02 08:29:00,26.377025702125234,72.96860277486758,1008.4127325753932,0,normal
2026-08-02 08:30:00,27.044431264678334,72.35087072231151,1008.4930099822094,0,normal
2026-08-02 08:31:00,27.41034920400429,71.9603483983705,1008.8791402872639,0,normal
2026-08-02 08:32:00,27.022415040018696,71.87094846992228,1008.5245068619921,0,normal
2026-08-02 08:33:00,26.24654622104911,70.91587546130289,1008.5404956382442,0,normal
2026-08-02 08:34:00,26.981559926409375,70.30639155434567,1008.6604437982825,0,normal
2026-08-02 08:35:00,27.002034813904523,70.97818681998471,1008.5241775489318,0,normal
2026-08-02 08:36:00,27.803355866316004,71.61661207070453,1008.6370375288061,0,normal
2026-08-02 08:37:00,26.570553132028547,69.94880503701509,1008.6136340709127,0,normal
2026-08-02 08:38:00,26.954662385219592,71.17612938785828,1008.5833009163322,0,normal
2026-08-02 08:39:00,27.69934896460504,71.39174673831708,1009.0573086144491,0,normal
2026-08-02 08:40:00,27.270746549798773,71.39564664139094,1008.7214552587582,0,normal
2026-08-02 08:41:00,27.32141972050601,71.01666049826659,1008.360848659611,0,normal
2026-08-02 08:42:00,27.175422908612227,71.25078099014598,1008.6203027224799,0,normal
2026-08-02 08:43:00,27.261908786382694,72.8809613419624,1008.4092522976063,0,normal
2026-08-02 08:44:00,27.429753840855884,72.00931871808159,1008.6301903155837,0,normal
2026-08-02 08:45:00,26.88548379914694,71.00902046489111,1008.3004297393328,0,normal
2026-08-02 08:46:00,27.487389348867545,71.38014423565457,1008.3466594909562,0,normal
2026-08-02 08:47:00,26.71083373672307,71.38963637232055,1008.6060574706529,0,normal
2026-08-02 08:48:00,27.317680420318275,70.77529087288464,1008.7218268480216,0,normal
2026-08-02 08:49:00,27.276728473918617,70.75162324103961,1008.6308126487039,0,normal
2026-08-02 08:50:00,27.009934510547744,72.15252325677224,1008.6921659845214,0,normal
2026-08-02 08:51:00,27.22921542438813,70.98535800908579,1008.6037983231469,0,normal
2026-08-02 08:52:00,27.0308343973629,70.4224151345607,1008.5656442984418,0,normal
2026-08-02 08:53:00,26.885245942195834,71.24055238348298,1008.4420121090026,0,normal
2026-08-02 08:54:00,27.14824375268287,71.34627097800684,1008.6770969813516,0,normal
2026-08-02 08:55:00,26.897329718500895,69.65040483763815,1008.7133125147503,0,normal
2026-08-02 08:56:00,27.408470777112743,71.17258312122622,1008.5155488451218,0,normal
2026-08-02 08:57:00,26.904776531926824,71.87608352046679,1008.5039361984692,0,normal
2026-08-02 08:58:00,27.568361839819943,71.51911024970327,1008.8095069283154,0,normal
2026-08-02 08:59:00,26.917564040936963,72.91829823403252,1008.5174467179547,0,normal
2026-08-02 09:00:00,27.14483850166251,72.11159379184127,1008.532812591149,0,normal
2026-08-02 09:01:00,27.13643847859803,72.24600658638201,1008.6044140142643,0,normal
2026-08-02 09:02:00,27.830906684453975,73.30299080703911,1008.4977101416204,0,normal
2026-08-02 09:03:00,27.4948099423472,71.64541972695488,1008.3657136071068,0,normal
2026-08-02 09:04:00,27.317252001409244,71.14523394866958,1008.5794659272717,0,normal
2026-08-02 09:05:00,27.57810801029085,71.76956392716319,1008.5025111216373,0,normal
2026-08-02 09:06:00,26.678283023571872,70.51888774252737,1008.8391445010129,0,normal
2026-08-02 09:07:00,27.412994255590696,71.02804287148882,1008.64751040734,0,normal
2026-08-02 09:08:00,28.139557929735602,70.39924080265912,1008.3964505626307,0,normal
2026-08-02 09:09:00,27.499132249205218,71.21125228538861,1008.6329134824772,0,normal
2026-08-02 09:10:00,-17.06846061854685,-2.755060067276048,983.0987640395966,1,dropout
2026-08-02 09:11:00,27.669559096922487,70.29394494069179,1008.7334625258865,0,normal
2026-08-02 09:12:00,27.803695702822605,71.14944865509715,1008.4014018740348,0,normal
2026-08-02 09:13:00,26.803685309680233,70.68359757100085,1008.5278006650412,0,normal
2026-08-02 09:14:00,26.926594004817375,69.2267613955914,1008.4740348933403,0,normal
2026-08-02 09:15:00,27.60166443824334,69.57925968132939,1008.5004282847199,0,normal
2026-08-02 09:16:00,27.290554248365744,69.80073473084002,1008.3285938434386,0,normal
2026-08-02 09:17:00,28.012712544445655,69.9869293554897,1008.5896188282583,0,normal
2026-08-02 09:18:00,27.455979175191974,70.99952121197873,1008.5592107603758,0,normal
2026-08-02 09:19:00,26.902034566004325,70.81772646818014,1008.7133372742443,0,normal
2026-08-02 09:20:00,27.14818891801154,71.46930936814863,1008.4782095530186,0,normal
2026-08-02 09:21:00,26.642523750834105,71.19375591312553,1008.403897609731,0,normal
2026-08-02 09:22:00,27.5359258408592,71.42338397453543,1008.618113536751,0,normal
2026-08-02 09:23:00,27.5649373561569,71.02684475705811,1008.3310928812531,0,normal
2026-08-02 09:24:00,27.495354222013408,70.68205695512297,1008.6673532822846,0,normal
2026-08-02 09:25:00,28.03461029832135,71.36790058698382,1008.6649712774808,0,normal
2026-08-02 09:26:00,28.089612881877706,71.19797556638751,1008.6943708092621,0,normal
2026-08-02 09:27:00,27.623664880486903,70.7372686961074,1008.5338508517793,0,normal
2026-08-02 09:28:00,26.949369263850492,71.42711837322497,1008.3764846727966,0,normal
2026-08-02 09:29:00,27.92581289199975,68.50742064006577,1008.4817003005026,0,normal
2026-08-02 09:30:00,27.917433525238312,70.12539341447146,1008.5284485613379,0,normal
2026-08-02 09:31:00,27.84467815804985,70.08676714374636,1008.357197458324,0,normal
2026-08-02 09:32:00,28.093282981733456,71.2271047055418,1008.6959678059508,0,normal
2026-08-02 09:33:00,27.35548923460566,71.53555709668926,1008.5584030503701,0,normal
2026-08-02 09:34:00,28.479697229723815,69.0917045917272,1008.2913658828649,0,normal
2026-08-02 09:35:00,27.45432642307204,71.3541135955115,1008.7888584611785,0,normal
2026-08-02 09:36:00,28.06588670708066,69.26128074294758,1008.4654435051907,0,normal
2026-08-02 09:37:00,27.22665852627584,69.25864748733154,1008.2489441575746,0,normal
2026-08-02 09:38:00,27.50524784274837,69.9573001609165,1008.2944032479829,0,normal
2026-08-02 09:39:00,28.375218236422338,69.86319932299543,1008.7096133193529,0,normal
2026-08-02 09:40:00,27.766861196443244,68.84399368709194,1008.7682698174503,0,normal
2026-08-02 09:41:00,28.165873902471205,70.58352062674844,1008.6194370636483,0,normal
2026-08-02 09:42:00,27.96859789803582,70.57995914779269,1008.6731594750748,0,normal
2026-08-02 09:43:00,27.862728076464126,70.85241816535999,1008.6526257900862,0,normal
2026-08-02 09:44:00,28.390648093559665,69.63509752411774,1008.5318279111431,0,normal
2026-08-02 09:45:00,27.844343800861928,69.92280223462969,1008.4887554107241,0,normal
2026-08-02 09:46:00,27.317826552872347,69.90266351389432,1008.5246450205419,0,normal
2026-08-02 09:47:00,27.673897680514287,71.24986916143745,1008.5578910355375,0,normal
2026-08-02 09:48:00,28.161931690141056,67.60447577183827,1008.2898560607795,0,normal
2026-08-02 09:49:00,28.12146142331391,69.07864664096282,1008.5530285377466,0,normal
2026-08-02 09:50:00,27.448617005769403,69.82089755569812,1008.6817560642788,0,normal
2026-08-02 09:51:00,27.757656902088325,68.92020420179203,1008.3799838432429,0,normal
2026-08-02 09:52:00,27.82169866176274,69.55413286822824,1008.3586688934049,0,normal
2026-08-02 09:53:00,27.911545811349246,69.63199125569685,1008.498751193312,0,normal
2026-08-02 09:54:00,27.572083858745554,69.17869960654409,1008.2939505926089,0,normal
2026-08-02 09:55:00,27.847951306832723,69.72835523412877,1008.1717744086114,0,normal
2026-08-02 09:56:00,27.827128962831974,70.15116642007567,1008.6133006914366,0,normal
2026-08-02 09:57:00,28.366474292638966,69.43143656670811,1008.3234462215819,0,normal
2026-08-02 09:58:00,28.393958432989397,69.22963299715434,1008.4058410392047,0,normal
2026-08-02 09:59:00,28.074093661276798,69.4312527670238,1008.290597279771,0,normal
2026-08-02 10:00:00,28.002307486595306,69.52952891234371,1008.6281317744726,0,normal
2026-08-02 10:01:00,28.20292148437994,68.11477352005251,1008.5497803485474,0,normal
2026-08-02 10:02:00,27.88260543381356,69.847761903913,1008.350764849726,0,normal
2026-08-02 10:03:00,27.781506144303346,69.08914632014869,1008.1796023466037,0,normal
2026-08-02 10:04:00,27.868342225481054,70.43054335817635,1008.3274189738697,0,normal
2026-08-02 10:05:00,27.989788658570053,69.86546605858005,1008.4903728359446,0,normal
2026-08-02 10:06:00,27.819342112498532,70.29992489208244,1008.4195753160594,0,normal
2026-08-02 10:07:00,28.297894240369764,68.52625826217947,1008.4031305883618,0,normal
2026-08-02 10:08:00,28.511219824697463,69.00908307845924,1008.4194672633324,0,normal
2026-08-02 10:09:00,27.715011085177345,68.28329879062028,1008.5158098334316,0,normal
2026-08-02 10:10:00,28.2939966132915,68.68412842773216,1008.3695533427327,0,normal
2026-08-02 10:11:00,28.222959746593066,70.22092470515462,1008.4559483545881,0,normal
2026-08-02 10:12:00,28.434230375865113,70.38013548727778,1008.1951548403284,0,normal
2026-08-02 10:13:00,28.324967891690914,68.24248327060236,1008.8303442158774,0,normal
2026-08-02 10:14:00,27.835559613383047,68.76515940985333,1008.317403574902,0,normal
2026-08-02 10:15:00,27.917334495886156,69.04156193698202,1008.4029885522573,0,normal
2026-08-02 10:16:00,28.384348590871713,69.5416857466801,1008.4661455299761,0,normal
2026-08-02 10:17:00,28.74903116102219,67.635982147092,1008.2880757183603,0,normal
2026-08-02 10:18:00,27.628927380120306,67.73200632197216,1008.3612590832929,0,normal
2026-08-02 10:19:00,28.53985971484822,69.37663077567441,1008.3569010984861,0,normal
2026-08-02 10:20:00,28.850212606104915,67.3961704634405,1008.1909779244874,0,normal
2026-08-02 10:21:00,28.395302089142156,68.56838337776344,1008.4322723977037,0,normal
2026-08-02 10:22:00,28.65647471850517,69.0258638021726,1008.0542841625723,0,normal
2026-08-02 10:23:00,28.232898530967038,69.19904179587934,1008.6644456624587,0,normal
2026-08-02 10:24:00,28.452289276495655,68.72340336441138,1008.4895031931861,0,normal
2026-08-02 10:25:00,27.941868031139553,68.51439198811278,1008.459616975799,0,normal
2026-08-02 10:26:00,27.703813206517886,69.45282482142771,1008.0297821000169,0,normal
2026-08-02 10:27:00,28.869471988198,68.97545543997288,1008.1975214441096,0,normal
2026-08-02 10:28:00,28.20995102304544,68.1997523094929,1008.588053833296,0,normal
2026-08-02 10:29:00,28.410484193458316,68.717571724441,1009.0829864355309,0,normal
2026-08-02 10:30:00,28.099907947835177,68.96390986693072,1008.5485950516891,0,normal
2026-08-02 10:31:00,28.10694094733851,70.00189967602125,1008.5179837823559,0,normal
2026-08-02 10:32:00,28.55487826838377,69.22625859542796,1008.4236090120121,0,normal
2026-08-02 10:33:00,28.375683781462794,69.5386900197605,1008.174339945442,0,normal
2026-08-02 10:34:00,28.778662903175775,68.04835914165729,1008.5037926580881,0,normal
2026-08-02 10:35:00,28.82012137549325,68.08725546094925,1008.1242119631247,0,normal
2026-08-02 10:36:00,28.789412502131093,68.28801127739534,1008.1022879786183,0,normal
2026-08-02 10:37:00,28.77602962305595,68.33112795415316,1008.0887181038386,0,normal
2026-08-02 10:38:00,29.26016416223811,67.6091947756532,1008.4913395681554,0,normal
2026-08-02 10:39:00,28.349734839890225,69.39794874146354,1008.3031270923997,0,normal
2026-08-02 10:40:00,28.71963394856785,69.06142923469342,1008.3293642178256,0,normal
2026-08-02 10:41:00,29.15079190520457,68.07971126448156,1008.3061811817857,0,normal
2026-08-02 10:42:00,29.21244924022952,68.8070878061176,1008.1040650227889,0,normal
2026-08-02 10:43:00,28.28777308993499,68.44146501536623,1008.183698512172,0,normal
2026-08-02 10:44:00,28.69161594243083,68.80839569349908,1008.190485384726,0,normal
2026-08-02 10:45:00,29.291852327792657,67.1264370212448,1008.0469412058204,0,normal
2026-08-02 10:46:00,29.00992654318978,68.05466562283988,1008.2068561379185,0,normal
2026-08-02 10:47:00,28.91604884152016,68.09403833363149,1008.1006985924474,0,normal
2026-08-02 10:48:00,28.78714377065857,68.60862098732721,1008.3970310646714,0,normal
2026-08-02 10:49:00,28.744648127305112,67.57615942007754,1008.4097358238753,0,normal
2026-08-02 10:50:00,28.995518262405458,66.04813172209819,1008.0556134419251,0,normal
2026-08-02 10:51:00,28.82199158231813,67.15184850042712,1008.2327780756551,0,normal
2026-08-02 10:52:00,28.911118436442305,67.93746759864597,1008.6179617255694,0,normal
2026-08-02 10:53:00,28.96924611564336,68.00647738689348,1008.1050286105542,0,normal
2026-08-02 10:54:00,51.79995946398392,-6.206961968929651,982.4302253345384,1,dropout
2026-08-02 10:55:00,29.15946341768908,68.35959638942006,1008.2959372935575,0,normal
2026-08-02 10:56:00,30.00896910562482,67.92758980891303,1008.4713455083704,0,normal
2026-08-02 10:57:00,28.38281946015916,67.80538749436549,1008.3254879622677,0,normal
2026-08-02 10:58:00,29.133966129336496,68.6835513036578,1008.1923446954336,0,normal
2026-08-02 10:59:00,28.770307526501156,67.2969900410111,1008.2796651292507,0,normal
2026-08-02 11:00:00,29.2542923136927,67.62569547142255,1008.2799596261171,0,normal
2026-08-02 11:01:00,29.084338616060784,66.83533097037812,1008.2464690828022,0,normal
2026-08-02 11:02:00,29.35054918704221,68.8106487087899,1008.023191051432,0,normal
2026-08-02 11:03:00,29.511197952351132,67.95828143425821,1008.4820396667758,0,normal
2026-08-02 11:04:00,29.183002486489897,67.04699464768358,1008.4478900614426,0,normal
2026-08-02 11:05:00,29.52777134242963,67.49015343510662,1008.0656219712605,0,normal
2026-08-02 11:06:00,28.326959917382798,67.95811594638307,1008.1970850331652,0,normal
2026-08-02 11:07:00,29.72004650644635,67.31847240670507,1008.2083355359578,0,normal
2026-08-02 11:08:00,29.310596551023167,67.06009812468902,1008.038308528778,0,normal
2026-08-02 11:09:00,29.57251883199957,66.93285821852909,1007.9080851764534,0,normal
2026-08-02 11:10:00,28.784277960344603,67.6960252684737,1008.1210240429496,0,normal
2026-08-02 11:11:00,28.936437469690784,67.10696752085367,1008.1751961271478,0,normal
2026-08-02 11:12:00,29.294269121587497,66.99893714223475,1007.9775399776319,0,normal
2026-08-02 11:13:00,29.253222270203924,66.26160408023178,1008.2664269943427,0,normal
2026-08-02 11:14:00,29.374265061620868,67.36105444627655,1008.4414897293743,0,normal
2026-08-02 11:15:00,29.670787286842106,67.12243065988771,1008.381356666824,0,normal
2026-08-02 11:16:00,28.68940588384819,66.97853766189202,1008.2045680655108,0,normal
2026-08-02 11:17:00,29.664105460412063,67.36329989600833,1007.8936886462533,0,normal
2026-08-02 11:18:00,29.342212710555806,67.77109284042275,1008.3513759767259,0,normal
2026-08-02 11:19:00,29.284044801131056,67.70233232704287,1008.2464824741952,0,normal
2026-08-02 11:20:00,28.856541372494934,67.55163349288752,1008.2940929257942,0,normal
2026-08-02 11:21:00,29.563570519694064,66.8852676160734,1008.5637815761104,0,normal
2026-08-02 11:22:00,28.558645735864275,66.59254130222087,1008.064385817841,0,normal
2026-08-02 11:23:00,29.646609289687344,66.17932715643916,1007.6929493652009,0,normal
2026-08-02 11:24:00,28.913529836606028,66.50823831033733,1008.0183542038918,0,normal
2026-08-02 11:25:00,29.470579919962255,66.96677216916248,1008.2930193975678,0,normal
2026-08-02 11:26:00,29.426270294130546,66.29029708493896,1008.2079286576401,0,normal
2026-08-02 11:27:00,29.893434127245946,66.96443147762166,1007.9818136448208,0,normal
2026-08-02 11:28:00,29.437689193470682,66.08346668567893,1007.9426206049883,1,drift
2026-08-02 11:29:00,29.5934599386928,65.49527183909963,1008.1318771202224,1,drift
2026-08-02 11:30:00,29.99529313518929,67.44781121314824,1007.9689421253058,1,drift
2026-08-02 11:31:00,30.95431408895431,66.38096383363258,1008.2844810081971,1,drift
2026-08-02 11:32:00,31.032715183734425,66.05906659181001,1008.1142333748022,1,drift
2026-08-02 11:33:00,31.04625164512535,65.82180320069044,1008.0729276029406,1,drift
2026-08-02 11:34:00,31.434681241199137,67.00348707179977,1008.0468330532851,1,drift
2026-08-02 11:35:00,31.305144997189508,67.73315240267785,1008.2281942475165,1,drift
2026-08-02 11:36:00,32.325846266778136,66.27892623381064,1008.1860065261635,1,drift
2026-08-02 11:37:00,31.91017162886491,66.39708544420346,1008.2121892329556,1,drift
2026-08-02 11:38:00,33.12546591770809,67.3949847540982,1008.2057556233033,1,drift
2026-08-02 11:39:00,33.24358762363871,65.05745875875537,1008.1578278577199,1,drift
2026-08-02 11:40:00,34.37023867661106,68.0474397634207,1007.9823456034336,1,drift
2026-08-02 11:41:00,33.485995837681074,68.39734868969994,1008.0343220545624,1,drift
2026-08-02 11:42:00,34.171351223860384,64.24511668016055,1008.0922256697485,1,drift
2026-08-02 11:43:00,35.17292495004,66.30029761883252,1008.5324742689246,1,drift
2026-08-02 11:44:00,35.29675323775827,65.77125190253453,1007.9154158517018,1,drift
2026-08-02 11:45:00,34.97233624964842,66.10269785061915,1008.0802531639204,1,drift
2026-08-02 11:46:00,35.630643351911765,65.94790994972418,1008.1708148243337,1,drift
2026-08-02 11:47:00,35.88919917634542,66.9001256065963,1008.0959799429037,1,drift
2026-08-02 11:48:00,36.323428655233485,66.12876089455398,1008.3413426991433,1,drift
2026-08-02 11:49:00,36.316450384597516,65.45818829662714,1008.089942147933,1,drift
2026-08-02 11:50:00,36.865970252363944,66.01726252799132,1008.1006931603017,1,drift
2026-08-02 11:51:00,36.67415702371881,66.5349345624613,1008.2869778168547,1,drift
2026-08-02 11:52:00,37.617010315690635,65.14422713900146,1008.4637020841622,1,drift
2026-08-02 11:53:00,38.0634645715076,64.74231537643459,1008.3885482135124,1,drift
2026-08-02 11:54:00,38.1625989305652,67.62159637833705,1008.1080205422177,1,drift
2026-08-02 11:55:00,38.01316414850349,65.48156287316762,1008.1211206251568,1,drift
2026-08-02 11:56:00,39.26065187862045,65.85372676136609,1008.1358527890676,1,drift
2026-08-02 11:57:00,39.37848047272667,65.61348120034191,1008.1513085532711,1,drift
2026-08-02 11:58:00,29.731183890264266,66.33830008785985,1007.9697265201938,0,normal
2026-08-02 11:59:00,29.903242308773095,67.28617887342259,1008.2882317652767,0,normal
2026-08-02 12:00:00,29.492377737156346,66.30001621462944,1008.1542253983545,0,normal
2026-08-02 12:01:00,29.674874004028442,64.58950501052058,1008.1063476820393,0,normal
2026-08-02 12:02:00,29.861684741270125,64.66503274021416,1007.8829968293998,0,normal
2026-08-02 12:03:00,30.496012489199984,65.42130096561193,1008.1203908701758,0,normal
2026-08-02 12:04:00,29.858380524777367,65.49403506576543,1007.7657726417764,0,normal
2026-08-02 12:05:00,30.322417699019354,64.29921756927,1007.999220620417,0,normal
2026-08-02 12:06:00,29.92606283969046,66.30041698492695,1007.9999216975865,0,normal
2026-08-02 12:07:00,30.2173798210866,64.74406275492186,1008.1502953325963,0,normal
2026-08-02 12:08:00,30.09722817078271,66.77594527593699,1008.4343612404593,0,normal
2026-08-02 12:09:00,30.468398272055822,67.00600538539454,1008.1962787374312,0,normal
2026-08-02 12:10:00,29.991749489094612,65.31910280290995,1008.3513900384239,0,normal
2026-08-02 12:11:00,29.644646381707215,65.83710168611833,1008.204153237034,0,normal
2026-08-02 12:12:00,29.727439422714873,64.46859594742835,1008.287857158135,0,normal
2026-08-02 12:13:00,30.04104696463332,65.92133772705651,1008.4169580361392,0,normal
2026-08-02 12:14:00,29.8061074776622,64.99209904003972,1007.9482671589386,0,normal
2026-08-02 12:15:00,30.40291861571073,64.48913498897613,1007.9338367554116,0,normal
2026-08-02 12:16:00,30.11238274530512,65.09574005978591,1008.195014364347,0,normal
2026-08-02 12:17:00,31.12256202543448,64.92290956633973,1008.071274208495,0,normal
2026-08-02 12:18:00,29.699288379024217,65.00369607342851,1008.1089030228233,0,normal
2026-08-02 12:19:00,30.39478916625272,65.9918994221956,1008.0217773653359,0,normal
2026-08-02 12:20:00,29.944753061526253,64.57225819222312,1007.9565039758444,0,normal
2026-08-02 12:21:00,30.182854904196706,66.55688887542516,1008.3528563860812,0,normal
2026-08-02 12:22:00,30.421040318153093,64.07720700177333,1007.8604270037212,0,normal
2026-08-02 12:23:00,29.573650714246156,66.39800176207547,1008.1792309231214,0,normal
2026-08-02 12:24:00,30.48639578154804,64.26087106413506,1008.147314770021,0,normal
2026-08-02 12:25:00,31.085488638580543,65.04171075557342,1007.7659996932944,0,normal
2026-08-02 12:26:00,30.27672013821026,64.61882657137996,1007.8979450782282,0,normal
2026-08-02 12:27:00,30.542296627183763,64.70448356451837,1007.925459726408,0,normal
2026-08-02 12:28:00,30.826014312653182,65.58905682745052,1008.1436226931038,0,normal
2026-08-02 12:29:00,30.425823035416585,66.11635908738675,1007.9731797912495,0,normal
2026-08-02 12:30:00,30.295772622163714,65.83746667658855,1008.0210835318414,0,normal
2026-08-02 12:31:00,29.7184894519147,64.52973433827863,1007.7713517855275,0,normal
2026-08-02 12:32:00,30.75521871764905,64.96961987838839,1008.4496260546355,0,normal
2026-08-02 12:33:00,30.507123753158215,64.16517407844474,1008.0410058130946,0,normal
2026-08-02 12:34:00,30.208139728079065,63.96624176018379,1008.1152344368611,0,normal
2026-08-02 12:35:00,30.622719643965688,63.81111244934053,1007.9253203759575,0,normal
2026-08-02 12:36:00,30.38993942086355,64.34679179720631,1007.9023737460128,0,normal
2026-08-02 12:37:00,30.425079872852454,64.86525889553772,1008.3613386138204,0,normal
2026-08-02 12:38:00,30.838016810824904,63.10487346327672,1007.669249205509,0,normal
2026-08-02 12:39:00,30.17315105622753,64.56602165461912,1008.061614291582,0,normal
2026-08-02 12:40:00,31.02389904328629,65.78473213948108,1007.7905808469832,0,normal
2026-08-02 12:41:00,30.183885820707903,65.43827728756257,1007.9329400694198,0,normal
2026-08-02 12:42:00,30.45685095419088,64.04146710404302,1007.8881670027724,0,normal
2026-08-02 12:43:00,31.377530962348988,63.361012081925914,1007.8227267519138,0,normal
2026-08-02 12:44:00,31.11475987993892,64.81530137978734,1008.003755970921,0,normal
2026-08-02 12:45:00,30.770015295258688,62.56245251034792,1007.5322999329248,0,normal
2026-08-02 12:46:00,30.42231846684622,65.27350819861297,1007.9349209664513,0,normal
2026-08-02 12:47:00,30.58189053379378,64.18353712273615,1007.9726154040674,0,normal
2026-08-02 12:48:00,30.808395349546227,65.78850248401046,1007.7413515192915,0,normal
2026-08-02 12:49:00,30.811476313797538,62.91097849995756,1008.2555493561209,0,normal
2026-08-02 12:50:00,30.782113290532273,64.99619061817094,1007.8733111571509,0,normal
2026-08-02 12:51:00,30.818682105786618,64.15042397255264,1007.9347051683202,0,normal
2026-08-02 12:52:00,30.769977699895193,63.93518324027208,1007.8679865381769,0,normal
2026-08-02 12:53:00,30.35583176289231,63.07337730053009,1007.9570327295812,0,normal
2026-08-02 12:54:00,30.69524041929396,64.61511515279547,1008.2043041991358,0,normal
2026-08-02 12:55:00,31.211611680730027,64.64872840042557,1008.4110997252533,0,normal
2026-08-02 12:56:00,30.428029262452892,65.50525987207465,1008.0972855424975,0,normal
2026-08-02 12:57:00,30.856033462562504,64.85297501295854,1008.1560179561768,0,normal
2026-08-02 12:58:00,30.65087396044578,63.54083430676581,1008.2662396041673,0,normal
2026-08-02 12:59:00,30.992148447695364,63.18231542547174,1007.9991780179894,0,normal
2026-08-02 13:00:00,30.83251986337497,62.860106982491416,1008.2341199357023,0,normal
2026-08-02 13:01:00,31.500972356173683,65.10301451584562,1008.0911955246131,0,normal
2026-08-02 13:02:00,31.176508891735107,63.2714713528197,1007.9715645763978,0,normal
2026-08-02 13:03:00,30.55537071246983,65.04781180423102,1008.0057867581477,0,normal
2026-08-02 13:04:00,31.264705176834305,64.25334461468843,1007.6119438288474,0,normal
2026-08-02 13:05:00,52.81084136318661,1.6446723158787027,978.207904730721,1,dropout
2026-08-02 13:06:00,30.858302112864614,63.52723853113145,1007.6560563232205,0,normal
2026-08-02 13:07:00,31.185288822225917,64.27105974622111,1007.6384409161421,0,normal
2026-08-02 13:08:00,30.918517219274438,63.699977201108474,1007.9627610084534,0,normal
2026-08-02 13:09:00,31.4182800349437,63.38686028679222,1007.7245571741505,0,normal
2026-08-02 13:10:00,30.849828396685474,64.20895712216294,1007.9208543202853,0,normal
2026-08-02 13:11:00,30.919376484072334,63.5069437930241,1007.9440914822476,0,normal
2026-08-02 13:12:00,30.921352969103854,62.95346820916222,1007.9491556709232,0,normal
2026-08-02 13:13:00,30.968158074695044,64.04205891709978,1007.7504933661626,0,normal
2026-08-02 13:14:00,31.565871092034904,63.48111789736579,1008.0720215295695,0,normal
2026-08-02 13:15:00,31.416228423817536,63.89359136379856,1007.891214846207,0,normal
2026-08-02 13:16:00,31.80959874769173,63.109580953528706,1007.9836843082425,0,normal
2026-08-02 13:17:00,32.01973515444938,62.475626380565444,1007.6859400636927,0,normal
2026-08-02 13:18:00,30.880222425570192,64.80128682074277,1007.8662037562004,0,normal
2026-08-02 13:19:00,31.28050587765486,64.6208711911829,1008.0928142620618,0,normal
2026-08-02 13:20:00,30.859046670129594,64.06101517098007,1008.0669267865976,0,normal
2026-08-02 13:21:00,31.013383814993976,63.01419506179698,1007.7457707097353,0,normal
2026-08-02 13:22:00,31.079817340652625,63.054697448611755,1007.7880665231015,0,normal
2026-08-02 13:23:00,30.94511327405191,64.37137434902215,1007.7052820187737,0,normal
2026-08-02 13:24:00,30.96169883744657,62.95306181373821,1007.7620649689209,0,normal
2026-08-02 13:25:00,31.29407210717194,62.7007478897175,1007.6253558354715,0,normal
2026-08-02 13:26:00,30.933402515728687,64.6753012939974,1007.8492800723723,0,normal
2026-08-02 13:27:00,31.66865049883374,63.11014673772376,1007.985075419271,0,normal
2026-08-02 13:28:00,31.067313917683396,64.53385950429043,1007.7267548155821,0,normal
2026-08-02 13:29:00,32.38646759341136,61.971291633384006,1007.8487040727434,0,normal
2026-08-02 13:30:00,31.25969361395084,63.47549508260666,1007.822267415827,0,normal
2026-08-02 13:31:00,31.4574126991234,64.68881189510604,1008.0488174835438,0,normal
2026-08-02 13:32:00,30.99333381283491,63.026802205568245,1007.7457436251414,0,normal
2026-08-02 13:33:00,32.05830011209107,62.76291149364406,1007.7492203658529,0,normal
2026-08-02 13:34:00,31.86742578749827,62.01108524215933,1007.6973996415758,0,normal
2026-08-02 13:35:00,31.593921156891728,63.782391646272444,1007.6418509850098,0,normal
2026-08-02 13:36:00,31.032986981356846,62.27170442622801,1007.9387703302218,0,normal
2026-08-02 13:37:00,31.592435488855056,62.7833095218688,1007.8161065055281,0,normal
2026-08-02 13:38:00,31.14050207986068,61.84296433316469,1007.8471967296192,0,normal
2026-08-02 13:39:00,32.059094528383945,64.04755245727654,1008.0636659628577,0,normal
2026-08-02 13:40:00,31.84472167882815,63.6974769994052,1008.0708997843619,0,normal
2026-08-02 13:41:00,31.60910634003073,62.71989479818134,1007.5316928815728,0,normal
2026-08-02 13:42:00,30.73713588737402,61.7934996874062,1007.9415102111612,0,normal
2026-08-02 13:43:00,31.259801731348105,63.91726362249687,1007.8623964449051,0,normal
2026-08-02 13:44:00,31.858808658724055,62.367575173702704,1007.7355687675976,0,normal
2026-08-02 13:45:00,32.056661201626504,61.748003194833515,1007.8745084869325,0,normal
2026-08-02 13:46:00,32.034385422798245,61.19438362324649,1007.501641849295,0,normal
2026-08-02 13:47:00,31.102959674624575,62.05928185948867,1008.072527000253,0,normal
2026-08-02 13:48:00,31.77965965246738,61.38438487601556,1007.8987970076265,0,normal
2026-08-02 13:49:00,32.04346239990492,62.02194610108074,1007.6472223186187,0,normal
2026-08-02 13:50:00,31.12149369163641,63.08790364945019,1007.6944300726058,0,normal
2026-08-02 13:51:00,31.712986688775956,62.16429742688156,1007.4900787105865,0,normal
2026-08-02 13:52:00,31.825403030647763,62.721480668865965,1007.7369691052932,0,normal
2026-08-02 13:53:00,31.63805803024732,61.83063465508692,1007.7034211656079,0,normal
2026-08-02 13:54:00,31.108798680685958,62.43388257335174,1007.5486197471097,0,normal
2026-08-02 13:55:00,31.656752668629686,63.89098193576728,1007.9237679051603,0,normal
2026-08-02 13:56:00,31.66984349682398,62.04805589477159,1008.0106020816671,0,normal
2026-08-02 13:57:00,31.746189891209834,62.60704180728218,1007.7726659891039,0,normal
2026-08-02 13:58:00,31.614376247098427,61.01980049441249,1007.7193819409031,0,normal
2026-08-02 13:59:00,31.670073916772434,63.46110220969501,1007.8494983308927,0,normal
2026-08-02 14:00:00,31.824728541351128,61.83611855576713,1007.7644640397415,0,normal
2026-08-02 14:01:00,32.00694280191538,63.03124933204927,1007.5699999800589,0,normal
2026-08-02 14:02:00,31.75895238904444,62.06528922763888,1007.6440986307362,0,normal
2026-08-02 14:03:00,31.735502549225973,62.62618099880663,1007.7050058677647,0,normal
2026-08-02 14:04:00,31.924541095029134,62.64688497163649,1007.7998168760463,0,normal
2026-08-02 14:05:00,31.23319344232975,61.72135425058184,1007.7535981059318,0,normal
2026-08-02 14:06:00,32.085732211601176,62.93013761967735,1007.7865534687297,0,normal
2026-08-02 14:07:00,31.931787539112047,61.42280547118849,1007.4709827113569,0,normal
2026-08-02 14:08:00,31.959050609005434,62.625797056620655,1007.8619510032729,0,normal
2026-08-02 14:09:00,32.294546420487535,61.66481767340736,1007.7395820311204,0,normal
2026-08-02 14:10:00,31.28789354375686,62.230236887295646,1008.1952054748983,0,normal
2026-08-02 14:11:00,31.293584462137666,61.55468161779074,1007.6626896511051,0,normal
2026-08-02 14:12:00,32.09326251399061,61.93801964102284,1007.787427687939,0,normal
2026-08-02 14:13:00,32.00790237875012,61.01212456897938,1008.2352012667819,0,normal
2026-08-02 14:14:00,32.08287432141759,62.0438440903626,1007.7576103166501,0,normal
2026-08-02 14:15:00,31.874443777351583,61.85514652028331,1007.707227688444,0,normal
2026-08-02 14:16:00,32.281544397696806,61.36175040890999,1007.5384779726037,0,normal
2026-08-02 14:17:00,32.388232807902476,61.72400760027146,1007.9879299635443,0,normal
2026-08-02 14:18:00,32.243947608199974,61.849470466595605,1007.5009172211604,0,normal
2026-08-02 14:19:00,31.99596417771099,61.22349881456152,1007.7831461562841,0,normal
2026-08-02 14:20:00,31.362218675587034,61.587976293975416,1007.6177287233861,0,normal
2026-08-02 14:21:00,32.38175369815645,60.86102189019723,1007.6655878594779,0,normal
2026-08-02 14:22:00,32.55269211517432,63.51661221694769,1007.4400557097426,0,normal
2026-08-02 14:23:00,32.36320332783009,62.46196557330533,1007.9348169855873,0,normal
2026-08-02 14:24:00,31.842208333949745,61.80787376591105,1007.6397365849476,0,normal
2026-08-02 14:25:00,32.39834077358974,62.501900095396095,1007.4677054331491,0,normal
2026-08-02 14:26:00,32.47608169324721,59.95570293706645,1007.9085828191182,0,normal
2026-08-02 14:27:00,32.73281930508104,59.46794064178722,1007.5890263042562,0,normal
2026-08-02 14:28:00,31.89288598772871,61.16971589898596,1007.736668152124,0,normal
2026-08-02 14:29:00,32.132509477048416,60.361447004961754,1007.8245571985922,0,normal
2026-08-02 14:30:00,32.485510956030204,61.250249177682846,1007.7550873519417,0,normal
2026-08-02 14:31:00,50.15667293691216,61.57938034224061,1007.2710212197832,1,spike
2026-08-02 14:32:00,31.857153536958798,62.126594663631884,1007.7882298067781,0,normal
2026-08-02 14:33:00,32.405388721912445,60.45514696130519,1007.6416006519564,0,normal
2026-08-02 14:34:00,32.47481149737623,61.66104527423524,1007.597127051082,0,normal
2026-08-02 14:35:00,32.31502568451668,61.32852299180777,1007.633355383449,0,normal
2026-08-02 14:36:00,32.37300374631471,61.57077757351751,1007.3598152115724,0,normal
2026-08-02 14:37:00,32.217463677735275,60.85280026878858,1007.6808397138891,0,normal
2026-08-02 14:38:00,32.83722122857108,62.351062898177524,1007.3972819435132,0,normal
2026-08-02 14:39:00,32.01634509735852,61.13777451336028,1007.5880403036861,0,normal
2026-08-02 14:40:00,32.13773952566735,62.61604397978207,1007.6642337412544,0,normal
2026-08-02 14:41:00,32.35881159221282,60.54059460239281,1007.8260431557037,0,normal
2026-08-02 14:42:00,32.67421565029642,61.74346570785152,1007.4817921041874,0,normal
2026-08-02 14:43:00,31.854066187822475,61.07785877715108,1007.8872098626089,0,normal
2026-08-02 14:44:00,31.931057741619625,60.83988119637984,1007.7929550665712,0,normal
2026-08-02 14:45:00,31.68792095518407,61.584501238094184,1007.5418207681483,0,normal
2026-08-02 14:46:00,32.42398288595209,60.81597671000663,1007.4161284034667,0,normal
2026-08-02 14:47:00,32.032495214835656,58.902502864878315,1007.3524008302913,0,normal
2026-08-02 14:48:00,32.30062125073341,58.55863381112518,1007.6577836434992,0,normal
2026-08-02 14:49:00,32.67795631480123,62.003813165196206,1007.4727327594176,0,normal
2026-08-02 14:50:00,32.23314255293267,61.94712369946477,1007.8178998500217,0,normal
2026-08-02 14:51:00,32.549787945826814,62.44992597009605,1007.4762688308235,0,normal
2026-08-02 14:52:00,32.37517565760868,60.90326209118343,1007.4330256291705,0,normal
2026-08-02 14:53:00,32.72623635784112,59.86050393295677,1007.6337582384546,0,normal
2026-08-02 14:54:00,32.66829110911716,60.536367802631936,1007.464771968972,0,normal
2026-08-02 14:55:00,32.270766727587606,60.85869401629047,1007.5863501427106,0,normal
2026-08-02 14:56:00,32.46480972393533,60.021540182640216,1007.758835810923,0,normal
2026-08-02 14:57:00,32.8999892078351,62.12374413325985,1007.5990014602553,0,normal
2026-08-02 14:58:00,32.68314875382063,62.57429788823373,1007.5962121085447,0,normal
2026-08-02 14:59:00,32.067264395177055,61.143229411791374,1007.6078991290098,0,normal
2026-08-02 15:00:00,32.7963479254974,60.72992155595012,1007.2627450244889,0,normal
2026-08-02 15:01:00,32.19789438546676,59.68074550453587,1007.6345596795455,0,normal
2026-08-02 15:02:00,33.08245997658749,61.93207196476713,1007.5893385457252,0,normal
2026-08-02 15:03:00,32.95703288441563,60.73427567629836,1007.7177903088386,0,normal
2026-08-02 15:04:00,32.710521476067875,60.42030409875488,1007.6626286282516,0,normal
2026-08-02 15:05:00,32.67450149647757,61.01508067731231,1007.5137418058258,0,normal
2026-08-02 15:06:00,32.55666211933111,60.140178758126275,1007.7324291523779,0,normal
2026-08-02 15:07:00,32.877604959657525,60.70495586593179,1007.4904267912866,0,normal
2026-08-02 15:08:00,32.52059194036092,59.41229154724076,1007.5840865088536,0,normal
2026-08-02 15:09:00,32.74300082894486,61.414846015434016,1007.4800852900759,0,normal
2026-08-02 15:10:00,32.9758596259103,60.44066098219961,1007.6156986100542,0,normal
2026-08-02 15:11:00,32.484125478033015,61.430346747038975,1007.461300138161,0,normal
2026-08-02 15:12:00,32.47510922657025,60.32161642746548,1007.8221097749887,0,normal
2026-08-02 15:13:00,32.28271123176864,60.35288835518043,1007.8851540732273,0,normal
2026-08-02 15:14:00,32.33807950204887,59.47142074481863,1007.6758120866756,0,normal
2026-08-02 15:15:00,32.08055556870601,61.0286110134295,1007.7924071600172,0,normal
2026-08-02 15:16:00,32.98572592343554,59.699768769241466,1007.2343818772463,0,normal
2026-08-02 15:17:00,33.37314061641421,59.99104304680628,1007.2520553859537,0,normal
2026-08-02 15:18:00,33.24856290200593,60.360864186184486,1007.4464815658561,0,normal
2026-08-02 15:19:00,32.19018781852999,60.43695691685696,1007.508239338881,0,normal
2026-08-02 15:20:00,33.022578323043945,58.95515715053371,1007.4615919534671,0,normal
2026-08-02 15:21:00,33.27612019874767,60.11555350090385,1007.1981327109285,0,normal
2026-08-02 15:22:00,32.627945071345884,60.9166525721285,1007.6974475910387,0,normal
2026-08-02 15:23:00,32.832722365046635,59.958175240369386,1007.8743570723103,0,normal
2026-08-02 15:24:00,32.10378182007063,60.06154495373852,1007.7136157749103,0,normal
2026-08-02 15:25:00,32.90917190753675,60.35184765470026,1007.6748650970331,0,normal
2026-08-02 15:26:00,32.452779256347036,60.10185504010606,1007.5166016850142,0,normal
2026-08-02 15:27:00,32.90404919860065,59.359020016903706,1007.3205862261539,0,normal
2026-08-02 15:28:00,32.29684838491074,60.1352733563957,1007.4818027665448,0,normal
2026-08-02 15:29:00,33.04230275425819,60.94063577292188,1007.8441719134158,0,normal
2026-08-02 15:30:00,33.219855101904685,59.28557294491913,1007.3982229600273,0,normal
2026-08-02 15:31:00,32.596076145779136,59.80817447826426,1007.376099691307,0,normal
2026-08-02 15:32:00,32.481119589211254,58.98381137412151,1007.653714270807,0,normal
2026-08-02 15:33:00,32.13322760911616,60.823688926276034,1007.6620671767555,0,normal
2026-08-02 15:34:00,32.80332372803001,59.97827455302886,1007.2945819159298,0,normal
2026-08-02 15:35:00,32.7016828133571,59.3536903129312,1007.3965340606345,0,normal
2026-08-02 15:36:00,32.37099538183808,60.08946287653886,1007.3496518674176,0,normal
2026-08-02 15:37:00,33.08095931418027,59.03468240088257,1007.448929045213,0,normal
2026-08-02 15:38:00,32.77340260489048,59.15279044612387,1007.6314352118292,0,normal
2026-08-02 15:39:00,32.5628128872598,58.79361678824709,1007.284429884348,0,normal
2026-08-02 15:40:00,32.75358694079258,59.09054972335223,1007.6216743238165,0,normal
2026-08-02 15:41:00,33.3309490888418,61.012205758251156,1007.4402083137137,0,normal
2026-08-02 15:42:00,33.17526388834415,59.32231699386607,1007.8369987361395,0,normal
2026-08-02 15:43:00,32.92690836874586,60.26438142669403,1007.4720434245639,0,normal
2026-08-02 15:44:00,33.19722368863561,59.20506387362304,1007.3935749074835,0,normal
2026-08-02 15:45:00,32.58227493541172,60.46455000587827,1007.5108319762966,0,normal
2026-08-02 15:46:00,33.00791842703461,59.018990032028846,1007.3430567887558,0,normal
2026-08-02 15:47:00,33.0560839015106,59.85428552530193,1007.0769504664016,0,normal
2026-08-02 15:48:00,32.84794776430522,59.848347008923994,1007.3531590853509,0,normal
2026-08-02 15:49:00,33.17260751982278,61.65158853434285,1007.3466700866097,0,normal
2026-08-02 15:50:00,32.754788898917745,60.27707862242145,1007.1025326247025,0,normal
2026-08-02 15:51:00,33.21405815094062,59.281925424301505,1007.3723470771695,0,normal
2026-08-02 15:52:00,33.23638840251909,60.28791445933041,1007.0097540476469,0,normal
2026-08-02 15:53:00,32.02978528350929,61.434158216177515,1007.3155875882521,0,normal
2026-08-02 15:54:00,33.474887974377395,58.4037701051182,1007.4183527022631,0,normal
2026-08-02 15:55:00,31.999035492120875,59.0174709528869,1007.3882958362638,0,normal
2026-08-02 15:56:00,32.85745166787733,59.486033703965475,1007.2931720365737,0,normal
2026-08-02 15:57:00,33.43923845136496,59.32609416966249,1007.3480940244542,0,normal
2026-08-02 15:58:00,32.976549825770874,59.37789050732996,1007.2186798122382,0,normal
2026-08-02 15:59:00,32.58160420683406,58.58515955908626,1007.358077279102,0,normal
2026-08-02 16:00:00,32.71906588543362,60.73627838512233,1007.362901755335,0,normal
2026-08-02 16:01:00,33.468330715443855,58.45971377133109,1007.1867141261712,0,normal
2026-08-02 16:02:00,32.443362113436926,59.42243671705087,1007.3932549435174,0,normal
2026-08-02 16:03:00,33.51794558512962,60.40419722703682,1007.3884375975472,0,normal
2026-08-02 16:04:00,33.11035783085552,59.52843039620394,1007.3077624562602,0,normal
2026-08-02 16:05:00,32.71908479118601,58.75422847900249,1007.7697699391654,0,normal
2026-08-02 16:06:00,32.939047060213944,58.44408908096377,1007.3049534079108,0,normal
2026-08-02 16:07:00,32.79375744517539,59.32443656405431,1007.276313193374,0,normal
2026-08-02 16:08:00,33.45954772850907,58.888339360340304,1007.2468372953548,0,normal
2026-08-02 16:09:00,33.419235765367695,59.643796009622065,1007.1443888921716,0,normal
2026-08-02 16:10:00,32.56763080566473,58.34421962388291,1007.4389065967508,0,normal
2026-08-02 16:11:00,33.03446504642138,60.10170006910684,1007.1882049823284,0,normal
2026-08-02 16:12:00,32.87992617550943,59.52972381425804,1007.2057804023441,0,normal
2026-08-02 16:13:00,33.64102217024991,59.575288050487096,1007.2074065107555,0,normal
2026-08-02 16:14:00,32.7219450401801,60.56253736226413,1007.1232763946241,0,normal
2026-08-02 16:15:00,33.76207936767754,59.045819050950605,1006.9816447999558,0,normal
2026-08-02 16:16:00,33.19499874526173,58.80190434674384,1007.2097815554908,0,normal
2026-08-02 16:17:00,32.80596073398262,58.93097203091115,1007.4465794022565,0,normal
2026-08-02 16:18:00,32.981510709796005,59.20191012014163,1007.3211011312566,0,normal
2026-08-02 16:19:00,32.94384188183523,59.270031343813024,1007.5628114645172,0,normal
2026-08-02 16:20:00,32.78407662055625,58.66524062422482,1007.4133406531857,0,normal
2026-08-02 16:21:00,33.26909971118142,57.69845006082914,1007.36874026292,0,normal
2026-08-02 16:22:00,32.811789662283616,58.85541863175646,1007.6095589999917,0,normal
2026-08-02 16:23:00,32.48401415560985,59.57939027536001,1007.2494490714959,0,normal
2026-08-02 16:24:00,33.119770100842565,59.3880288567251,1007.2745395502224,0,normal
2026-08-02 16:25:00,32.62710393291127,60.22628303298822,1007.2573705551708,0,normal
2026-08-02 16:26:00,33.00022611990107,60.81877092784389,1007.5335615805094,0,normal
2026-08-02 16:27:00,32.9506072091182,59.84971614728171,1007.2523761635949,0,normal
2026-08-02 16:28:00,32.969110255239315,60.33625849276325,1007.131474561199,0,normal
2026-08-02 16:29:00,33.979547381105434,59.83177987965367,1007.3501848357809,0,normal
2026-08-02 16:30:00,33.30406040610019,60.574524140499854,1007.0937129163302,0,normal
2026-08-02 16:31:00,33.375233813177104,60.67565795825203,1007.3328987154597,0,normal
2026-08-02 16:32:00,32.672583593894,59.94440372749828,1007.3075971143301,0,normal
2026-08-02 16:33:00,33.070336269623034,59.737198670521785,1007.1952429358253,0,normal
2026-08-02 16:34:00,33.3794108842054,58.996658395849124,1007.3274089605187,0,normal
2026-08-02 16:35:00,32.950232568737334,59.11665069881352,1006.9539859681763,0,normal
2026-08-02 16:36:00,33.63133343517828,58.8684540491136,1007.2473444571355,0,normal
2026-08-02 16:37:00,32.89719231499536,59.624855781789904,1007.130934492391,0,normal
2026-08-02 16:38:00,33.22246348361826,58.540834015773676,1007.7256585837288,0,normal
2026-08-02 16:39:00,33.122059803169954,58.953612987153626,1007.2347164476661,0,normal
2026-08-02 16:40:00,33.38910699401084,57.211875293484425,1007.0955321039744,0,normal
2026-08-02 16:41:00,33.11177067072849,60.464124279610424,1006.9510010661969,0,normal
2026-08-02 16:42:00,33.24540731346404,58.8990419511627,1007.4302791933513,0,normal
2026-08-02 16:43:00,33.261782801430684,59.429783485144625,1007.1285089067809,0,normal
2026-08-02 16:44:00,33.091531143095416,60.22157444459155,1007.0452781874366,0,normal
2026-08-02 16:45:00,33.52241842258427,59.28573439629082,1007.2444602519057,0,normal
2026-08-02 16:46:00,33.44007030913577,60.191257935523865,1007.2970787134703,0,normal
2026-08-02 16:47:00,33.32954831977126,58.03280498522205,1007.290441904775,0,normal
2026-08-02 16:48:00,33.21376153565662,60.93463786244144,1007.1760846545495,0,normal
2026-08-02 16:49:00,33.64700096098407,59.87709535879735,1007.197381179424,0,normal
2026-08-02 16:50:00,33.28938692748955,59.165569212908856,1007.206689205825,0,normal
2026-08-02 16:51:00,33.268232908940746,60.12920026739808,1007.2216676648013,0,normal
2026-08-02 16:52:00,33.415796122405446,58.045288189688875,1007.2337877308248,0,normal
2026-08-02 16:53:00,33.97646713106912,58.74049335633327,1007.3505002296672,0,normal
2026-08-02 16:54:00,32.91697375087246,60.118104747445585,1007.1598420553532,0,normal
2026-08-02 16:55:00,33.658914344548435,57.460505610645725,1006.9988497716587,0,normal
2026-08-02 16:56:00,32.730149836914585,59.394099595920515,1007.1160871925929,0,normal
2026-08-02 16:57:00,33.47202989092731,59.3631843589968,1007.2739239733359,0,normal
2026-08-02 16:58:00,33.95041697734216,60.50466471087119,1006.812850534363,0,normal
2026-08-02 16:59:00,33.57325476375135,57.65489105313016,1006.8100707537219,0,normal
2026-08-02 17:00:00,33.464951372350555,60.20106240282902,1007.292074900958,0,normal
2026-08-02 17:01:00,33.21201605075298,58.458014096902275,1007.3965848517377,0,normal
2026-08-02 17:02:00,33.421909544755906,58.54034735027077,1006.8914028066343,0,normal
2026-08-02 17:03:00,33.325619524550625,57.91284685212801,1007.1333960998977,0,normal
2026-08-02 17:04:00,33.14147694530524,58.0127955136042,1007.0395685064298,0,normal
2026-08-02 17:05:00,33.31776824211367,59.19865326099039,1007.0607090070573,0,normal
2026-08-02 17:06:00,33.49124270438505,57.97885966491009,1007.1588244418238,0,normal
2026-08-02 17:07:00,33.15579649723381,59.45397416582209,1006.8672813121545,0,normal
2026-08-02 17:08:00,33.14456553203565,58.324527163648696,1006.8968665843003,0,normal
2026-08-02 17:09:00,32.953049133114746,57.87775816823717,1007.0381070199792,0,normal
2026-08-02 17:10:00,33.568186676635605,58.419355123594514,1007.0623298638026,0,normal
2026-08-02 17:11:00,33.62452300131294,59.1045175421357,1006.8819895642984,0,normal
2026-08-02 17:12:00,33.51689626612433,58.60695074922037,1007.2229608763155,0,normal
2026-08-02 17:13:00,33.77570829237938,58.85001534465214,1007.0018249589914,0,normal
2026-08-02 17:14:00,33.47066401117964,59.373559528555155,1006.9972192603325,0,normal
2026-08-02 17:15:00,33.579054045640056,59.67660954154521,1007.1201843911994,0,normal
2026-08-02 17:16:00,33.55006131043069,58.5568075582859,1007.0422606114214,0,normal
2026-08-02 17:17:00,33.41347526790545,57.96385031050656,1007.2123671606511,0,normal
2026-08-02 17:18:00,33.26145072362702,58.85458040347045,1006.8897614803096,0,normal
2026-08-02 17:19:00,34.22384385083842,59.16483425027139,1006.8024031505868,0,normal
2026-08-02 17:20:00,33.29228760617689,57.61447704297656,1006.9943252043382,0,normal
2026-08-02 17:21:00,33.21892116629668,58.065446380925984,1007.0570827602689,0,normal
2026-08-02 17:22:00,33.605317583348615,58.19759233353404,1006.8190565468855,0,normal
2026-08-02 17:23:00,33.54292679734335,58.6018261061566,1006.7887484566445,0,normal
2026-08-02 17:24:00,32.964392108448365,58.154531987655915,1007.0675083216984,0,normal
2026-08-02 17:25:00,33.85022569434914,59.32440025967172,1006.8944440131137,0,normal
2026-08-02 17:26:00,33.42546708315166,57.47020306956864,1006.7655414008457,0,normal
2026-08-02 17:27:00,33.07068387308945,57.4862100701915,1007.1969031666928,0,normal
2026-08-02 17:28:00,33.87658643080323,58.47868288345926,1006.9055661758518,0,normal
2026-08-02 17:29:00,33.680428308904006,58.601214160498905,1007.22240207662,0,normal
2026-08-02 17:30:00,33.019709636030804,57.57409739946981,1007.0167068186933,0,normal
2026-08-02 17:31:00,34.08509838194361,58.24862319423896,1007.0607841067056,0,normal
2026-08-02 17:32:00,33.69437607704151,58.409530712998716,1006.9658023688719,0,normal
2026-08-02 17:33:00,33.46086850024279,58.412204684658576,1006.5220873367634,0,normal
2026-08-02 17:34:00,34.021581375708934,58.844959327271624,1006.7915386256382,0,normal
2026-08-02 17:35:00,33.52125416101077,58.19093599820945,1006.9696756098812,0,normal
2026-08-02 17:36:00,33.45609347405518,59.899347018795424,1007.0540971710922,0,normal
2026-08-02 17:37:00,33.235167576365285,59.10465451020167,1006.6624467411015,0,normal
2026-08-02 17:38:00,33.67019777391581,58.06554678423051,1006.9710814513941,0,normal
2026-08-02 17:39:00,33.63356608343087,58.78412761405,1006.774863501702,0,normal
2026-08-02 17:40:00,33.47202542640792,58.805145540180234,1007.0152435606761,0,normal
2026-08-02 17:41:00,33.190451881764545,59.675259406667536,1006.9656603281799,0,normal
2026-08-02 17:42:00,33.512409667440245,58.22085932751184,1007.0991229719584,0,normal
2026-08-02 17:43:00,33.442419131498184,59.3128533976289,1007.1534607303863,0,normal
2026-08-02 17:44:00,32.99997455001361,58.73041733500888,1007.0401904400796,0,normal
2026-08-02 17:45:00,32.95132545391702,59.88827244694716,1007.1085825256823,0,normal
2026-08-02 17:46:00,33.663960029637074,59.72595205559217,1006.8867892520938,0,normal
2026-08-02 17:47:00,32.5551193578087,58.84917619040716,1007.4541510770132,0,normal
2026-08-02 17:48:00,33.537225221750894,58.48025470746551,1006.722741408533,0,normal
2026-08-02 17:49:00,33.297481083295224,59.093987802052865,1006.8432715971071,0,normal
2026-08-02 17:50:00,33.922102429188946,58.54309954077691,1007.0966508922468,0,normal
2026-08-02 17:51:00,33.290835555424636,60.03059595668166,1007.0660348421821,0,normal
2026-08-02 17:52:00,33.693629566915995,58.748151265684335,1007.0144136712412,0,normal
2026-08-02 17:53:00,33.3230782664999,58.36002024823196,1007.044379658116,0,normal
2026-08-02 17:54:00,33.50092534499647,58.31613565183066,1006.543920706041,0,normal
2026-08-02 17:55:00,33.71804902578915,57.71282682727896,1007.2011735263673,0,normal
2026-08-02 17:56:00,33.2972318646793,59.12806437137408,1006.8745382605562,0,normal
2026-08-02 17:57:00,33.80681808689286,58.02650406683612,1007.1316385931748,0,normal
2026-08-02 17:58:00,33.10905452989858,59.560861762667294,1006.537482029926,0,normal
2026-08-02 17:59:00,33.55870860150988,57.64795940440184,1006.9458385163047,0,normal
2026-08-02 18:00:00,33.777204753376125,58.78419902844143,1006.7943653759936,0,normal
2026-08-02 18:01:00,33.68390115564311,59.60281741041348,1006.9949172744242,0,normal
2026-08-02 18:02:00,34.12217837946939,56.96120737414396,1006.9451484811918,0,normal
2026-08-02 18:03:00,33.182681024653476,60.298118143623434,1006.9501048790366,0,normal
2026-08-02 18:04:00,32.965572154246175,58.34391226420593,1006.6897476019534,0,normal
2026-08-02 18:05:00,33.098574224933124,58.79778543926956,1006.8662438805757,0,normal
2026-08-02 18:06:00,33.6759910682204,59.14297118876674,1006.8402098879069,0,normal
2026-08-02 18:07:00,33.61728141380468,59.26775165380172,1006.9579378476112,0,normal
2026-08-02 18:08:00,33.47689801932924,58.90712604578431,1007.0429980638976,0,normal
2026-08-02 18:09:00,33.0461006339418,59.48723089155781,1006.8881533480813,0,normal
2026-08-02 18:10:00,33.70549420515288,59.1060179224005,1006.6275002921839,0,normal
2026-08-02 18:11:00,33.00632669937034,60.10103814198785,1006.8727196882029,0,normal
2026-08-02 18:12:00,33.83841614253451,59.111900842417754,1007.3194940302843,0,normal
2026-08-02 18:13:00,34.43062538381439,60.26758644980126,1007.1419267149588,0,normal
2026-08-02 18:14:00,33.55644574702167,59.41871392422198,1006.3063999539629,0,normal
2026-08-02 18:15:00,33.629869400706944,57.25535710419159,1006.8493404663458,0,normal
2026-08-02 18:16:00,33.25080217499269,60.79107917466345,1007.001867772994,0,normal
2026-08-02 18:17:00,32.78717784322401,58.24509498390199,1006.7974157244295,0,normal
2026-08-02 18:18:00,33.207178049273914,59.903512067847174,1006.7435673499624,0,normal
2026-08-02 18:19:00,33.03292176189267,58.73115147362082,1006.7744801186457,0,normal
2026-08-02 18:20:00,32.90621675503514,59.561361996729836,1006.9180786116556,0,normal
2026-08-02 18:21:00,34.012655630256475,58.16461286868715,1006.6081116332646,0,normal
2026-08-02 18:22:00,33.50242090299852,59.219030898401854,1007.0249528401326,0,normal
2026-08-02 18:23:00,33.53682716883393,58.51905507607618,1006.7970637607467,0,normal
2026-08-02 18:24:00,33.29272435133578,59.98811515161442,1006.634992740986,0,normal
2026-08-02 18:25:00,33.33725118161138,59.07928516478141,1007.0018357776049,0,normal
2026-08-02 18:26:00,33.73215094787197,59.48067544550267,1006.5174858835449,0,normal
2026-08-02 18:27:00,33.37997068436987,57.00436318204908,1006.6918294191745,0,normal
2026-08-02 18:28:00,33.57369039150426,58.67100243685153,1006.6850246399265,0,normal
2026-08-02 18:29:00,33.31593327030283,59.071870251902844,1007.1699957731324,0,normal
2026-08-02 18:30:00,33.26129700318728,58.926421598426465,1006.6569437486921,0,normal
2026-08-02 18:31:00,32.88507483274814,59.52068844193554,1006.3885162331161,0,normal
2026-08-02 18:32:00,32.681655487700525,58.46340444032883,1006.667846993552,0,normal
2026-08-02 18:33:00,33.27862251507046,58.79965475075934,1006.8507378068828,0,normal
2026-08-02 18:34:00,33.386173256043925,59.71023566789962,1006.9060403141872,0,normal
2026-08-02 18:35:00,32.91241290863489,56.94706409462388,1007.170849946369,0,normal
2026-08-02 18:36:00,33.34658006368937,59.24638848062101,1007.0104834572968,0,normal
2026-08-02 18:37:00,33.37347641024678,58.512824628414194,1006.7872384745818,0,normal
2026-08-02 18:38:00,32.59600592540542,58.05523391199633,1006.58912958986,0,normal
2026-08-02 18:39:00,33.026189845757365,59.05961110809898,1007.0380827642372,0,normal
2026-08-02 18:40:00,33.48482969164658,59.777755357366715,1006.6755913594038,0,normal
2026-08-02 18:41:00,33.473490909444195,59.63265912766423,1006.6196410202148,0,normal
2026-08-02 18:42:00,32.92989640296648,58.69893440625836,1006.65921414816,0,normal
2026-08-02 18:43:00,33.38473102769068,59.51342926860693,1006.5050552780779,0,normal
2026-08-02 18:44:00,33.68263771582582,59.51323325076138,1006.6429449251247,0,normal
2026-08-02 18:45:00,33.59222116536079,58.754954985021925,1006.6808721077588,0,normal
2026-08-02 18:46:00,33.28227558939836,58.27659112898747,1006.8505345802562,0,normal
2026-08-02 18:47:00,33.14714351058567,58.32920227687024,1006.6453470266845,0,normal
2026-08-02 18:48:00,33.08590395560213,59.51413633389661,1006.4832485843361,0,normal
2026-08-02 18:49:00,33.465080534033355,58.81673043606475,1006.4189023992207,0,normal
2026-08-02 18:50:00,33.36472894742088,58.020226277579226,1006.7414959328504,0,normal
2026-08-02 18:51:00,33.51176285088822,57.51613573782341,1006.7130399083023,0,normal
2026-08-02 18:52:00,33.332586204947255,59.53647475730323,1006.5963867617452,0,normal
2026-08-02 18:53:00,33.567886790122856,58.4406999312796,1006.6082186341445,0,normal
2026-08-02 18:54:00,33.30924603392643,59.149675276244935,1006.7584881778981,0,normal
2026-08-02 18:55:00,33.54552922919524,59.884502171820614,1006.9350606078455,0,normal
2026-08-02 18:56:00,33.57035606045073,57.85309765115529,1006.5405400620098,0,normal
2026-08-02 18:57:00,32.978594154801165,58.871756764502734,1006.6931744890229,0,normal
2026-08-02 18:58:00,32.62186900830524,58.779069473355705,1006.8458686625604,0,normal
2026-08-02 18:59:00,33.78941353222442,59.22730573030387,1006.5298895825634,0,normal
2026-08-02 19:00:00,33.333423949979746,59.92285441654407,1006.6629887264229,0,normal
2026-08-02 19:01:00,32.637856542556776,57.87610813067799,1006.6551778717056,0,normal
2026-08-02 19:02:00,32.98235394159226,59.403779108204354,1006.422200765851,0,normal
2026-08-02 19:03:00,33.496541974535376,59.78155876151837,1006.6847828075262,0,normal
2026-08-02 19:04:00,33.12262543521447,58.81576472889971,1006.6563525050922,0,normal
2026-08-02 19:05:00,33.03534843224837,58.86356288894609,1006.7468134222868,0,normal
2026-08-02 19:06:00,33.69886753499393,59.317061362286374,1006.4294848760737,0,normal
2026-08-02 19:07:00,32.83592879378392,59.267064007475675,1006.6411477185671,0,normal
2026-08-02 19:08:00,32.9169775927829,59.46612781453586,1006.8842962457767,0,normal
2026-08-02 19:09:00,33.264100175972374,59.45843224744351,1007.0057676404085,0,normal
2026-08-02 19:10:00,33.320489554544,58.23311860010907,1006.8584770205472,0,normal
2026-08-02 19:11:00,33.35119769535213,59.820324585651186,1006.4124195215987,0,normal
2026-08-02 19:12:00,33.48999025109766,59.971078986354534,1006.7017231087939,0,normal
2026-08-02 19:13:00,33.23407086412141,59.19618576614098,1006.5298111027984,0,normal
2026-08-02 19:14:00,33.32929635946396,57.861787922871216,1006.6641261141199,0,normal
2026-08-02 19:15:00,33.060664711232455,58.9752338370601,1006.4702742161427,0,normal
2026-08-02 19:16:00,33.16664078240816,59.23259864611072,1006.2970999482127,0,normal
2026-08-02 19:17:00,33.17557433390516,58.171562395732316,1006.5397667720728,0,normal
2026-08-02 19:18:00,33.20639540184588,58.80942566260428,1006.7281058644556,0,normal
2026-08-02 19:19:00,33.394606478958906,57.98045880206189,1006.6461376698331,0,normal
2026-08-02 19:20:00,33.311557956590995,59.60433074456445,1006.6630915282019,0,normal
2026-08-02 19:21:00,33.12570539245047,59.26192810312347,1006.6257700699565,0,normal
2026-08-02 19:22:00,32.81994099573199,57.82332821812856,1006.6559109885868,0,normal
2026-08-02 19:23:00,33.119658980159926,59.432041325826596,1006.6746801580055,0,normal
2026-08-02 19:24:00,33.078940190967906,59.116700526348104,1006.5262003834549,0,normal
2026-08-02 19:25:00,33.14906589830637,59.5862006902652,1006.5868413761519,0,normal
2026-08-02 19:26:00,33.84637581504979,58.8711279976173,1006.8819886862364,0,normal
2026-08-02 19:27:00,32.88334490962943,58.55457797167963,1006.5900519709879,0,normal
2026-08-02 19:28:00,33.206973906927686,58.59061596986828,1006.568435159601,0,normal
2026-08-02 19:29:00,33.42557591784262,58.78840806936635,1006.5755834576028,0,normal
2026-08-02 19:30:00,33.07829051793685,59.245779043643395,1006.5141344347943,0,normal
2026-08-02 19:31:00,33.85454563794136,59.36098237178331,1006.4712908562796,0,normal
2026-08-02 19:32:00,32.896230573047255,59.10205799434204,1006.583517299811,0,normal
2026-08-02 19:33:00,33.13415464998369,58.928117971110176,1006.4512299729216,0,normal
2026-08-02 19:34:00,32.73325526521829,58.99791187639911,1006.5123729081505,0,normal
2026-08-02 19:35:00,32.88185236901394,61.29759611440042,1006.3925832109627,0,normal
2026-08-02 19:36:00,33.08399668307981,58.68733862032029,1006.5506316563029,0,normal
2026-08-02 19:37:00,33.28499520447219,58.87016399390026,1006.6326617396297,0,normal
2026-08-02 19:38:00,33.09232626647671,61.9643678914354,1006.4856825721038,0,normal
2026-08-02 19:39:00,33.413123032231994,59.678958134323516,1006.1586432386551,0,normal
2026-08-02 19:40:00,32.93092035118348,58.25114546742131,1006.6227458930119,0,normal
2026-08-02 19:41:00,32.83956036116292,60.042381625599084,1006.5344433461275,0,normal
2026-08-02 19:42:00,33.89381118113931,58.653421699871444,1006.330363448523,0,normal
2026-08-02 19:43:00,33.0769326778472,60.122041782646505,1006.6446722581685,0,normal
2026-08-02 19:44:00,32.67860027727788,59.23948106200362,1006.2501092675603,0,normal
2026-08-02 19:45:00,32.678832182410545,59.069990784271795,1006.6863450818839,0,normal
2026-08-02 19:46:00,32.58322872626819,60.72285400966207,1006.4841953795049,0,normal
2026-08-02 19:47:00,33.232244838926825,59.90245540072137,1006.0824791040491,0,normal
2026-08-02 19:48:00,32.76812920649193,60.241655584469406,1006.519331410737,0,normal
2026-08-02 19:49:00,32.93139080365528,59.825246642415415,1006.4104785811978,0,normal
2026-08-02 19:50:00,32.85567572097162,59.13591900667091,1006.3797253465336,0,normal
2026-08-02 19:51:00,33.12495322066132,59.99483846347497,1006.3435365169573,0,normal
2026-08-02 19:52:00,32.56353502775669,60.487523827479585,1006.4498012041346,0,normal
2026-08-02 19:53:00,32.47434736573457,59.64245452636228,1006.3817429680184,0,normal
2026-08-02 19:54:00,32.92014171514304,60.99060645086045,1006.1312535968142,0,normal
2026-08-02 19:55:00,33.04275134921906,60.24442580668453,1006.6908150301148,0,normal
2026-08-02 19:56:00,32.9395179665545,59.7484808626963,1006.4142474964676,0,normal
2026-08-02 19:57:00,32.53047719106124,59.79505762740824,1006.3228767639438,0,normal
2026-08-02 19:58:00,33.0414984797303,59.7187461832218,1006.2479061585605,0,normal
2026-08-02 19:59:00,32.53455886751415,58.623167721386835,1006.5861557446459,0,normal
2026-08-02 20:00:00,32.60284186150203,59.567417147863864,1006.2101119997261,0,normal
2026-08-02 20:01:00,32.44540580798113,59.831853822590425,1006.464357514825,0,normal
2026-08-02 20:02:00,33.22154324965147,59.33757953045647,1006.3315973252323,0,normal
2026-08-02 20:03:00,32.97812295791707,59.956245184984354,1006.3384972845728,0,normal
2026-08-02 20:04:00,32.95840017048895,59.718918138180136,1006.2308551526899,0,normal
2026-08-02 20:05:00,33.17334321206888,60.336706549779606,1006.3142658161398,0,normal
2026-08-02 20:06:00,33.711353009304474,60.26423582757617,1006.423941425167,0,normal
2026-08-02 20:07:00,32.11874320389168,59.88357311101323,1006.4611477451383,0,normal
2026-08-02 20:08:00,32.44852729402261,58.67229607400177,1006.2738257504724,0,normal
2026-08-02 20:09:00,32.481224944446595,61.21497150534343,1006.3953095943758,0,normal
2026-08-02 20:10:00,32.388967033571824,59.685318135444334,1006.5680495450855,0,normal
2026-08-02 20:11:00,32.29940817570305,59.75066975300202,1006.1053091729061,0,normal
2026-08-02 20:12:00,32.56143306803027,59.558020247538444,1006.3999131024565,0,normal
2026-08-02 20:13:00,32.23019077009888,59.45807530612585,1006.2263642849092,0,normal
2026-08-02 20:14:00,32.76289861691124,61.100928130792184,1006.2044908282277,0,normal
2026-08-02 20:15:00,32.6533013934411,60.99150322798161,1006.4374293763218,0,normal
2026-08-02 20:16:00,32.79308186925545,60.255277250565776,1006.2887801389218,0,normal
2026-08-02 20:17:00,32.79188350253011,59.83096549377697,1006.1643837482466,0,normal
2026-08-02 20:18:00,32.81462969359296,60.429571083335865,1006.6182670354574,0,normal
2026-08-02 20:19:00,32.46222515145838,60.01073299989533,1006.5420047994307,0,normal
2026-08-02 20:20:00,33.324601881282966,59.8170430908688,1006.0250711505242,0,normal
2026-08-02 20:21:00,32.65347861234454,60.25733911439434,1006.1039916390779,0,normal
2026-08-02 20:22:00,31.90872690430077,59.65166771861954,1006.4727184317949,0,normal
2026-08-02 20:23:00,32.1988769135891,60.224251098394745,1006.3111313369761,0,normal
2026-08-02 20:24:00,31.929587442977354,60.203768073441324,1006.6290295757113,0,normal
2026-08-02 20:25:00,32.53382907948848,60.5407973111532,1006.466389282799,0,normal
2026-08-02 20:26:00,32.47407220568571,59.581301243550286,1006.4058802288852,0,normal
2026-08-02 20:27:00,32.34164091945201,60.66298699814949,1006.1645739994295,0,normal
2026-08-02 20:28:00,33.198243938653754,59.388200253520715,1006.4335065658545,0,normal
2026-08-02 20:29:00,32.67533789907608,59.67367171715035,1006.1119530427892,0,normal
2026-08-02 20:30:00,32.7260468250442,59.72716427109167,1006.5730830591334,0,normal
2026-08-02 20:31:00,32.13469979907081,59.311345498776625,1006.410677757766,0,normal
2026-08-02 20:32:00,32.09948275054372,61.00030228692697,1006.1827823902084,0,normal
2026-08-02 20:33:00,32.45061835767003,59.43141859311888,1006.4726582605126,0,normal
2026-08-02 20:34:00,32.48678713767382,59.666517811412746,1006.727860613514,0,normal
2026-08-02 20:35:00,31.764969240003758,61.249069171594584,1006.2817902795468,1,frozen
2026-08-02 20:36:00,31.764969240003758,61.249069171594584,1006.2817902795468,1,frozen
2026-08-02 20:37:00,31.764969240003758,61.249069171594584,1006.2817902795468,1,frozen
2026-08-02 20:38:00,31.764969240003758,61.249069171594584,1006.2817902795468,1,frozen
2026-08-02 20:39:00,31.764969240003758,61.249069171594584,1006.2817902795468,1,frozen
2026-08-02 20:40:00,31.764969240003758,61.249069171594584,1006.2817902795468,1,frozen
2026-08-02 20:41:00,31.764969240003758,61.249069171594584,1006.2817902795468,1,frozen
2026-08-02 20:42:00,31.764969240003758,61.249069171594584,1006.2817902795468,1,frozen
2026-08-02 20:43:00,31.764969240003758,61.249069171594584,1006.2817902795468,1,frozen
2026-08-02 20:44:00,31.764969240003758,61.249069171594584,1006.2817902795468,1,frozen
2026-08-02 20:45:00,31.764969240003758,61.249069171594584,1006.2817902795468,1,frozen
2026-08-02 20:46:00,31.764969240003758,61.249069171594584,1006.2817902795468,1,frozen
2026-08-02 20:47:00,31.764969240003758,61.249069171594584,1006.2817902795468,1,frozen
2026-08-02 20:48:00,31.764969240003758,61.249069171594584,1006.2817902795468,1,frozen
2026-08-02 20:49:00,32.09531007437304,60.554372011463236,1006.1057326427583,0,normal
2026-08-02 20:50:00,32.51156897295487,60.302987121836765,1005.9416083574325,0,normal
2026-08-02 20:51:00,32.56538607442814,59.661178729347405,1006.153669659226,0,normal
2026-08-02 20:52:00,32.66217056163828,60.72663158091316,1006.0855168396923,0,normal
2026-08-02 20:53:00,32.819991080861136,60.27297420983065,1006.2815260955816,0,normal
2026-08-02 20:54:00,31.881781178599184,59.864291131801274,1006.1151832278687,0,normal
2026-08-02 20:55:00,32.1772890912963,59.46406039148937,1006.1673276013782,0,normal
2026-08-02 20:56:00,32.16371985948885,59.417463033530616,1006.1689535906087,0,normal
2026-08-02 20:57:00,32.112745151483175,60.39259734018463,1006.2383835521568,0,normal
2026-08-02 20:58:00,31.907077631915215,60.64298726347888,1006.1486281759711,0,normal
2026-08-02 20:59:00,31.60157245676658,60.032239755344335,1006.049355789199,1,frozen
2026-08-02 21:00:00,31.60157245676658,60.032239755344335,1006.049355789199,1,frozen
2026-08-02 21:01:00,31.60157245676658,60.032239755344335,1006.049355789199,1,frozen
2026-08-02 21:02:00,31.60157245676658,60.032239755344335,1006.049355789199,1,frozen
2026-08-02 21:03:00,31.60157245676658,60.032239755344335,1006.049355789199,1,frozen
2026-08-02 21:04:00,31.60157245676658,60.032239755344335,1006.049355789199,1,frozen
2026-08-02 21:05:00,31.60157245676658,60.032239755344335,1006.049355789199,1,frozen
2026-08-02 21:06:00,31.60157245676658,60.032239755344335,1006.049355789199,1,frozen
2026-08-02 21:07:00,31.60157245676658,60.032239755344335,1006.049355789199,1,frozen
2026-08-02 21:08:00,31.60157245676658,60.032239755344335,1006.049355789199,1,frozen
2026-08-02 21:09:00,31.60157245676658,60.032239755344335,1006.049355789199,1,frozen
2026-08-02 21:10:00,31.60157245676658,60.032239755344335,1006.049355789199,1,frozen
2026-08-02 21:11:00,31.60157245676658,60.032239755344335,1006.049355789199,1,frozen
2026-08-02 21:12:00,31.60157245676658,60.032239755344335,1006.049355789199,1,frozen
2026-08-02 21:13:00,32.49126364351138,60.4995416314043,1006.0280959742679,0,normal
2026-08-02 21:14:00,31.600544681940757,61.36925313102301,1006.0987166483927,0,normal
2026-08-02 21:15:00,31.54482603949099,62.02373580401503,1006.1001231764427,0,normal
2026-08-02 21:16:00,31.882920541073286,62.44354293491045,1006.3313331074444,0,normal
2026-08-02 21:17:00,31.85139160567154,61.166350688940014,1006.2086384244341,0,normal
2026-08-02 21:18:00,31.55339079712125,62.6265400290325,1006.1959885666333,0,normal
2026-08-02 21:19:00,31.748792159174563,60.9477810119717,1006.2726596558596,0,normal
2026-08-02 21:20:00,32.27203483657543,62.08177878096263,1006.0656308452562,0,normal
2026-08-02 21:21:00,31.545832212146998,60.47235436179505,1006.4153446262187,0,normal
2026-08-02 21:22:00,31.326277588391942,61.58567602588956,1006.1663977307456,0,normal
2026-08-02 21:23:00,32.13006030426393,59.39965917165893,1006.009521228583,0,normal
2026-08-02 21:24:00,31.958502885833433,60.39931983851291,1006.1191309297326,0,normal
2026-08-02 21:25:00,31.55502098496205,61.69359372445906,1006.3791010128707,0,normal
2026-08-02 21:26:00,31.20440494387254,60.29404097067511,1006.0777231383314,0,normal
2026-08-02 21:27:00,31.483463740661954,61.709371167906184,1006.3220710334919,0,normal
2026-08-02 21:28:00,31.71081175456976,62.11687659378912,1006.0354974234849,0,normal
2026-08-02 21:29:00,32.12377806551426,61.01463128100074,1006.0071563979945,0,normal
2026-08-02 21:30:00,31.33878206315408,60.66458065651923,1006.2606267862502,0,normal
2026-08-02 21:31:00,31.657755369818926,61.08452708831826,1005.9815148029812,0,normal
2026-08-02 21:32:00,31.909348447743003,60.71543718441843,1006.2838249739748,0,normal
2026-08-02 21:33:00,30.825273912148937,61.43140367425295,1006.1960055581194,0,normal
2026-08-02 21:34:00,32.006171742675825,61.618410845493294,1005.9724184344882,0,normal
2026-08-02 21:35:00,31.216077687709387,61.316369936494965,1006.1137654589036,0,normal
2026-08-02 21:36:00,31.73168258000613,62.92518050002256,1006.0248129670083,0,normal
2026-08-02 21:37:00,31.687332258817207,61.034760026166566,1006.1833827129127,0,normal
2026-08-02 21:38:00,31.96606788783448,62.74809401673886,1006.457352647622,0,normal
2026-08-02 21:39:00,31.764716439834974,60.826694407923,1006.0478116336768,0,normal
2026-08-02 21:40:00,30.725232518314368,61.742719622248146,1006.2076151883764,0,normal
2026-08-02 21:41:00,31.267964033617606,62.65586662023397,1006.1129392999917,0,normal
2026-08-02 21:42:00,31.576322709246117,62.63942521081042,1006.1098824552176,0,normal
2026-08-02 21:43:00,31.44498393090287,61.42316234435313,1006.0728348200491,0,normal
2026-08-02 21:44:00,31.665628726553987,62.22852509800866,1005.9452638936008,0,normal
2026-08-02 21:45:00,31.759943719260477,62.14658424096054,1006.1569591660692,0,normal
2026-08-02 21:46:00,31.6817866309423,61.402931781255106,1006.0417030805335,0,normal
2026-08-02 21:47:00,31.378958308439184,62.35295522603977,1005.9278629097403,0,normal
2026-08-02 21:48:00,30.792825788959824,63.375570671011985,1006.2703361801256,0,normal
2026-08-02 21:49:00,31.264677973000968,62.28838812879573,1006.1026725616991,0,normal
2026-08-02 21:50:00,31.554841665973296,62.38963186988907,1006.0408666522686,0,normal
2026-08-02 21:51:00,31.012436691269464,62.4998579245002,1006.3202161181405,0,normal
2026-08-02 21:52:00,31.599984087676255,60.81900733442539,1005.7456005714662,0,normal
2026-08-02 21:53:00,31.68188485168335,62.38169003669316,1006.3023001998807,0,normal
2026-08-02 21:54:00,31.393224744658397,61.225890810663664,1005.9118637481042,0,normal
2026-08-02 21:55:00,30.26133757231279,61.59324307887202,1006.1054865055232,0,normal
2026-08-02 21:56:00,30.87113421649926,63.820625698440296,1005.9586802171834,0,normal
2026-08-02 21:57:00,31.963401640993315,61.91444760044124,1005.8955205543614,0,normal
2026-08-02 21:58:00,31.096683453531067,61.55096668227917,1006.2952973983869,0,normal
2026-08-02 21:59:00,30.57822403219585,63.09128505829882,1006.3900619503225,0,normal
2026-08-02 22:00:00,31.689679739715288,61.43725386214464,1006.0132755869455,0,normal
2026-08-02 22:01:00,31.24665340002343,61.86369954476717,1006.11064300663,0,normal
2026-08-02 22:02:00,31.613310980932283,63.24717840218058,1006.0576854908412,0,normal
2026-08-02 22:03:00,31.308087573178362,62.3085144240367,1006.356095979465,0,normal
2026-08-02 22:04:00,31.35618560504499,61.05144781921795,1005.661423557974,0,normal
2026-08-02 22:05:00,31.307248941894265,62.762403091901014,1006.1068669828985,0,normal
2026-08-02 22:06:00,31.4087906239442,62.03658498245954,1005.9053044155868,0,normal
2026-08-02 22:07:00,31.946212878153098,63.61224498732035,1005.6093243090903,0,normal
2026-08-02 22:08:00,31.4733757275939,61.92207965103968,1005.9657214167728,0,normal
2026-08-02 22:09:00,30.564785106323225,63.27473417783609,1006.360492966856,0,normal
2026-08-02 22:10:00,31.258585111025745,63.88109426963015,1005.9069910574449,0,normal
2026-08-02 22:11:00,31.48609120559108,61.80662144018105,1006.1646618353025,0,normal
2026-08-02 22:12:00,31.491807506084832,62.359702983093925,1006.2353376052315,0,normal
2026-08-02 22:13:00,30.905809986303886,62.85212767777096,1006.014552212139,0,normal
2026-08-02 22:14:00,31.447082301439462,61.882361065709446,1006.0357891638818,0,normal
2026-08-02 22:15:00,31.34826239908501,62.81153945617714,1005.7024515622678,0,normal
2026-08-02 22:16:00,31.908105564422907,62.44248819181376,1005.8797622676041,1,frozen
2026-08-02 22:17:00,31.908105564422907,62.44248819181376,1005.8797622676041,1,frozen
2026-08-02 22:18:00,31.908105564422907,62.44248819181376,1005.8797622676041,1,frozen
2026-08-02 22:19:00,31.908105564422907,62.44248819181376,1005.8797622676041,1,frozen
2026-08-02 22:20:00,31.908105564422907,62.44248819181376,1005.8797622676041,1,frozen
2026-08-02 22:21:00,31.908105564422907,62.44248819181376,1005.8797622676041,1,frozen
2026-08-02 22:22:00,31.908105564422907,62.44248819181376,1005.8797622676041,1,frozen
2026-08-02 22:23:00,31.908105564422907,62.44248819181376,1005.8797622676041,1,frozen
2026-08-02 22:24:00,31.908105564422907,62.44248819181376,1005.8797622676041,1,frozen
2026-08-02 22:25:00,31.908105564422907,62.44248819181376,1005.8797622676041,1,frozen
2026-08-02 22:26:00,31.908105564422907,62.44248819181376,1005.8797622676041,1,frozen
2026-08-02 22:27:00,31.908105564422907,62.44248819181376,1005.8797622676041,1,frozen
2026-08-02 22:28:00,31.908105564422907,62.44248819181376,1005.8797622676041,1,frozen
2026-08-02 22:29:00,31.908105564422907,62.44248819181376,1005.8797622676041,1,frozen
2026-08-02 22:30:00,31.908105564422907,62.44248819181376,1005.8797622676041,1,frozen
2026-08-02 22:31:00,30.864767182449295,64.33884440962186,1006.0372001153743,0,normal
2026-08-02 22:32:00,31.22985648646517,63.07850501456659,1006.1861102656209,0,normal
2026-08-02 22:33:00,30.754085967160755,63.23280675673613,1005.8432375827706,0,normal
2026-08-02 22:34:00,30.89185117365599,62.732827315719334,1005.8132122046683,0,normal
2026-08-02 22:35:00,30.83010388546326,63.134854457274024,1005.9616754030596,0,normal
2026-08-02 22:36:00,30.584642883051437,62.203384828908874,1005.9492822620667,0,normal
2026-08-02 22:37:00,30.81091934221648,63.06788772449239,1005.920257239389,0,normal
2026-08-02 22:38:00,31.434821057514977,62.48233155988639,1005.7786396198921,0,normal
2026-08-02 22:39:00,30.54173518741761,63.03825503007639,1006.1644411802814,0,normal
2026-08-02 22:40:00,30.76675328242426,61.24052633424677,1005.880872946081,0,normal
2026-08-02 22:41:00,31.043708164806233,62.4143802520251,1006.200386662311,0,normal
2026-08-02 22:42:00,30.986097954452195,64.51628816300064,1005.9435045996432,0,normal
2026-08-02 22:43:00,30.574612941632196,64.03786989468735,1006.0554554558744,0,normal
2026-08-02 22:44:00,29.71980845743648,64.45722770109425,1006.0366627245671,0,normal
2026-08-02 22:45:00,30.718302520707752,64.54065711082548,1005.7854515873235,0,normal
2026-08-02 22:46:00,29.744082601362155,63.997392667012384,1005.9974729545329,0,normal
2026-08-02 22:47:00,31.018799012102072,63.12526862522722,1006.2760411080098,0,normal
2026-08-02 22:48:00,30.54703986235337,62.68636131832112,1005.9718055190768,0,normal
2026-08-02 22:49:00,30.82099388277144,64.46219335945962,1006.0863286730921,0,normal
2026-08-02 22:50:00,30.138734293860892,63.6251241936737,1006.0464807740723,0,normal
2026-08-02 22:51:00,29.89444234717234,65.59739618630091,1005.9745632228319,0,normal
2026-08-02 22:52:00,30.512412628594205,63.33884309140212,1005.9504723804899,0,normal
2026-08-02 22:53:00,30.39269818905706,65.23801655440711,1006.0130444479965,0,normal
2026-08-02 22:54:00,30.215713377568292,63.56307913449522,1006.0495494751473,0,normal
2026-08-02 22:55:00,30.400660170985443,64.78619787754367,1005.6664096135025,0,normal
2026-08-02 22:56:00,31.322890431137832,65.10359199593107,1005.9519637724537,0,normal
2026-08-02 22:57:00,30.629614355085515,62.95679088063988,1005.871974948173,0,normal
2026-08-02 22:58:00,30.68808117702759,63.41609662454002,1005.8323034786799,0,normal
2026-08-02 22:59:00,30.599344844195357,63.00668745329028,1006.1337308959214,0,normal
2026-08-02 23:00:00,30.804973274506256,62.87812190777839,1005.7661796572233,0,normal
2026-08-02 23:01:00,30.203815664901068,64.4247679958144,1005.6447859258058,0,normal
2026-08-02 23:02:00,29.53433846295559,63.76287862274614,1006.0367813761127,0,normal
2026-08-02 23:03:00,30.17064919828534,63.99117040112213,1005.635599407725,0,normal
2026-08-02 23:04:00,30.503896831785703,64.42339332725463,1005.5419681649952,0,normal
2026-08-02 23:05:00,29.86348005825981,62.52164531458516,1006.0502235142894,0,normal
2026-08-02 23:06:00,30.124289162785058,65.06614786456961,1005.9130525632723,0,normal
2026-08-02 23:07:00,29.926991381048044,63.78666695964327,1005.9673291591653,0,normal
2026-08-02 23:08:00,30.677901382973886,64.52109694429832,1005.800369593702,0,normal
2026-08-02 23:09:00,-7.383732679633834,111.57208668637837,1032.407786772016,1,dropout
2026-08-02 23:10:00,30.34635274043482,65.25035722787725,1005.6621284000721,0,normal
2026-08-02 23:11:00,30.31891663139104,64.09914339973093,1005.8243727522741,0,normal
2026-08-02 23:12:00,30.07134963794742,62.513452772969316,1005.6421408486715,0,normal
2026-08-02 23:13:00,30.136550648271875,64.28742178954192,1005.9242594709076,0,normal
2026-08-02 23:14:00,29.63559910052646,64.43166510057088,1005.7835741011876,0,normal
2026-08-02 23:15:00,29.2681557597453,63.473093226632194,1005.8979596209338,0,normal
2026-08-02 23:16:00,30.068924903994972,64.4479185495924,1005.8904264398627,0,normal
2026-08-02 23:17:00,30.1127687750125,64.07055662974163,1005.9299804048653,0,normal
2026-08-02 23:18:00,30.405580395690475,63.31463423575168,1005.9481301339853,0,normal
2026-08-02 23:19:00,30.5152611920732,64.95551142146084,1005.7941980741514,0,normal
2026-08-02 23:20:00,30.497739548159085,63.99684901372361,1005.887101678906,0,normal
2026-08-02 23:21:00,29.581869119148585,64.15225033610602,1005.8943658549283,0,normal
2026-08-02 23:22:00,29.79081310372733,64.13683357340948,1005.4125914889263,0,normal
2026-08-02 23:23:00,30.06514286395111,65.52484026755052,1005.9640839246774,0,normal
2026-08-02 23:24:00,30.766104311980925,64.53330241829762,1005.8726266458605,0,normal
2026-08-02 23:25:00,30.38087634522324,64.6589098065923,1005.9451038417,0,normal
2026-08-02 23:26:00,30.237527029527584,64.27273169760865,1005.6098914504162,0,normal
2026-08-02 23:27:00,29.69290140216711,65.0251602423539,1005.7826426547499,0,normal
2026-08-02 23:28:00,29.502389559625513,65.76396230289764,1005.6409753505267,0,normal
2026-08-02 23:29:00,30.070502829169428,65.23245193730172,1005.9694580451965,0,normal
2026-08-02 23:30:00,29.392022978016563,65.29332603433716,1005.5804983034964,0,normal
2026-08-02 23:31:00,29.67666507487038,65.25849899767846,1005.6642612631026,0,normal
2026-08-02 23:32:00,29.702803235238115,63.69901569451403,1005.9256058891621,0,normal
2026-08-02 23:33:00,30.283347126585305,64.1320217510239,1005.7141625520745,0,normal
2026-08-02 23:34:00,29.584531191659046,64.69864536209403,1005.6583706910885,0,normal
2026-08-02 23:35:00,28.837780516864093,64.31167337909518,1005.9867319875834,0,normal
2026-08-02 23:36:00,29.850911766241836,64.07047462690993,1005.9921625467379,0,normal
2026-08-02 23:37:00,29.412532662938904,63.45411300697073,1005.9496096645086,0,normal
2026-08-02 23:38:00,29.654941581136626,63.904388723106734,1005.9704775090455,0,normal
2026-08-02 23:39:00,29.59250104383565,64.806158704207,1005.7741089334529,0,normal
2026-08-02 23:40:00,29.50987512909305,64.98561309700892,1005.7770604415324,0,normal
2026-08-02 23:41:00,29.86511175822875,64.43649361513519,1005.6953370767393,0,normal
2026-08-02 23:42:00,29.03480837921052,65.16386607812335,1005.8402980626829,0,normal
2026-08-02 23:43:00,29.37317246161294,64.78345451462063,1005.713210813895,0,normal
2026-08-02 23:44:00,29.77635520200525,66.03278148503651,1005.7284169096408,0,normal
2026-08-02 23:45:00,29.30482520817312,65.06082828103861,1005.9124978510496,0,normal
2026-08-02 23:46:00,28.939484250229974,65.77700438467951,1006.0158904343197,0,normal
2026-08-02 23:47:00,29.71937177611049,65.41232540766717,1005.8725284825804,0,normal
2026-08-02 23:48:00,29.861270739469653,64.15791563643651,1006.1219974471334,0,normal
2026-08-02 23:49:00,29.435249231128797,65.23686676969238,1005.6702174491787,0,normal
2026-08-02 23:50:00,28.74751156827534,64.35071706642303,1005.4645752021844,0,normal
2026-08-02 23:51:00,29.66370726877095,65.28254432476493,1005.9222547848543,0,normal
2026-08-02 23:52:00,28.818468101165713,64.80276202555281,1005.6529136130532,0,normal
2026-08-02 23:53:00,29.490320598132822,65.73426324538202,1005.7408117149339,0,normal
2026-08-02 23:54:00,29.054441810257153,64.38463536387233,1005.4697564083649,0,normal
2026-08-02 23:55:00,28.941925319434343,65.50010560608645,1005.6247162107736,0,normal
2026-08-02 23:56:00,29.17601742358388,65.9761006415167,1005.5144382262426,0,normal
2026-08-02 23:57:00,29.249350901177387,66.27406679897939,1005.7049405278896,0,normal
2026-08-02 23:58:00,29.070853847554897,64.96647586469985,1005.7103826658355,0,normal
2026-08-02 23:59:00,29.485197461321476,65.62182755668327,1005.7958925106756,0,normal
2026-08-03 00:00:00,29.10585481627594,65.7847574667099,1006.001158371437,0,normal
2026-08-03 00:01:00,29.587877211128735,66.90494984425047,1005.8981708830232,0,normal
2026-08-03 00:02:00,29.326056160259782,64.5119889483572,1005.4826676712606,0,normal
2026-08-03 00:03:00,28.966339831496715,64.99796980280435,1005.8824423841678,0,normal
2026-08-03 00:04:00,28.890249667533652,68.00021476210942,1005.7914678172882,0,normal
2026-08-03 00:05:00,28.599553483012166,65.56795337870977,1005.7521065623334,0,normal
2026-08-03 00:06:00,29.260787464566654,64.30341552669714,1005.7640037516462,0,normal
2026-08-03 00:07:00,29.01778429524166,65.37994218154273,1005.8032944657091,0,normal
2026-08-03 00:08:00,28.294486322155674,63.66064721575226,1005.6403317985497,0,normal
2026-08-03 00:09:00,28.920125423231593,66.0982370571273,1005.7304557053682,0,normal
2026-08-03 00:10:00,28.775140957388988,66.5830736097966,1005.9748064030526,0,normal
2026-08-03 00:11:00,29.624873946580113,65.23565125807312,1005.6334238984265,0,normal
2026-08-03 00:12:00,28.46030519505002,65.61812684473657,1005.5731877761016,0,normal
2026-08-03 00:13:00,28.534703162702353,66.7633430197659,1005.7459120700566,0,normal
2026-08-03 00:14:00,29.410571179764194,64.6539493494837,1005.551980335216,0,normal
2026-08-03 00:15:00,29.479862715552766,65.02655451425768,1005.4438553793268,0,normal
2026-08-03 00:16:00,28.727173646219672,65.93099626214635,1005.6904374470438,0,normal
2026-08-03 00:17:00,28.749618274413663,65.54128404624828,1006.0116898446882,0,normal
2026-08-03 00:18:00,29.169470226662163,65.93770791679327,1005.7424967183007,0,normal
2026-08-03 00:19:00,28.122251636649697,65.19143613259173,1005.7801080807878,0,normal
2026-08-03 00:20:00,28.268277020174736,66.4035069902519,1005.3630674601533,0,normal
2026-08-03 00:21:00,28.80440619412396,66.14227383240252,1005.8238979410378,0,normal
2026-08-03 00:22:00,29.428102801590754,66.73060050651357,1005.7603936363696,0,normal
2026-08-03 00:23:00,28.71612424962895,66.48113865990011,1005.6224667964647,0,normal
2026-08-03 00:24:00,28.886957106121535,66.51572463032431,1005.7731355037413,0,normal
2026-08-03 00:25:00,29.231466007688258,65.22286219291917,1005.7699345463822,0,normal
2026-08-03 00:26:00,29.55507135002034,66.8034982408377,1005.5472023613219,0,normal
2026-08-03 00:27:00,28.598798369499924,66.17422964756653,1005.7962527026784,0,normal
2026-08-03 00:28:00,28.777848146791307,66.33512216703465,1005.9506235750861,0,normal
2026-08-03 00:29:00,29.404518328225592,67.33647006162363,1005.6927412376739,0,normal
2026-08-03 00:30:00,28.217099902919287,65.95174699484396,1005.5762466012864,0,normal
2026-08-03 00:31:00,29.09260663215724,67.63765834397049,1005.6991033629192,0,normal
2026-08-03 00:32:00,28.359639700789522,67.74168455329925,1005.8835637445702,0,normal
2026-08-03 00:33:00,28.73502592810892,67.21770271804758,1005.507672961371,0,normal
2026-08-03 00:34:00,28.59736828956662,65.860326226426,1005.8312392236862,0,normal
2026-08-03 00:35:00,28.33011945738296,64.92511226919707,1005.6037559334401,0,normal
2026-08-03 00:36:00,28.30449092000027,67.56651450327273,1005.7680811161016,0,normal
2026-08-03 00:37:00,28.728489525171387,66.82182947483312,1005.6216527963071,0,normal
2026-08-03 00:38:00,28.96336630158038,66.16581288348985,1005.6199034892861,0,normal
2026-08-03 00:39:00,28.552718350491055,67.73004418326232,1005.9948692045413,0,normal
2026-08-03 00:40:00,28.60587986740228,66.13114409918501,1005.4658335866516,0,normal
2026-08-03 00:41:00,28.764481489856138,66.51023677477755,1005.8056036248911,0,normal
2026-08-03 00:42:00,28.207750674390137,67.29861536701493,1006.0286561451552,0,normal
2026-08-03 00:43:00,28.789972983264104,66.01693465663291,1005.8392032459641,0,normal
2026-08-03 00:44:00,28.801131040037706,66.84931722878048,1005.4750149048846,0,normal
2026-08-03 00:45:00,29.408927809716005,67.83726736291293,1005.48274247814,0,normal
2026-08-03 00:46:00,28.349337393523864,67.16387193196148,1005.5769605467868,0,normal
2026-08-03 00:47:00,28.30397839799,68.02191962756864,1005.7395142378523,0,normal
2026-08-03 00:48:00,28.716796472236265,67.95982460373489,1005.7506097630863,0,normal
2026-08-03 00:49:00,28.717714791799413,67.08806592130206,1005.4798955386098,0,normal
2026-08-03 00:50:00,28.2271365776518,65.24138250600421,1005.5505770025107,0,normal
2026-08-03 00:51:00,28.256718032140352,66.25502538145831,1005.5604905208553,0,normal
2026-08-03 00:52:00,28.570648094811556,67.77914481627671,1005.6729185736492,0,normal
2026-08-03 00:53:00,28.075044899375712,65.95707683873005,1006.0616054292896,0,normal
2026-08-03 00:54:00,28.20447962467137,66.96468993486098,1005.5353054503188,0,normal
2026-08-03 00:55:00,28.363011484984593,67.52555955266024,1005.5263572244892,0,normal
2026-08-03 00:56:00,28.663740715162017,68.45912714322739,1005.4971865405681,0,normal
2026-08-03 00:57:00,28.087081785683452,66.85211426773087,1005.8145036322896,0,normal
2026-08-03 00:58:00,27.637407135578762,66.82596265443011,1005.6916296039049,0,normal
2026-08-03 00:59:00,27.595004552538175,67.32738180972039,1005.5367274697161,0,normal
2026-08-03 01:00:00,27.808612937097283,67.67861665103881,1005.6317338850093,0,normal
2026-08-03 01:01:00,27.77341483078868,67.30299836399148,1005.5535657712586,0,normal
2026-08-03 01:02:00,28.162548267420583,68.29428120233314,1005.7483102939643,0,normal
2026-08-03 01:03:00,27.784215260222364,66.84398274964651,1006.1772616018743,0,normal
2026-08-03 01:04:00,27.93804344012294,67.60781790086197,1005.7922650750254,0,normal
2026-08-03 01:05:00,27.896785359763783,67.89621015620284,1005.6754189472124,0,normal
2026-08-03 01:06:00,27.997269092917545,67.24816352100326,1005.5715204270928,0,normal
2026-08-03 01:07:00,28.59807876565766,68.26838589831145,1005.4484748802479,0,normal
2026-08-03 01:08:00,28.350663591029132,67.74401081437,1005.8214336801482,0,normal
2026-08-03 01:09:00,28.108431493403774,68.28410389019031,1005.8107476754599,0,normal
2026-08-03 01:10:00,27.925256139473884,67.83645070503087,1005.603671908009,0,normal
2026-08-03 01:11:00,27.918838221366443,68.01038739084608,1005.9050881453187,0,normal
2026-08-03 01:12:00,28.169060700182317,67.2314023157623,1005.6896170028585,1,frozen
2026-08-03 01:13:00,28.169060700182317,67.2314023157623,1005.6896170028585,1,frozen
2026-08-03 01:14:00,28.169060700182317,67.2314023157623,1005.6896170028585,1,frozen
2026-08-03 01:15:00,28.169060700182317,67.2314023157623,1005.6896170028585,1,frozen
2026-08-03 01:16:00,28.169060700182317,67.2314023157623,1005.6896170028585,1,frozen
2026-08-03 01:17:00,28.169060700182317,67.2314023157623,1005.6896170028585,1,frozen
2026-08-03 01:18:00,28.169060700182317,67.2314023157623,1005.6896170028585,1,frozen
2026-08-03 01:19:00,28.169060700182317,67.2314023157623,1005.6896170028585,1,frozen
2026-08-03 01:20:00,28.169060700182317,67.2314023157623,1005.6896170028585,1,frozen
2026-08-03 01:21:00,28.169060700182317,67.2314023157623,1005.6896170028585,1,frozen
2026-08-03 01:22:00,28.169060700182317,67.2314023157623,1005.6896170028585,1,frozen
2026-08-03 01:23:00,28.169060700182317,67.2314023157623,1005.6896170028585,1,frozen
2026-08-03 01:24:00,27.827896882158488,67.75648248861178,1005.459916284897,0,normal
2026-08-03 01:25:00,27.807226025668847,68.3683298375087,1005.6352571583795,0,normal
2026-08-03 01:26:00,27.868992841242747,68.49731879300117,1005.8425345635936,0,normal
2026-08-03 01:27:00,28.11258880409081,68.92229392555184,1005.4475566515935,0,normal
2026-08-03 01:28:00,28.28233824532689,68.01147272012403,1005.4807306620218,0,normal
2026-08-03 01:29:00,27.783700739592035,68.07437041049211,1005.6603233414831,0,normal
2026-08-03 01:30:00,28.05423744434822,67.16836330388963,1006.0561753105999,0,normal
2026-08-03 01:31:00,27.507677900211213,68.09754772553325,1005.5504666121406,0,normal
2026-08-03 01:32:00,28.00583155699991,67.27895761496029,1005.7600467825297,0,normal
2026-08-03 01:33:00,27.4555325230077,66.83691875260118,1005.717100543184,0,normal
2026-08-03 01:34:00,28.08847481767744,67.47401248958569,1005.5635532113996,0,normal
2026-08-03 01:35:00,28.46501459136627,69.57598848201249,1005.6980733412267,0,normal
2026-08-03 01:36:00,27.633139812279214,68.17941907783866,1005.5878735682804,0,normal
2026-08-03 01:37:00,26.893090568047676,68.59853980737444,1005.603505344011,0,normal
2026-08-03 01:38:00,27.4532998907187,68.03855267110515,1005.3683195957188,0,normal
2026-08-03 01:39:00,28.060959634810672,67.04356197252936,1005.6624002849902,0,normal
2026-08-03 01:40:00,27.80809170819193,69.25148724985239,1005.8280978482794,0,normal
2026-08-03 01:41:00,27.686379942564006,66.79137253166617,1005.676071810714,0,normal
2026-08-03 01:42:00,27.937073593539104,68.11177101479005,1005.8615126701458,0,normal
2026-08-03 01:43:00,27.73841227386702,68.53832667163566,1005.769178266483,0,normal
2026-08-03 01:44:00,27.979905981125224,68.79276250815248,1005.6535118983136,0,normal
2026-08-03 01:45:00,27.860384020250525,68.05348561466192,1005.5507246983917,0,normal
2026-08-03 01:46:00,28.056099709953735,67.19052039649554,1005.5757577537622,0,normal
2026-08-03 01:47:00,27.634037526077908,68.0461805067196,1005.3981392246635,0,normal
2026-08-03 01:48:00,27.810289835897485,68.11415107558146,1005.6143147626459,0,normal
2026-08-03 01:49:00,27.37098079753547,68.12072125777067,1005.6882385601995,0,normal
2026-08-03 01:50:00,27.253026570832848,69.54121727434443,1005.9703163722761,0,normal
2026-08-03 01:51:00,28.04600573906718,67.82019778621435,1005.756231996274,0,normal
2026-08-03 01:52:00,27.509444813518137,69.05770779255428,1005.5050663595055,0,normal
2026-08-03 01:53:00,27.70065466144931,68.96934062553301,1005.4012715005165,0,normal
2026-08-03 01:54:00,27.447466201902653,69.63677944100232,1005.6228081066837,0,normal
2026-08-03 01:55:00,27.184125170819172,68.78755552874573,1005.8057467547902,0,normal
2026-08-03 01:56:00,27.378536101887136,69.5525442154877,1005.6195718669255,0,normal
2026-08-03 01:57:00,27.86261469562295,68.80737402128989,1005.7565055947287,0,normal
2026-08-03 01:58:00,27.539714043696684,69.31810662479306,1005.6260234817867,0,normal
2026-08-03 01:59:00,26.731766437027016,67.7936134958312,1005.7873757451118,0,normal
2026-08-03 02:00:00,27.240887573134906,66.91064846700797,1005.3705108126935,0,normal
2026-08-03 02:01:00,27.925506382248575,69.34854328493235,1005.9464836148107,0,normal
2026-08-03 02:02:00,27.212394673228,69.4166170012595,1005.457209376035,0,normal
2026-08-03 02:03:00,26.642615916647305,69.47716640366353,1005.8000657672245,0,normal
2026-08-03 02:04:00,27.92095058117845,68.70184141585584,1005.6079503679782,0,normal
2026-08-03 02:05:00,27.482861254971347,70.338516490579,1005.6358559923068,0,normal
2026-08-03 02:06:00,27.205200437256476,68.80371558623649,1005.613080186942,0,normal
2026-08-03 02:07:00,27.085430710112067,69.5331276130845,1005.7022728592009,0,normal
2026-08-03 02:08:00,27.58001325343672,69.69686686543545,1005.7384159435895,0,normal
2026-08-03 02:09:00,26.99730048956178,70.62080995337057,1005.8463760775286,0,normal
2026-08-03 02:10:00,27.57473073142425,69.01678004585789,1005.909123271086,0,normal
2026-08-03 02:11:00,27.34849759704048,68.77236083417668,1005.7152538040551,0,normal
2026-08-03 02:12:00,27.230298404766284,68.12083529727785,1005.9638327279438,0,normal
2026-08-03 02:13:00,27.181562873962598,70.5856062122627,1005.6719638468043,0,normal
2026-08-03 02:14:00,27.055409574956332,69.70512642093304,1005.8490374624122,0,normal
2026-08-03 02:15:00,27.46868111626423,69.75465528585896,1005.7321491291722,0,normal
2026-08-03 02:16:00,26.78593901541136,71.90970165028027,1005.5560161266505,0,normal
2026-08-03 02:17:00,26.50728064536266,69.7004285907171,1005.6874004603142,0,normal
2026-08-03 02:18:00,27.27619767027721,68.42251243445463,1005.7452665810617,0,normal
2026-08-03 02:19:00,27.26831023693197,69.33154521679512,1005.6488292866734,0,normal
2026-08-03 02:20:00,27.201738679756556,68.73226196424928,1005.7288804055389,0,normal
2026-08-03 02:21:00,27.162681170693258,69.219133826816,1005.8102848196962,0,normal
2026-08-03 02:22:00,26.89415383495117,69.23741788992398,1005.6502775467684,0,normal
2026-08-03 02:23:00,27.26837365060419,69.11345101084035,1005.1245621255754,0,normal
2026-08-03 02:24:00,26.963266355775037,68.49194493788839,1005.9565396926871,0,normal
2026-08-03 02:25:00,26.79522445714889,70.90399168106393,1005.600885730758,0,normal
2026-08-03 02:26:00,26.84310050165861,69.89240680324654,1005.5062748318173,0,normal
2026-08-03 02:27:00,27.646080613379116,69.49620684485143,1005.4521504594608,0,normal
2026-08-03 02:28:00,26.31825559355294,70.30586850381236,1005.5939670461238,0,normal
2026-08-03 02:29:00,27.0871100522155,70.09970304327132,1005.5532816464003,0,normal
2026-08-03 02:30:00,26.311229292968406,69.96640956292653,1005.5219754483946,0,normal
2026-08-03 02:31:00,26.847816977244737,70.31677951460388,1005.5319272641373,0,normal
2026-08-03 02:32:00,26.720756946696305,69.89876881516942,1005.7501484832716,0,normal
2026-08-03 02:33:00,26.129642042157126,70.35055359307955,1006.0203569142878,0,normal
2026-08-03 02:34:00,26.98248818072614,70.43953668014869,1005.802703036431,0,normal
2026-08-03 02:35:00,26.700282717999503,69.98980680680988,1005.8571884058816,0,normal
2026-08-03 02:36:00,26.085593011296936,69.70581533510571,1005.5873194366621,0,normal
2026-08-03 02:37:00,27.101231667333657,71.12886198004381,1005.6742374394427,0,normal
2026-08-03 02:38:00,27.296751251462474,69.54454858165731,1005.7323208549763,0,normal
2026-08-03 02:39:00,27.303207747178543,70.26215960347783,1005.5370018626693,0,normal
2026-08-03 02:40:00,26.894513238860398,70.3023867675961,1005.5792710402251,0,normal
2026-08-03 02:41:00,26.77226244295552,69.50567705212181,1005.8099138781239,0,normal
2026-08-03 02:42:00,27.208310106731286,69.36904027423391,1005.8525511926173,0,normal
2026-08-03 02:43:00,27.31965255603458,69.75410254424544,1005.6686482095989,0,normal
2026-08-03 02:44:00,27.11498040640036,69.66520736478198,1005.4416138210436,0,normal
2026-08-03 02:45:00,26.3761565360715,68.91418337206834,1005.6037751918738,0,normal
2026-08-03 02:46:00,26.763679237961796,69.58110859859568,1005.3977936572062,0,normal
2026-08-03 02:47:00,26.834603766190202,70.33680934797776,1005.6710330794333,0,normal
2026-08-03 02:48:00,26.035022713665256,71.15802116068986,1005.7037444558681,0,normal
2026-08-03 02:49:00,26.820331607412417,70.6101233188368,1005.6093311302707,0,normal
2026-08-03 02:50:00,27.439320651002436,68.10823482211647,1005.7018659903215,0,normal
2026-08-03 02:51:00,26.855520940881206,70.72206536586843,1005.7337110054173,0,normal
2026-08-03 02:52:00,27.135059490866766,69.78356833387157,1005.7052266037505,0,normal
2026-08-03 02:53:00,26.67125877799934,70.61352818008119,1005.4430504721786,0,normal
2026-08-03 02:54:00,26.569538220757586,70.26063685567294,1005.6140846635118,0,normal
2026-08-03 02:55:00,26.71658815401737,70.13858208741699,1005.7338021173425,0,normal
2026-08-03 02:56:00,26.285635114710267,70.23163651308732,1005.9445684542335,0,normal
2026-08-03 02:57:00,26.22193735870756,70.3160839391603,1005.6118354625112,0,normal
2026-08-03 02:58:00,26.990602677739894,71.43005063997822,1005.760326896685,0,normal
2026-08-03 02:59:00,27.01590670301124,70.35920638028801,1005.819648361442,0,normal
2026-08-03 03:00:00,26.176944079634897,71.26367550203513,1005.6266051745318,0,normal
2026-08-03 03:01:00,26.850929099575502,71.16738716021071,1005.8691404764569,0,normal
2026-08-03 03:02:00,26.4700457882035,70.96921819465047,1005.8792590643038,0,normal
2026-08-03 03:03:00,26.607821288174673,69.02630901890689,1005.9117894827855,0,normal
2026-08-03 03:04:00,26.638425775029432,71.36883516200137,1005.7463022324199,0,normal
2026-08-03 03:05:00,26.813887545783324,70.12903522360786,1006.0890851055633,0,normal
2026-08-03 03:06:00,26.483386758759487,71.08766718345053,1005.5539971380231,0,normal
2026-08-03 03:07:00,26.936617675912526,69.75668968945658,1006.0475814922657,0,normal
2026-08-03 03:08:00,26.54003635098792,69.60618843851556,1005.8040525854124,0,normal
2026-08-03 03:09:00,26.63894272775346,72.15479112317138,1005.9075512617613,0,normal
2026-08-03 03:10:00,26.117628401155674,69.8274265099391,1005.609209315285,0,normal
2026-08-03 03:11:00,27.153648941862727,71.5291311011601,1005.8193678229723,0,normal
2026-08-03 03:12:00,26.55146109784928,70.72611449997606,1005.9247756782778,0,normal
2026-08-03 03:13:00,26.625531868407762,70.31431390698829,1005.4727654032295,0,normal
2026-08-03 03:14:00,25.802134639062515,70.63347744850195,1005.639672527282,0,normal
2026-08-03 03:15:00,26.06612757637049,69.64729408793276,1005.2842387322559,0,normal
2026-08-03 03:16:00,26.776463092991175,70.69589347499625,1005.6381688881116,0,normal
2026-08-03 03:17:00,26.432803314923234,69.8593298248361,1005.5240035969326,0,normal
2026-08-03 03:18:00,25.651813437299985,70.42768958290752,1005.632314765929,0,normal
2026-08-03 03:19:00,26.67434023532485,71.50270390046093,1006.1984082523961,0,normal
2026-08-03 03:20:00,26.10997488303259,70.98413315536038,1005.9820081876991,0,normal
2026-08-03 03:21:00,26.78367779554488,69.61325696112743,1005.4143657082969,0,normal
2026-08-03 03:22:00,26.24845042224017,71.49829263856637,1005.7741734572603,0,normal
2026-08-03 03:23:00,26.340374573128567,70.82942678641231,1005.8186340358852,0,normal
2026-08-03 03:24:00,26.6709541123763,70.419258175657,1005.6147024104218,0,normal
2026-08-03 03:25:00,25.933848888960117,71.46814221896759,1005.708328258251,0,normal
2026-08-03 03:26:00,25.89018529430312,70.75472514023419,1005.7266302376463,0,normal
2026-08-03 03:27:00,26.15867649382637,69.97354527993842,1005.4352954798062,0,normal
2026-08-03 03:28:00,26.506789885510212,72.40179983274483,1005.4927898546498,0,normal
2026-08-03 03:29:00,25.741360216661608,70.92709345432972,1005.7101976727664,0,normal
2026-08-03 03:30:00,25.61330256218042,70.89307988917312,1005.6978433457556,0,normal
2026-08-03 03:31:00,26.47542416305095,70.65126152634352,1005.5531877199078,0,normal
2026-08-03 03:32:00,25.96614652562522,71.93636850298577,1005.5385309005173,0,normal
2026-08-03 03:33:00,26.030037036413795,70.58943566127297,1005.6661594050248,0,normal
2026-08-03 03:34:00,25.507619993984846,69.79018911982065,1005.8426393611359,0,normal
2026-08-03 03:35:00,25.910108833384204,70.49995707528925,1005.6701887137833,0,normal
2026-08-03 03:36:00,26.135411639399884,72.12093642019624,1005.976883096178,0,normal
2026-08-03 03:37:00,26.454061859177926,71.74173102145959,1005.5603906610535,0,normal
2026-08-03 03:38:00,25.84892945634654,70.88841202252085,1005.721256343299,0,normal
2026-08-03 03:39:00,26.68943322445712,72.2073182947871,1005.623593015085,0,normal
2026-08-03 03:40:00,25.86030987552844,71.72324767253255,1005.7940801571655,0,normal
2026-08-03 03:41:00,25.851436759099233,70.92769186657677,1005.5484537308892,0,normal
2026-08-03 03:42:00,26.619270111641555,71.02419439239418,1006.0369748637409,0,normal
2026-08-03 03:43:00,26.145943941733993,71.43622452511855,1005.3866480961893,0,normal
2026-08-03 03:44:00,25.869524161061957,70.52299768227948,1006.0006711618025,0,normal
2026-08-03 03:45:00,25.999298321591887,71.20773673364701,1005.7090203488931,0,normal
2026-08-03 03:46:00,26.51809510883557,71.46645704852007,1005.7932078573908,0,normal
2026-08-03 03:47:00,26.548677283898513,69.88547497964015,1005.9349462123121,0,normal
2026-08-03 03:48:00,25.740678287818955,71.09888096819668,1005.8500823711207,0,normal
2026-08-03 03:49:00,26.00281649464076,71.02306888180557,1005.5652812957535,0,normal
2026-08-03 03:50:00,26.04039862920848,72.10303190631664,1005.8056963364468,0,normal
2026-08-03 03:51:00,25.65489825443953,69.81993032242195,1006.0348308458173,0,normal
2026-08-03 03:52:00,25.97189437781917,71.00516000836585,1005.5399895558946,0,normal
2026-08-03 03:53:00,25.98461245615466,70.93968420729419,1006.0820469342074,0,normal
2026-08-03 03:54:00,26.373251691888754,72.10775370884802,1005.7711951780908,0,normal
2026-08-03 03:55:00,26.388269817634637,71.31935432549119,1005.6248378358317,0,normal
2026-08-03 03:56:00,25.842004368443693,72.80544729302053,1005.5430880107434,0,normal
2026-08-03 03:57:00,25.873964725608207,71.9126073534997,1005.6647608379828,0,normal
2026-08-03 03:58:00,26.17303551776986,71.06880812600323,1005.3540859544443,0,normal
2026-08-03 03:59:00,25.727466507855507,71.60274788206245,1005.6323867084506,0,normal
2026-08-03 04:00:00,26.130120285475087,71.14168454127329,1005.660909568817,0,normal
2026-08-03 04:01:00,25.885207390029137,72.12625911826316,1005.5159588613664,0,normal
2026-08-03 04:02:00,25.568628392667716,70.38667046039099,1005.8450933690069,0,normal
2026-08-03 04:03:00,25.565033229607472,70.80704170012572,1005.6722422724962,0,normal
2026-08-03 04:04:00,26.39846989965117,71.84400347120419,1005.5983271956102,0,normal
2026-08-03 04:05:00,25.82939034943261,72.47339269660998,1005.6553711378297,0,normal
2026-08-03 04:06:00,26.450465685503357,69.74443135222602,1005.7790226310673,0,normal
2026-08-03 04:07:00,25.68883846031661,72.61868432988587,1005.7294661346571,0,normal
2026-08-03 04:08:00,25.9628680220796,71.41998256724857,1005.5913048068202,0,normal
2026-08-03 04:09:00,26.690783892569325,70.03785594905321,1005.7413029126117,0,normal
2026-08-03 04:10:00,25.47572843970051,69.15632058247779,1005.7107795218215,0,normal
2026-08-03 04:11:00,25.174111543206976,70.34682238485445,1005.5160244666707,0,normal
2026-08-03 04:12:00,26.28125217175927,71.56707693610907,1005.67043492376,0,normal
2026-08-03 04:13:00,25.534227767880072,71.54251293554286,1005.8278952913462,0,normal
2026-08-03 04:14:00,25.809095507879817,72.114062982535,1005.8278587989618,0,normal
2026-08-03 04:15:00,25.604069722808557,71.18006465023191,1005.6847507002755,0,normal
2026-08-03 04:16:00,25.89586313929966,70.74525396804903,1005.8492445923835,0,normal
2026-08-03 04:17:00,25.462250397783457,71.31312933261005,1005.5523255331149,1,frozen
2026-08-03 04:18:00,25.462250397783457,71.31312933261005,1005.5523255331149,1,frozen
2026-08-03 04:19:00,25.462250397783457,71.31312933261005,1005.5523255331149,1,frozen
2026-08-03 04:20:00,25.462250397783457,71.31312933261005,1005.5523255331149,1,frozen
2026-08-03 04:21:00,25.462250397783457,71.31312933261005,1005.5523255331149,1,frozen
2026-08-03 04:22:00,25.462250397783457,71.31312933261005,1005.5523255331149,1,frozen
2026-08-03 04:23:00,25.462250397783457,71.31312933261005,1005.5523255331149,1,frozen
2026-08-03 04:24:00,25.462250397783457,71.31312933261005,1005.5523255331149,1,frozen
2026-08-03 04:25:00,25.462250397783457,71.31312933261005,1005.5523255331149,1,frozen
2026-08-03 04:26:00,25.462250397783457,71.31312933261005,1005.5523255331149,1,frozen
2026-08-03 04:27:00,25.462250397783457,71.31312933261005,1005.5523255331149,1,frozen
2026-08-03 04:28:00,25.462250397783457,71.31312933261005,1005.5523255331149,1,frozen
2026-08-03 04:29:00,25.48586813341712,73.4913028153311,1005.700224590225,0,normal
2026-08-03 04:30:00,25.951061931577588,71.95518250780354,1005.6011012841175,0,normal
2026-08-03 04:31:00,26.20566253713777,72.78471982521185,1006.2162879068992,0,normal
2026-08-03 04:32:00,25.534485795059837,72.63659451679885,1005.8067375993043,0,normal
2026-08-03 04:33:00,25.860855737116847,71.33318330534935,1005.8344125168272,0,normal
2026-08-03 04:34:00,25.60125656503065,71.84884186115995,1005.6691826149345,0,normal
2026-08-03 04:35:00,25.807198246449808,70.81121449452408,1005.6498241768778,0,normal
2026-08-03 04:36:00,26.221524612835484,71.68288815214558,1005.9398994274968,0,normal
2026-08-03 04:37:00,25.84582581392057,71.35535733875331,1005.4551521164107,0,normal
2026-08-03 04:38:00,25.041462277391535,71.54334425783739,1005.5526031773967,0,normal
2026-08-03 04:39:00,25.8154875223814,71.2749559299413,1005.715328813753,0,normal
2026-08-03 04:40:00,26.082592437038826,71.65428880554761,1006.0045688173988,0,normal
2026-08-03 04:41:00,25.56810202849498,72.3187218898242,1005.6955135802389,0,normal
2026-08-03 04:42:00,25.98877301104354,71.80618672129229,1005.8393906039349,0,normal
2026-08-03 04:43:00,25.393470203070226,70.41900105128818,1005.771041509219,0,normal
2026-08-03 04:44:00,25.109851514424232,71.32219720175218,1006.0009541992908,0,normal
2026-08-03 04:45:00,25.674048809072872,70.71204273587195,1005.4839651740166,0,normal
2026-08-03 04:46:00,25.004792175790943,72.13115332118737,1005.9032866000578,0,normal
2026-08-03 04:47:00,25.530628580037376,72.34677615296228,1005.73661957524,0,normal
2026-08-03 04:48:00,26.060002750156166,72.15745200238459,1005.9405189290633,0,normal
2026-08-03 04:49:00,24.936320667008374,71.33025496077823,1005.6281975981196,0,normal
2026-08-03 04:50:00,25.15211381694601,72.16550040448213,1005.7816979233795,0,normal
2026-08-03 04:51:00,25.233996789179386,71.599638227916,1005.7605049258767,0,normal
2026-08-03 04:52:00,25.568386952465247,71.07273508247674,1005.6001768603081,0,normal
2026-08-03 04:53:00,25.45795938527445,72.58431848142769,1005.5518101410996,0,normal
2026-08-03 04:54:00,26.071139957503988,72.65252900335805,1005.679489782165,0,normal
2026-08-03 04:55:00,25.911016786453203,72.76442845145036,1005.8090408584764,0,normal
2026-08-03 04:56:00,25.745963809046284,71.52571132685588,1005.6511085453225,0,normal
2026-08-03 04:57:00,25.619283128133752,72.96283093649545,1005.7296490355669,0,normal
2026-08-03 04:58:00,25.701708086697458,71.63129877142737,1005.4513383032825,0,normal
2026-08-03 04:59:00,25.258219965046397,72.55566159255238,1005.7257943886267,0,normal
2026-08-03 05:00:00,25.855844586039858,71.63069871788299,1005.9784964929585,0,normal
2026-08-03 05:01:00,25.162583763270376,71.86668365234677,1005.9229328303987,0,normal
2026-08-03 05:02:00,25.84023067480487,70.11523973495237,1005.7821138288995,0,normal
2026-08-03 05:03:00,25.95911932814763,71.81683606819875,1005.8433865822624,0,normal
2026-08-03 05:04:00,25.61396410426069,72.13729509572828,1005.6522214206761,0,normal
2026-08-03 05:05:00,25.47475034315647,71.74231165950627,1006.095496318397,0,normal
2026-08-03 05:06:00,25.672868243235442,73.48110167480206,1006.1770935108667,0,normal
2026-08-03 05:07:00,24.527634709374755,71.15184974464312,1005.8363732355491,0,normal
2026-08-03 05:08:00,25.631434440436514,71.6365004337005,1006.2748469500482,0,normal
2026-08-03 05:09:00,25.482519709322684,71.36888145855137,1005.6879189624933,0,normal
2026-08-03 05:10:00,25.5010949898538,71.64704329643034,1005.5869955652176,0,normal
2026-08-03 05:11:00,25.762794161408852,72.92835177274131,1005.6863053178735,0,normal
2026-08-03 05:12:00,25.48610339743011,73.29067421252564,1005.7763868139705,0,normal
2026-08-03 05:13:00,25.11003669648468,71.55251305965021,1006.233934188543,0,normal
2026-08-03 05:14:00,25.45652662738951,71.53951030940325,1005.7690303701827,0,normal
2026-08-03 05:15:00,25.5266423869217,71.19685335350576,1005.6667874032279,0,normal
2026-08-03 05:16:00,25.540277229867232,73.17209515622551,1005.661698900237,0,normal
2026-08-03 05:17:00,25.55384656788289,73.02825150773158,1006.0305311058565,0,normal
2026-08-03 05:18:00,25.858150464602147,72.05091415518773,1006.0067566326034,0,normal
2026-08-03 05:19:00,25.111527840359443,71.02294224864251,1005.7417809741704,0,normal
2026-08-03 05:20:00,25.550475897212436,71.09848388360507,1005.4934601502156,0,normal
2026-08-03 05:21:00,25.93786914603021,72.2841800710842,1005.6298981859528,0,normal
2026-08-03 05:22:00,24.87676499223672,72.59087959212549,1006.1448221129496,0,normal
2026-08-03 05:23:00,25.544312908778746,70.50209626150003,1005.9609462806445,0,normal
2026-08-03 05:24:00,25.274183976475975,71.9014370590758,1005.8507159649045,0,normal
2026-08-03 05:25:00,25.347020062842066,73.45646454977864,1006.1773043365343,0,normal
2026-08-03 05:26:00,25.15786071499462,71.99103322940407,1006.1954039101615,0,normal
2026-08-03 05:27:00,25.41304766632745,73.35983366969248,1005.8384362113638,0,normal
2026-08-03 05:28:00,26.114749421714727,72.69031249069647,1005.843751899712,0,normal
2026-08-03 05:29:00,25.025751365012837,71.30647403031787,1005.7441651841131,0,normal
2026-08-03 05:30:00,25.0570030496384,71.94245248012233,1005.7997330339009,0,normal
2026-08-03 05:31:00,25.00882656238331,72.07619555805022,1005.585460412213,0,normal
2026-08-03 05:32:00,26.06730975270677,71.41957271117995,1005.586775860701,0,normal
2026-08-03 05:33:00,25.29917675019728,71.40798810180534,1005.5470225057215,0,normal
2026-08-03 05:34:00,25.450376898957416,73.39146744324556,1006.0543466249501,0,normal
2026-08-03 05:35:00,25.316804114383245,71.40620357838041,1005.5801875676577,0,normal
2026-08-03 05:36:00,25.125730381922796,73.05274985744778,1006.2143163026634,0,normal
2026-08-03 05:37:00,25.372548600328965,71.84259171845638,1005.7339472810838,0,normal
2026-08-03 05:38:00,26.313882236027254,72.17291549227605,1006.1802395631779,0,normal
2026-08-03 05:39:00,25.939440170863502,72.64441946610579,1005.8039171168309,0,normal
2026-08-03 05:40:00,25.1524782295816,71.71748326143992,1005.5898326126951,0,normal
2026-08-03 05:41:00,25.67652127622902,72.65190918687007,1006.1049547544573,0,normal
2026-08-03 05:42:00,25.15777401403658,70.56156675848203,1006.1283476495756,0,normal
2026-08-03 05:43:00,24.826087736674182,72.55147043683597,1005.7150688767373,0,normal
2026-08-03 05:44:00,25.80372744888845,70.22574364309803,1005.8206157792209,0,normal
2026-08-03 05:45:00,25.85208614187045,72.01982277197452,1005.7194339330579,0,normal
2026-08-03 05:46:00,25.811399759046378,72.88529613388133,1005.8629552687582,0,normal
2026-08-03 05:47:00,25.280129273395264,72.70020875479973,1005.9062410237146,0,normal
2026-08-03 05:48:00,25.385584061606966,71.1639840559908,1005.8257733347608,0,normal
2026-08-03 05:49:00,25.705819791873363,71.26719001175101,1005.5638211207057,0,normal
2026-08-03 05:50:00,25.579944564328546,71.65206214399842,1005.7888713332378,0,normal
2026-08-03 05:51:00,25.304739763545026,72.35191987237606,1006.022279750349,0,normal
2026-08-03 05:52:00,24.875502491900512,70.57721719825678,1005.860269916268,0,normal
2026-08-03 05:53:00,25.481771518278833,72.19187062448088,1005.8411666531841,0,normal
2026-08-03 05:54:00,25.819378962759032,72.45114789415996,1005.734808964467,0,normal
2026-08-03 05:55:00,25.022452888859256,71.97499874603136,1005.7947908897156,0,normal
2026-08-03 05:56:00,25.66513058050976,72.62097855951203,1006.1604707790018,0,normal
2026-08-03 05:57:00,25.557633195260806,72.3788636204195,1005.7039687600826,0,normal
2026-08-03 05:58:00,25.704247088129158,71.76559262741884,1006.0411539057636,0,normal
2026-08-03 05:59:00,25.747060993402926,70.64886554107169,1005.9221612783821,0,normal
2026-08-03 06:00:00,25.199053872899785,72.30331776523857,1005.960051329011,0,normal
2026-08-03 06:01:00,24.87650080987963,71.43276658058882,1005.7864638033558,0,normal
2026-08-03 06:02:00,25.256097396948967,71.73106167601678,1005.8572789580119,0,normal
2026-08-03 06:03:00,25.7544891456791,72.57541341453255,1005.921888599442,0,normal
2026-08-03 06:04:00,25.254131277116315,73.32422840559495,1005.8315258964884,0,normal
2026-08-03 06:05:00,25.201528225222297,72.15803068904029,1005.9872397895513,0,normal
2026-08-03 06:06:00,24.807654180379075,72.6297172145144,1006.0122654090089,0,normal
2026-08-03 06:07:00,26.05930950035072,71.02873793949676,1006.3233662402573,0,normal
2026-08-03 06:08:00,25.735711308779152,72.37846589717729,1005.9847141737744,0,normal
2026-08-03 06:09:00,25.71707640328417,72.131717501028,1005.5928054414593,0,normal
2026-08-03 06:10:00,25.787290542648293,73.16048918173229,1006.1487299072712,0,normal
2026-08-03 06:11:00,25.651480976104203,71.74207490071028,1005.9050752845493,0,normal
2026-08-03 06:12:00,25.365236858989466,71.9783359038324,1006.3063122384333,0,normal
2026-08-03 06:13:00,25.394625917274194,73.01577169502967,1006.2113338649643,0,normal
2026-08-03 06:14:00,25.30355967705589,72.09203707742344,1005.858029213743,0,normal
2026-08-03 06:15:00,26.376702742670332,71.2754049236183,1006.0813377835657,0,normal
2026-08-03 06:16:00,25.65052135267166,74.20046855543609,1005.8469093272946,0,normal
2026-08-03 06:17:00,25.295103004209903,71.29284169120494,1005.9567395771608,0,normal
2026-08-03 06:18:00,25.621910363856994,72.10037992719958,1006.080374443869,0,normal
2026-08-03 06:19:00,25.106807985122217,72.42578480441041,1006.1614871088138,0,normal
2026-08-03 06:20:00,25.98888731124849,72.35869284415259,1006.1247419320579,0,normal
2026-08-03 06:21:00,25.232705828750582,71.98883877735712,1005.9795687154931,0,normal
2026-08-03 06:22:00,25.64130212331965,71.98873077268915,1006.4155604414107,0,normal
2026-08-03 06:23:00,25.84092871555083,71.94436941066341,1005.905321853559,0,normal
2026-08-03 06:24:00,25.604491927649782,71.23521424106606,1005.6842186009256,0,normal
2026-08-03 06:25:00,25.504945848965335,73.843653799513,1005.7213658007554,0,normal
2026-08-03 06:26:00,25.47779247124393,71.94287355825925,1006.243837766681,0,normal
2026-08-03 06:27:00,25.45645967350592,72.59166980669127,1005.9672312638346,0,normal
2026-08-03 06:28:00,25.276643778050257,71.84153239546349,1006.0121792366007,0,normal
2026-08-03 06:29:00,25.323515064770948,71.82044445819447,1005.8884223400566,0,normal
2026-08-03 06:30:00,26.001108683252554,71.73477232432184,1005.9071255680997,0,normal
2026-08-03 06:31:00,25.447753735242586,70.85399372745978,1005.8494777302001,0,normal
2026-08-03 06:32:00,25.213274027827186,71.95998789775923,1006.0785126676029,0,normal
2026-08-03 06:33:00,25.31023133280184,71.75736459309992,1005.9787352076224,0,normal
2026-08-03 06:34:00,25.87876954529103,73.01454779386754,1006.0771301381502,0,normal
2026-08-03 06:35:00,25.732877929984365,71.1141972367344,1006.0625011328488,0,normal
2026-08-03 06:36:00,25.695378046956705,71.60394052089349,1005.9273245508936,0,normal
2026-08-03 06:37:00,25.412049003556174,71.34087872553691,1005.7439991260303,0,normal
2026-08-03 06:38:00,44.688287211440326,73.20750027251151,1005.730922013138,1,spike
2026-08-03 06:39:00,25.282986037221665,71.3516662031058,1006.5565658849087,0,normal
2026-08-03 06:40:00,25.420499807483914,72.49062210322263,1006.2804498024385,0,normal
2026-08-03 06:41:00,25.85399967558556,72.81037306729283,1006.258228724419,0,normal
2026-08-03 06:42:00,25.823839709002407,71.91067974161338,1005.8981911827433,0,normal
2026-08-03 06:43:00,25.17751945097152,70.91933610406494,1006.0239639411204,0,normal
2026-08-03 06:44:00,25.22516990161171,70.92254143707741,1005.8781258725551,0,normal
2026-08-03 06:45:00,25.56613699086168,72.69462831616156,1005.7913625589194,0,normal
2026-08-03 06:46:00,26.13579538536133,70.99116744870996,1005.9242114075425,0,normal
2026-08-03 06:47:00,24.864829727208775,72.30596275189038,1006.271564353603,0,normal
2026-08-03 06:48:00,25.63639313062135,72.07639289319006,1006.1868527284887,0,normal
2026-08-03 06:49:00,25.061131010594803,72.27906522365276,1005.8635844771026,0,normal
2026-08-03 06:50:00,25.324570331749094,72.3469463499578,1005.9842078053769,0,normal
2026-08-03 06:51:00,25.422946582719273,71.21493493070237,1006.1784054337356,0,normal
2026-08-03 06:52:00,25.40729922254571,71.17351600957174,1005.9434839406684,0,normal
2026-08-03 06:53:00,25.371699357821377,72.51782134995297,1006.063286774733,0,normal
2026-08-03 06:54:00,25.565171296805445,71.43421929723885,1006.1240031490044,0,normal
2026-08-03 06:55:00,25.379500274788995,69.72926594845113,1006.1247543338579,0,normal
2026-08-03 06:56:00,25.059240456433642,72.43995331272215,1006.1028560746932,0,normal
2026-08-03 06:57:00,25.84838555492599,71.08337911738865,1005.9421742758202,0,normal
2026-08-03 06:58:00,25.84333683932341,72.27741083216202,1005.9634009859202,0,normal
2026-08-03 06:59:00,25.879412628637226,73.00914866976758,1005.8612628270786,0,normal
2026-08-03 07:00:00,25.04958414161965,71.8993654674148,1005.787029315186,0,normal
2026-08-03 07:01:00,25.698071625304237,72.67350790378846,1006.0501719119956,0,normal
2026-08-03 07:02:00,25.83472129364182,71.99074872245616,1006.2205168502177,0,normal
2026-08-03 07:03:00,25.24195566089274,73.12834516238928,1005.8279093420895,0,normal
2026-08-03 07:04:00,25.610903882571346,70.99928309896491,1006.1282719984791,0,normal
2026-08-03 07:05:00,25.57188585112247,71.83284003634171,1006.2231536311575,0,normal
2026-08-03 07:06:00,26.262286808149003,72.36826087478345,1005.7540976578994,0,normal
2026-08-03 07:07:00,26.296131458348373,71.66759827974215,1006.0388013557015,0,normal
2026-08-03 07:08:00,25.045125638924702,72.73177569333906,1006.3866264696786,0,normal
2026-08-03 07:09:00,26.505686018321633,71.45431858506933,1006.1924671275841,0,normal
2026-08-03 07:10:00,25.317712305950092,73.44527396494529,1005.7592509677194,0,normal
2026-08-03 07:11:00,25.98657514820002,73.47723917901402,1006.2172562357285,0,normal
2026-08-03 07:12:00,25.98838031130488,71.99472041058245,1005.9669907236284,0,normal
2026-08-03 07:13:00,25.30564918730977,72.20060310536967,1006.2288531125843,0,normal
2026-08-03 07:14:00,25.832287357744327,72.70119657234878,1005.9830439385332,0,normal
2026-08-03 07:15:00,25.627577684420604,70.78731689087503,1006.1005598489123,0,normal
2026-08-03 07:16:00,25.86486874940228,70.67656851854059,1006.0162012321997,0,normal
2026-08-03 07:17:00,25.757295079089815,72.7202759282684,1006.1163867396994,0,normal
2026-08-03 07:18:00,26.10105277469384,71.92318260450745,1006.0165734829442,0,normal
2026-08-03 07:19:00,25.714565514750067,71.511517638067,1006.0813187090961,0,normal
2026-08-03 07:20:00,25.635328889380222,71.69022968532228,1005.9128244511685,0,normal
2026-08-03 07:21:00,26.083683733120523,69.76098649506466,1006.2156358897284,0,normal
2026-08-03 07:22:00,25.90924345433579,71.50573809768173,1006.161758327807,0,normal
2026-08-03 07:23:00,25.968350224049797,71.04399870744705,1005.8421270123898,0,normal
2026-08-03 07:24:00,25.485787800303388,72.36902165774563,1006.3147295697632,0,normal
2026-08-03 07:25:00,25.3587955663872,72.41859755966557,1006.107180427016,0,normal
2026-08-03 07:26:00,25.53224587205727,72.07180627829122,1006.1709430694084,0,normal
2026-08-03 07:27:00,25.52003876961299,71.91459896816244,1006.2823663747333,0,normal
2026-08-03 07:28:00,26.018940051914438,70.38800565087949,1006.2067541382397,0,normal
2026-08-03 07:29:00,26.09187506919074,72.04592979797484,1006.360338156934,0,normal
2026-08-03 07:30:00,25.70256155265616,72.06434750099687,1006.1007452089144,0,normal
2026-08-03 07:31:00,26.264321338724212,72.5442788500566,1006.3426782353632,0,normal
2026-08-03 07:32:00,26.249172389623638,73.22987017898375,1006.1815556161067,0,normal
2026-08-03 07:33:00,25.86217189828686,70.16831366167058,1006.25375710417,0,normal
2026-08-03 07:34:00,25.49615995261971,71.19852313324665,1006.2379958731607,0,normal
2026-08-03 07:35:00,26.342109176509656,70.90231645346248,1006.3916392139681,0,normal
2026-08-03 07:36:00,25.77634189515426,71.6208437163564,1006.3011326826555,0,normal
2026-08-03 07:37:00,25.848891607422544,71.48015094673762,1006.0945245031728,0,normal
2026-08-03 07:38:00,25.6929729105769,71.26863884957133,1006.0618083576729,0,normal
2026-08-03 07:39:00,25.507573853543303,72.26434686194274,1006.1712678842559,0,normal
2026-08-03 07:40:00,25.3122072385903,70.54737495138386,1006.0463980134153,0,normal
2026-08-03 07:41:00,26.05503015182549,70.58173644469196,1005.9968197227819,0,normal
2026-08-03 07:42:00,25.56669555048357,70.58126532106594,1005.8061682924273,0,normal
2026-08-03 07:43:00,26.91914586389336,71.09828028092657,1005.9133591974639,0,normal
2026-08-03 07:44:00,25.47567237888539,70.38945215939836,1006.5526137023385,0,normal
2026-08-03 07:45:00,25.423266500085763,71.31913456766286,1006.0800898497433,0,normal
2026-08-03 07:46:00,26.049515033404468,71.21115275408071,1006.5439073272152,0,normal
2026-08-03 07:47:00,26.413906047670398,70.69977197558583,1006.2768820885979,0,normal
2026-08-03 07:48:00,25.908996133732778,72.01332251656173,1006.1983927795301,0,normal
2026-08-03 07:49:00,26.09448144631446,71.25192111256865,1005.9402804086245,0,normal
2026-08-03 07:50:00,25.256825114059374,72.13473831166878,1006.2142749475602,0,normal
2026-08-03 07:51:00,25.672870888178345,71.11356657829475,1006.5570779188561,0,normal
2026-08-03 07:52:00,25.542230592465742,71.2351240334492,1006.4999147941596,0,normal
2026-08-03 07:53:00,25.26278900839334,70.78901524559737,1006.2719634893779,0,normal
2026-08-03 07:54:00,25.975119724752,71.2182531995012,1006.0189055571217,0,normal
2026-08-03 07:55:00,25.157371028863093,71.7782130756153,1006.0564463785684,0,normal
2026-08-03 07:56:00,25.487838465171844,70.86378688094456,1006.0783448004523,0,normal
2026-08-03 07:57:00,25.77089772106805,71.591899013346,1006.4649592917302,0,normal
2026-08-03 07:58:00,25.6763359751838,70.51117629693222,1006.5316860039954,0,normal
2026-08-03 07:59:00,26.114461268616008,71.75270829406276,1006.2763267717738,0,normal
2026-08-03 08:00:00,26.091165273361913,70.66552701876961,1006.1896061014929,0,normal
2026-08-03 08:01:00,26.305597149730993,71.79466959308084,1006.5260277372363,0,normal
2026-08-03 08:02:00,26.264718576334822,71.14587143116157,1006.0742205950819,0,normal
2026-08-03 08:03:00,26.409346554680344,72.29750849153935,1006.2628006997526,0,normal
2026-08-03 08:04:00,26.018129401564625,70.14103775450202,1006.3399196998822,0,normal
2026-08-03 08:05:00,26.133813800871547,69.86678839088388,1006.1043996477604,0,normal
2026-08-03 08:06:00,26.2154903311909,70.5380856525158,1006.1483617192656,0,normal
2026-08-03 08:07:00,26.094960959373005,69.90659242084996,1006.1374805889601,0,normal
2026-08-03 08:08:00,25.915343939193296,69.89120741050898,1006.5240957804733,0,normal
2026-08-03 08:09:00,25.9470479672755,71.47764282664667,1006.6168071355738,0,normal
2026-08-03 08:10:00,64.73645885336292,1.3123230337336143,1043.8070173614694,1,dropout
2026-08-03 08:11:00,26.22923006167864,70.56235078275623,1006.230227165166,0,normal
2026-08-03 08:12:00,26.057978908194166,70.61921260757781,1006.1736844572089,0,normal
2026-08-03 08:13:00,25.868052803830082,70.43357375608149,1006.2851238812343,0,normal
2026-08-03 08:14:00,25.877716492741605,72.21413484372675,1006.1889276449043,0,normal
2026-08-03 08:15:00,25.69526016814879,70.2878053261321,1006.2736644201417,0,normal
2026-08-03 08:16:00,26.470950529868084,69.80076826047888,1006.3686783307671,0,normal
2026-08-03 08:17:00,26.165387189198693,71.47747680866921,1006.2245108740448,0,normal
2026-08-03 08:18:00,25.8454643608697,70.65008854791112,1006.2665163228564,0,normal
2026-08-03 08:19:00,26.44006767183234,72.43566487488698,1006.2704394934507,0,normal
2026-08-03 08:20:00,25.97060850605349,70.36553078654815,1006.2498431324025,0,normal
2026-08-03 08:21:00,25.684237846566244,71.44502886482778,1006.2307312729279,0,normal
2026-08-03 08:22:00,26.543745997494984,71.61564281380986,1006.4505786766997,0,normal
2026-08-03 08:23:00,26.008196839969134,70.31435727392076,1005.9978462245737,0,normal
2026-08-03 08:24:00,26.06298595960337,70.1185282369126,1006.6031484972619,0,normal
2026-08-03 08:25:00,26.230490571897228,71.28729526988906,1006.3473767971019,0,normal
2026-08-03 08:26:00,26.62601758794271,71.1353514188417,1006.4359919537175,0,normal
2026-08-03 08:27:00,26.243214880334044,69.52808465385053,1006.4599139795538,0,normal
2026-08-03 08:28:00,25.826657777030672,69.73485845286673,1006.2051643775661,0,normal
2026-08-03 08:29:00,26.446908939005258,68.58939693201796,1006.1712493602902,0,normal
2026-08-03 08:30:00,26.0970648727797,71.07568451073715,1006.1532480964546,0,normal
2026-08-03 08:31:00,26.937899824862757,70.37064785501042,1006.2978107498894,0,normal
2026-08-03 08:32:00,26.28710535701207,70.43102471989705,1006.4713699946032,0,normal
2026-08-03 08:33:00,25.515661122086108,69.18812646759733,1006.243669834778,0,normal
2026-08-03 08:34:00,26.433482829382232,69.64323817293862,1006.4614122051065,0,normal
2026-08-03 08:35:00,26.9995509086747,70.11969323613285,1005.9289998294418,0,normal
2026-08-03 08:36:00,26.881105216412703,69.94444258042883,1006.2890682868984,0,normal
2026-08-03 08:37:00,26.981013183577197,70.55671738325728,1006.5718034063542,0,normal
2026-08-03 08:38:00,25.99396360801244,70.90927164062062,1006.3341956746676,0,normal
2026-08-03 08:39:00,26.680887714379466,72.23813935351119,1006.2189799753482,0,normal
2026-08-03 08:40:00,26.119744990473116,70.38629176511456,1006.2532528367784,0,normal
2026-08-03 08:41:00,26.46180686064825,71.27438793481932,1005.8297027731522,0,normal
2026-08-03 08:42:00,25.948688286305675,69.69775271582195,1006.1958880955148,0,normal
2026-08-03 08:43:00,26.17963154336243,69.0013441319166,1006.5715848779867,0,normal
2026-08-03 08:44:00,26.179527285043957,70.03893562385508,1006.2796852458297,0,normal
2026-08-03 08:45:00,26.74178347171149,69.02198123432845,1006.3042113709814,0,normal
2026-08-03 08:46:00,26.71866901942739,70.29118512091658,1005.9713820412356,0,normal
2026-08-03 08:47:00,26.54648492508917,69.63427798016684,1006.1008395445614,0,normal
2026-08-03 08:48:00,25.988183486452602,68.67432598170377,1006.611884512732,0,normal
2026-08-03 08:49:00,26.363042192991365,71.60557254437694,1006.5120770764066,0,normal
2026-08-03 08:50:00,26.222312065303583,69.76562032733658,1006.1707167327872,0,normal
2026-08-03 08:51:00,26.799227793223274,68.86439986923996,1006.2940474470063,0,normal
2026-08-03 08:52:00,26.918645801757062,70.87176711329059,1006.4055972445237,0,normal
2026-08-03 08:53:00,26.887507039406763,69.54898172930335,1006.1988461002429,0,normal
2026-08-03 08:54:00,26.26498719898579,70.98255916930859,1006.0567070230408,0,normal
2026-08-03 08:55:00,25.582070018295138,69.50217399937411,1006.3921018539488,0,normal
2026-08-03 08:56:00,25.934113038308173,69.63454486032302,1006.5271390053838,0,normal
2026-08-03 08:57:00,27.061812484245724,70.32141276684615,1006.5339164284752,0,normal
2026-08-03 08:58:00,26.435547170642064,70.49831855426505,1006.5882403606353,0,normal
2026-08-03 08:59:00,26.325025928298455,70.61663737783405,1006.1543756853902,0,normal
2026-08-03 09:00:00,27.17455334912083,69.90807692889399,1006.4477595059084,0,normal
2026-08-03 09:01:00,27.054320253212556,70.3806952102355,1006.3923398619821,0,normal
2026-08-03 09:02:00,26.632012441762456,70.53214968208653,1006.4282880727728,0,normal
2026-08-03 09:03:00,26.53275428079761,70.07386047233439,1006.4091965014054,0,normal
2026-08-03 09:04:00,26.60124853348145,69.77695086979965,1006.3317686004114,0,normal
2026-08-03 09:05:00,26.739077918435584,68.71242786904922,1005.9107817142965,0,normal
2026-08-03 09:06:00,27.231722617344765,70.32550432453759,1006.6664505560998,0,normal
2026-08-03 09:07:00,26.831752708303327,69.85732027178531,1006.5200594792894,0,normal
2026-08-03 09:08:00,26.950229984680202,69.47002052510388,1006.1968315532027,0,normal
2026-08-03 09:09:00,27.11764250735385,70.80037421443966,1006.5525123939111,0,normal
2026-08-03 09:10:00,26.311336707165896,68.61305859843813,1006.3901812961179,0,normal
2026-08-03 09:11:00,26.99729725914627,71.04763584706018,1006.3986310606839,0,normal
2026-08-03 09:12:00,26.64241553056103,69.69158681645098,1006.3390837845762,0,normal
2026-08-03 09:13:00,25.877346739608146,69.94033642874444,1006.5774006197885,0,normal
2026-08-03 09:14:00,26.025632403387263,69.34712129189745,1006.3401419681123,0,normal
2026-08-03 09:15:00,26.426708240647137,68.30625165267281,1006.290039365945,0,normal
2026-08-03 09:16:00,26.981580927186,69.50489461685626,1006.6945453637926,0,normal
2026-08-03 09:17:00,26.84813152185249,69.86097062159975,1006.461996590388,0,normal
2026-08-03 09:18:00,26.885524135151073,70.1106672765009,1006.4710138658947,0,normal
2026-08-03 09:19:00,27.51656510878401,69.38769310363205,1006.6255733232712,0,normal
2026-08-03 09:20:00,26.40233736624583,67.76844151055768,1006.3841347025051,0,normal
2026-08-03 09:21:00,-10.842951014118801,-3.5575682068794086,1035.080968885572,1,dropout
2026-08-03 09:22:00,26.978772065041262,71.11656130058856,1006.5660764676744,0,normal
2026-08-03 09:23:00,26.627440597793072,68.57703623598667,1006.2369765701295,0,normal
2026-08-03 09:24:00,26.908010840331166,70.56874683815373,1006.5576012199842,0,normal
2026-08-03 09:25:00,26.35111798473498,68.65580342334998,1006.3851561835445,0,normal
2026-08-03 09:26:00,27.41761442684441,69.23299738791455,1006.678552137236,0,normal
2026-08-03 09:27:00,26.69867212863529,69.85494225549442,1006.6263512317539,0,normal
2026-08-03 09:28:00,27.66135996726637,68.6743583228635,1006.6059572056325,0,normal
2026-08-03 09:29:00,26.95217904360495,70.57994939320476,1006.2454744874583,0,normal
2026-08-03 09:30:00,27.33658115471913,69.3423490210962,1006.5195062585257,0,normal
2026-08-03 09:31:00,26.971365696876898,69.62596218216915,1006.3296016451893,0,normal
2026-08-03 09:32:00,26.992562339350634,69.01863766595667,1006.5382680992309,0,normal
2026-08-03 09:33:00,26.81225481935607,69.73506834372563,1006.1315489833124,0,normal
2026-08-03 09:34:00,27.071742031850846,70.44642270139516,1006.2743469563392,0,normal
2026-08-03 09:35:00,27.154772674203997,69.05358418906309,1006.7691219383056,0,normal
2026-08-03 09:36:00,26.782447769605994,70.51753611763507,1006.6249262375419,0,normal
2026-08-03 09:37:00,27.02667819794425,68.61957118381405,1006.4982122120853,0,normal
2026-08-03 09:38:00,26.870454751809305,69.6951360918543,1006.4017292555301,0,normal
2026-08-03 09:39:00,27.90245724210495,69.45009212974024,1006.3735428962698,0,normal
2026-08-03 09:40:00,27.079794097421438,68.17880686100114,1006.6081437126836,0,normal
2026-08-03 09:41:00,27.665695489697,69.17952308815596,1006.5136704325968,0,normal
2026-08-03 09:42:00,27.070099844579683,68.98910231714184,1006.8573307778559,0,normal
2026-08-03 09:43:00,27.243060545457674,68.27532199693022,1006.5490882855721,0,normal
2026-08-03 09:44:00,26.703613175227087,69.21887627796045,1006.5963283167171,0,normal
2026-08-03 09:45:00,27.023434172659663,69.02403747591823,1006.3392422483149,0,normal
2026-08-03 09:46:00,27.26745367481504,68.82340120090576,1006.5276625969316,0,normal
2026-08-03 09:47:00,27.762762551690347,68.8010076113415,1006.6278638047007,0,normal
2026-08-03 09:48:00,27.29928729361575,68.7581946135188,1006.5323220965474,0,normal
2026-08-03 09:49:00,27.719864726647938,68.5103112633607,1006.5154298088248,0,normal
2026-08-03 09:50:00,27.47382396360093,68.89054178237261,1006.6651073144261,0,normal
2026-08-03 09:51:00,27.833202041720877,68.23768259071106,1006.882353595256,0,normal
2026-08-03 09:52:00,27.257025944203562,70.85233741944835,1006.6392028690182,0,normal
2026-08-03 09:53:00,28.128383891528788,67.57343601143396,1006.8224860154685,0,normal
2026-08-03 09:54:00,27.136068294548533,68.20706394908602,1006.7318461080838,0,normal
2026-08-03 09:55:00,27.051881870963882,68.24414725870817,1006.8185675462275,0,normal
2026-08-03 09:56:00,26.910846811207794,70.25496224186524,1006.5170616436259,0,normal
2026-08-03 09:57:00,28.16448071065658,67.54022530431628,1006.59299257362,0,normal
2026-08-03 09:58:00,27.64972018677716,68.91077583294981,1006.5971695442324,0,normal
2026-08-03 09:59:00,27.26029715590683,68.74239818493055,1006.7354288947356,0,normal
2026-08-03 10:00:00,27.828757369302604,68.78415019591164,1006.7831644158871,0,normal
2026-08-03 10:01:00,27.6466855600332,69.47986929652915,1006.6664722182472,0,normal
2026-08-03 10:02:00,28.108565356934047,69.43692617869677,1006.8052021336816,0,normal
2026-08-03 10:03:00,26.893139993269546,68.07690718067985,1006.5494289495322,0,normal
2026-08-03 10:04:00,27.356499204237345,68.56623909651138,1006.813631030107,0,normal
2026-08-03 10:05:00,27.302019247789822,66.89303906885094,1006.8405439848243,0,normal
2026-08-03 10:06:00,26.787671735402235,68.43683424141328,1006.7830835715358,0,normal
2026-08-03 10:07:00,27.864166300489785,67.695551535558,1006.6887214337261,0,normal
2026-08-03 10:08:00,27.413035973796145,68.15476500542349,1006.796406385409,0,normal
2026-08-03 10:09:00,27.781200277969187,66.92864647087107,1006.5105253342682,0,normal
2026-08-03 10:10:00,28.362935434479503,68.57386048089776,1006.710589907758,0,normal
2026-08-03 10:11:00,27.428096894281545,66.86567258129483,1006.7324157281171,0,normal
2026-08-03 10:12:00,27.419076312959334,68.31446683308297,1006.4424507152746,0,normal
2026-08-03 10:13:00,27.62279044149269,67.1874935340622,1006.7706289131048,0,normal
2026-08-03 10:14:00,27.941602848218032,67.46179182045034,1006.4638570808696,0,normal
2026-08-03 10:15:00,27.412554887874673,69.03804527926195,1006.6150603232292,0,normal
2026-08-03 10:16:00,27.404935650804447,68.55729774156852,1006.7026841868486,0,normal
2026-08-03 10:17:00,28.01068551944243,68.9789790528952,1006.5674366648183,0,normal
2026-08-03 10:18:00,27.78811911568403,69.28000130935168,1006.7172713140673,0,normal
2026-08-03 10:19:00,26.95489526009253,67.38650213424987,1006.7178345623519,0,normal
2026-08-03 10:20:00,27.25664625381454,69.17645489686969,1006.5616646406068,0,normal
2026-08-03 10:21:00,28.22597730796467,66.77732901456505,1006.8149760553861,0,normal
2026-08-03 10:22:00,27.856258875518076,68.5190218216192,1006.5786360556889,0,normal
2026-08-03 10:23:00,27.463882178000482,67.49983197585632,1007.1314634145564,0,normal
2026-08-03 10:24:00,27.686101415138022,67.12257574418565,1006.703365838077,0,normal
2026-08-03 10:25:00,27.76549864261024,68.33065911916461,1006.5156832487852,0,normal
2026-08-03 10:26:00,28.033520172107128,68.56726600871409,1006.5527789861532,0,normal
2026-08-03 10:27:00,27.31579537937939,68.51569579826287,1006.939969408699,0,normal
2026-08-03 10:28:00,27.512055528588824,67.92750057930766,1006.6632021321567,0,normal
2026-08-03 10:29:00,27.91714819363826,67.83326591003504,1006.4948165021638,0,normal
2026-08-03 10:30:00,27.8019230256617,68.12123710337312,1006.8974068663483,0,normal
2026-08-03 10:31:00,28.052292493087407,67.91475577052184,1006.672379853659,0,normal
2026-08-03 10:32:00,27.43711574472475,68.0767873117698,1006.8682432159005,0,normal
2026-08-03 10:33:00,28.007764532352294,67.77881833976788,1006.9224740794155,0,normal
2026-08-03 10:34:00,28.280174233974467,68.2617205089676,1006.8069200348205,0,normal
2026-08-03 10:35:00,28.083880941914764,66.2575609780516,1007.1922242159839,0,normal
2026-08-03 10:36:00,27.977581755796145,67.4261018611511,1006.4539513786648,0,normal
2026-08-03 10:37:00,27.91075499681783,66.39579705742423,1006.620617984071,0,normal
2026-08-03 10:38:00,27.667561080140175,67.69595022136112,1006.7252217665713,0,normal
2026-08-03 10:39:00,27.950027017469175,68.75980839715628,1007.1817475439112,0,normal
2026-08-03 10:40:00,28.431613629701165,67.03863392622424,1007.1018200384232,0,normal
2026-08-03 10:41:00,27.964568874831805,67.4913032698921,1007.0135869508312,0,normal
2026-08-03 10:42:00,27.710331640408686,67.96625386322793,1006.6421229743564,0,normal
2026-08-03 10:43:00,27.865032352347455,65.67841249721486,1006.6665549799327,0,normal
2026-08-03 10:44:00,28.123193544599236,66.8863928686158,1006.6428088089651,0,normal
2026-08-03 10:45:00,27.93776415689238,67.56714880919894,1006.6543743629011,0,normal
2026-08-03 10:46:00,28.25396902597179,64.92936070053749,1007.0675191973099,0,normal
2026-08-03 10:47:00,28.282747416840127,66.43689561450098,1006.758395001443,0,normal
2026-08-03 10:48:00,28.42655553674914,68.07038100164509,1006.7856436527576,0,normal
2026-08-03 10:49:00,28.62933635757764,67.96341120150153,1006.9485426786221,0,normal
2026-08-03 10:50:00,28.495339706072254,67.43175472426327,1006.5131572249082,0,normal
2026-08-03 10:51:00,27.835523277499878,67.80931267802946,1006.8255071529063,0,normal
2026-08-03 10:52:00,27.86200657343231,67.24686089989936,1006.6220320533305,0,normal
2026-08-03 10:53:00,28.167478870000686,67.49028546791199,1006.7699117258364,0,normal
2026-08-03 10:54:00,28.051861040531957,66.76460824913994,1006.7207874944396,0,normal
2026-08-03 10:55:00,27.827149555905677,67.08091324342213,1006.7149428268679,0,normal
2026-08-03 10:56:00,28.086780936995684,66.45346943799989,1006.8738195354415,0,normal
2026-08-03 10:57:00,28.09112004618367,67.94122640484913,1006.8764679523977,0,normal
2026-08-03 10:58:00,28.037896418631686,68.11873313552255,1006.8005158177393,0,normal
2026-08-03 10:59:00,28.17837710150687,67.9764341872335,1006.9102399170064,0,normal
2026-08-03 11:00:00,28.71723794550597,66.51700830127282,1006.6905985306213,0,normal
2026-08-03 11:01:00,28.390406312990276,66.05144103363843,1006.9730661920388,0,normal
2026-08-03 11:02:00,29.201714842265996,67.80697830474827,1006.8166956479588,0,normal
2026-08-03 11:03:00,28.41218370600326,67.19143897219085,1006.7701818896468,0,normal
2026-08-03 11:04:00,28.2669221948627,66.99006980722056,1006.7176137000888,0,normal
2026-08-03 11:05:00,51.069604046737894,115.12708872501571,978.195069246663,1,dropout
2026-08-03 11:06:00,28.490140521042363,67.0094397719697,1007.2042404487257,0,normal
2026-08-03 11:07:00,28.568690333114095,65.77150467449611,1006.85955499308,0,normal
2026-08-03 11:08:00,29.15919749430847,67.11777297012812,1006.6683839174195,0,normal
2026-08-03 11:09:00,28.152497102417893,67.684406540026,1007.043188035538,0,normal
2026-08-03 11:10:00,28.76504946303775,67.85688641239115,1006.7962764764555,0,normal
2026-08-03 11:11:00,28.553133161592285,67.08960128957129,1006.9357221233624,0,normal
2026-08-03 11:12:00,27.946586073903056,65.38787671837312,1006.7790474020766,0,normal
2026-08-03 11:13:00,28.782277099692585,66.62205038846923,1007.1220251622053,0,normal
2026-08-03 11:14:00,28.972275114112367,68.14660498994868,1006.7885677135849,0,normal
2026-08-03 11:15:00,28.24468125681127,65.71062519057128,1007.1499362255907,0,normal
2026-08-03 11:16:00,28.5576637516082,66.32880620231897,1006.7128709940162,0,normal
2026-08-03 11:17:00,27.973025386137195,67.47759064194751,1006.8524296247264,0,normal
2026-08-03 11:18:00,28.15243674275012,66.81108127316098,1007.160565630789,0,normal
2026-08-03 11:19:00,28.975959522839283,68.27208601856891,1006.9422500803981,0,normal
2026-08-03 11:20:00,28.462043789553547,65.67223669804586,1007.3242536107966,0,normal
2026-08-03 11:21:00,28.25335883789325,65.43728381786632,1006.8703541478344,0,normal
2026-08-03 11:22:00,28.737910922986874,67.17893060746921,1006.9684754712046,0,normal
2026-08-03 11:23:00,28.490924651756494,65.21345531367272,1007.2685415727093,0,normal
2026-08-03 11:24:00,28.5251596079152,65.98325850280088,1006.6565140635244,0,normal
2026-08-03 11:25:00,28.964898147414413,66.05865763082102,1006.6376293438148,0,normal
2026-08-03 11:26:00,28.315722564716506,66.91045628904517,1006.7926355294042,0,normal
2026-08-03 11:27:00,28.42165465600907,66.54355737490494,1007.0856352570895,0,normal
2026-08-03 11:28:00,28.80867144241747,66.38826224449204,1006.6528546278277,0,normal
2026-08-03 11:29:00,29.11025524754852,65.67112252224898,1007.053494811096,0,normal
2026-08-03 11:30:00,29.220543398994657,66.93551752647438,1007.0442297744293,0,normal
2026-08-03 11:31:00,28.570647947137633,69.15461138393006,1007.3154078245889,0,normal
2026-08-03 11:32:00,29.14774021250414,66.45740699621547,1007.144398283438,0,normal
2026-08-03 11:33:00,28.561453351024838,65.95454015631681,1007.0251318313202,0,normal
2026-08-03 11:34:00,29.491327145360803,64.80692556982935,1007.2076368626563,0,normal
2026-08-03 11:35:00,28.47159026140619,65.30563740409602,1007.0633841201553,0,normal
2026-08-03 11:36:00,29.349639162112073,65.6150546315052,1006.8869555847427,0,normal
2026-08-03 11:37:00,28.671167796082372,65.3287370975041,1006.767124222744,0,normal
2026-08-03 11:38:00,29.621845130232437,65.7139442869876,1006.8740507831156,0,normal
2026-08-03 11:39:00,29.140446331464325,67.1196040528068,1006.9727048616685,0,normal
2026-08-03 11:40:00,28.59415744931717,66.66530531201104,1007.0148012545988,0,normal
2026-08-03 11:41:00,28.783262563090393,65.51088271994769,1006.6023407089688,0,normal
2026-08-03 11:42:00,29.255745572242056,64.64169915899335,1006.9505312010591,0,normal
2026-08-03 11:43:00,29.36704682426251,66.6485891356788,1006.998571071706,0,normal
2026-08-03 11:44:00,28.99016264186869,65.50982177274963,1007.0953555097119,0,normal
2026-08-03 11:45:00,29.046837696330034,64.1382338632963,1007.2929934471151,0,normal
2026-08-03 11:46:00,29.312927121505165,66.05974673154812,1007.0369555231356,0,normal
2026-08-03 11:47:00,29.109931019581264,66.28072041649098,1006.8431832251557,0,normal
2026-08-03 11:48:00,28.62737431224154,63.4898133555707,1006.6830149454605,0,normal
2026-08-03 11:49:00,28.81186066496259,64.74126653299719,1007.1372939120683,0,normal
2026-08-03 11:50:00,29.194994916811574,65.28291894032795,1006.8605569115373,0,normal
2026-08-03 11:51:00,29.55442363299813,65.9292650952882,1007.1763819584661,0,normal
2026-08-03 11:52:00,29.71090065844169,64.89943620830219,1007.2752435442599,0,normal
2026-08-03 11:53:00,29.434443987123135,64.61670053574636,1006.7491289996079,0,normal
2026-08-03 11:54:00,29.278461878068185,65.83453408859141,1007.1301155634524,0,normal
2026-08-03 11:55:00,29.456295620534448,64.84853005050137,1007.2664372654649,0,normal
2026-08-03 11:56:00,28.97714752341225,65.62722613720818,1007.2205405008759,0,normal
2026-08-03 11:57:00,29.173177642207033,64.27477014617442,1006.6631111551538,0,normal
2026-08-03 11:58:00,28.95465916490934,64.05252287229442,1006.8901459368155,0,normal
2026-08-03 11:59:00,28.822339409524083,65.7090181736981,1006.8167124634897,0,normal
2026-08-03 12:00:00,29.39243353514741,65.27723985646367,1007.1447094777222,0,normal
2026-08-03 12:01:00,29.356910433245744,65.78361769404376,1007.1282203580778,0,normal
2026-08-03 12:02:00,-6.99303556854519,116.5815947552992,970.3503312174552,1,dropout
2026-08-03 12:03:00,56.37712070963083,-9.86830628897409,972.2771943203877,1,dropout
2026-08-03 12:04:00,29.42575533041416,66.04557012600729,1007.2079490212944,0,normal
2026-08-03 12:05:00,29.551921264460162,63.709095356729854,1007.0937831350683,0,normal
2026-08-03 12:06:00,29.358437707723105,65.8991092741328,1007.0968011610792,0,normal
2026-08-03 12:07:00,29.534155589193343,65.92483437569896,1007.0080975447592,0,normal
2026-08-03 12:08:00,29.151755004646297,65.52700426507097,1006.886507945527,0,normal
2026-08-03 12:09:00,29.551559385370208,64.25920140177098,1007.0773657669024,0,normal
2026-08-03 12:10:00,29.672359774087855,64.12675640203884,1007.0931287105195,0,normal
2026-08-03 12:11:00,29.220270550344807,64.58247277969672,1007.1978113310487,0,normal
2026-08-03 12:12:00,29.489039630024358,63.685042030024896,1007.2157466661401,0,normal
2026-08-03 12:13:00,29.268870427800696,63.92228996843611,1007.1091404122753,0,normal
2026-08-03 12:14:00,29.319080125220157,65.17801959472749,1007.2940750346892,0,normal
2026-08-03 12:15:00,29.125851296170417,65.1523146204226,1007.0328087368194,0,normal
2026-08-03 12:16:00,29.97880952108269,63.7637953838099,1006.8436718590167,0,normal
2026-08-03 12:17:00,29.92498214749821,65.11499003248333,1007.1927644839063,0,normal
2026-08-03 12:18:00,29.75629022370123,64.90819026568902,1007.1329391032418,0,normal
2026-08-03 12:19:00,30.274644682796605,65.72333023338633,1007.2029318155652,0,normal
2026-08-03 12:20:00,29.534319204617866,64.94142303742126,1006.889173639725,0,normal
2026-08-03 12:21:00,30.677842203976045,65.30369100015947,1007.4424062796597,0,normal
2026-08-03 12:22:00,29.553250972797997,64.80922069532457,1007.2512388624286,0,normal
2026-08-03 12:23:00,29.738355287931302,65.18225514067535,1007.0747917562664,0,normal
2026-08-03 12:24:00,29.5259568168646,63.339392695327064,1006.9615297050267,0,normal
2026-08-03 12:25:00,29.811624318309867,64.24248733190208,1007.3270762474758,0,normal
2026-08-03 12:26:00,29.98989638475188,64.27951564099426,1006.9381447045424,0,normal
2026-08-03 12:27:00,29.6736704010366,64.08654390821935,1007.5467808167925,0,normal
2026-08-03 12:28:00,30.351491943591977,64.60751880323677,1007.0326273754553,0,normal
2026-08-03 12:29:00,29.829429674296733,64.7308030492171,1007.4559615349631,0,normal
2026-08-03 12:30:00,29.85647299589355,64.50801957729952,1007.1163288443155,0,normal
2026-08-03 12:31:00,29.459717551924754,64.02359873359252,1007.4373292424248,0,normal
2026-08-03 12:32:00,29.940392693422805,63.54753559959053,1007.0237763751563,0,normal
2026-08-03 12:33:00,29.763047090603493,64.98486081825823,1007.1626982709458,0,normal
2026-08-03 12:34:00,29.613098331815667,64.3579175463835,1007.3074147461793,0,normal
2026-08-03 12:35:00,29.570228522738738,63.23428714686035,1007.2849830055682,0,normal
2026-08-03 12:36:00,30.793110477258317,63.8653033142133,1007.3671925983731,0,normal
2026-08-03 12:37:00,29.78176107698747,62.59671745941429,1007.0845539111137,0,normal
2026-08-03 12:38:00,29.38000382042313,63.99078685330782,1007.1908048815511,0,normal
2026-08-03 12:39:00,29.66152728464623,63.77494943978094,1007.4034868431701,0,normal
2026-08-03 12:40:00,29.903797296361184,63.445273302421946,1007.0550654599318,0,normal
2026-08-03 12:41:00,30.129105605343213,65.14375148469573,1007.2883004011094,0,normal
2026-08-03 12:42:00,30.1478615820619,62.92240407258689,1007.1490227194596,0,normal
2026-08-03 12:43:00,30.206392792855425,64.38372989350188,1007.2287544306008,0,normal
2026-08-03 12:44:00,29.75975543070837,65.53930291616675,1007.2101386192036,0,normal
2026-08-03 12:45:00,30.120473163173187,64.62310481915623,1007.0562480458414,0,normal
2026-08-03 12:46:00,29.710543990964673,63.707447394323026,1007.1544305990104,0,normal
2026-08-03 12:47:00,29.816118574595535,62.7968458082811,1007.2306564515404,0,normal
2026-08-03 12:48:00,29.727607007202117,62.58590821468658,1007.1892884951376,0,normal
2026-08-03 12:49:00,29.648662988105002,63.31780933211567,1007.4940783350859,0,normal
2026-08-03 12:50:00,30.452848451841213,63.068978888099444,1007.3959817784711,0,normal
2026-08-03 12:51:00,30.33714706983226,63.014507348602635,1007.2695870315375,0,normal
2026-08-03 12:52:00,30.453705193945645,63.300696683018344,1007.083221826579,0,normal
2026-08-03 12:53:00,30.141352420098638,63.45159007281733,1007.0754583994479,0,normal
2026-08-03 12:54:00,30.415176963432604,63.893235889401915,1007.5822597626012,0,normal
2026-08-03 12:55:00,29.542524985454214,62.48654677992728,1007.0483824067524,0,normal
2026-08-03 12:56:00,30.47671920054366,62.90274553776346,1007.2538412993472,0,normal
2026-08-03 12:57:00,30.252272783656025,63.292599676731434,1007.3014988785586,0,normal
2026-08-03 12:58:00,30.42539115718365,63.23578645916857,1007.1836681390012,0,normal
2026-08-03 12:59:00,30.354512284499428,64.83319190606046,1007.0624847347827,0,normal
2026-08-03 13:00:00,29.891615236248317,63.5217701477872,1007.1047717489342,0,normal
2026-08-03 13:01:00,29.728329806746753,62.017063115959864,1007.150850676179,0,normal
2026-08-03 13:02:00,30.01896243496871,63.61448485556549,1007.1246779796777,0,normal
2026-08-03 13:03:00,30.481418284110422,63.68851880373076,1007.494538159202,0,normal
2026-08-03 13:04:00,30.540722951801616,63.12397726947388,1007.2570642607352,0,normal
2026-08-03 13:05:00,29.835882459719773,62.225498574386734,1007.1675778374411,0,normal
2026-08-03 13:06:00,29.98672605962556,64.57484079451673,1007.2842662108425,0,normal
2026-08-03 13:07:00,30.092403912799846,62.28471648062831,1007.3883941707809,0,normal
2026-08-03 13:08:00,30.235881882161664,63.64151394425749,1007.2092755096882,0,normal
2026-08-03 13:09:00,29.899599501558523,63.24525570908998,1007.4368052295329,0,normal
2026-08-03 13:10:00,29.893953905488527,63.538229914677665,1007.0487802940304,0,normal
2026-08-03 13:11:00,30.11936019727562,64.3954816302511,1007.491556048435,0,normal
2026-08-03 13:12:00,30.452497421573355,63.45176837200817,1007.2822412059119,0,normal
2026-08-03 13:13:00,30.02438179322834,62.52803658512809,1007.2783381744181,0,normal
2026-08-03 13:14:00,30.412314727631482,63.83232172869525,1007.1653621154225,0,normal
2026-08-03 13:15:00,30.838570202334953,62.41525807911059,1007.0722124791581,0,normal
2026-08-03 13:16:00,30.02765889208731,63.02364410597632,1006.9963418631784,0,normal
2026-08-03 13:17:00,30.426204898019222,61.83104173282815,1007.1621568078746,0,normal
2026-08-03 13:18:00,30.87227862069976,62.01164596098069,1007.4083480599925,0,normal
2026-08-03 13:19:00,30.382346122699513,62.85219453964572,1007.1326434993763,0,normal
2026-08-03 13:20:00,30.343055116373645,63.07842130209066,1007.0300561280636,0,normal
2026-08-03 13:21:00,30.96613535435223,61.39495917415605,1007.1482446706467,0,normal
2026-08-03 13:22:00,30.466785974645834,63.12767484163318,1007.2457024816736,0,normal
2026-08-03 13:23:00,30.97554712580088,62.047329110411496,1007.2558747263355,0,normal
2026-08-03 13:24:00,30.754100910842016,63.699704648906675,1007.2979530942432,0,normal
2026-08-03 13:25:00,30.498928255743216,62.36751976788563,1007.5101082235265,0,normal
2026-08-03 13:26:00,30.801747845252923,61.723386228425674,1007.552186524396,0,normal
2026-08-03 13:27:00,30.76091689182012,62.65617660971257,1007.6913819903167,0,normal
2026-08-03 13:28:00,31.020942791646537,61.83585059448997,1007.0409897944836,0,normal
2026-08-03 13:29:00,30.486557661568117,63.55735757874966,1007.1824847252558,0,normal
2026-08-03 13:30:00,30.707715785809448,62.51604626457131,1007.4653382149662,0,normal
2026-08-03 13:31:00,30.68654821874497,62.36775971907727,1007.2609486492184,0,normal
2026-08-03 13:32:00,30.969285296957924,62.936079560057905,1007.5006755287462,0,normal
2026-08-03 13:33:00,30.378744882354123,61.63227785046179,1007.3860703820213,0,normal
2026-08-03 13:34:00,31.108192848804045,61.37856978410435,1007.6360990166434,0,normal
2026-08-03 13:35:00,30.93012807901603,62.71029124707519,1007.542579737051,0,normal
2026-08-03 13:36:00,30.320619922590335,61.47765157872751,1007.5489186802808,0,normal
2026-08-03 13:37:00,31.21903465771304,61.451219586919066,1007.2868399120422,0,normal
2026-08-03 13:38:00,31.592642217009722,62.974534018419426,1007.3464712166083,0,normal
2026-08-03 13:39:00,31.17588621680909,62.6991443981079,1007.3121021571022,0,normal
2026-08-03 13:40:00,31.33919112345918,61.2500563392398,1007.0990170377523,0,normal
2026-08-03 13:41:00,30.88409572524052,61.73190146040881,1007.638022157683,0,normal
2026-08-03 13:42:00,30.28712518700604,61.478379340933806,1007.5102956898056,0,normal
2026-08-03 13:43:00,30.237612520568803,63.59663879411847,1007.3170395794502,0,normal
2026-08-03 13:44:00,30.986702488214384,62.87467545529703,1007.6169857964843,0,normal
2026-08-03 13:45:00,30.70456633250582,61.78754048883003,1007.2717038387236,0,normal
2026-08-03 13:46:00,30.60595813192192,62.55958737039856,1007.0573128584274,0,normal
2026-08-03 13:47:00,30.918364900319645,60.98816442918824,1007.5725068345895,0,normal
2026-08-03 13:48:00,31.170012722222364,61.50954522529133,1007.1640388133492,0,normal
2026-08-03 13:49:00,30.460289309075293,62.10616903893652,1007.3619355989944,0,normal
2026-08-03 13:50:00,30.82580853602382,62.35874731813728,1007.4372690003535,0,normal
2026-08-03 13:51:00,31.52549609578891,61.893748223540825,1007.4725384195531,0,normal
2026-08-03 13:52:00,30.634780205966674,62.1449481486626,1007.5588507780797,0,normal
2026-08-03 13:53:00,31.329601194245996,61.98409783242659,1007.513671892943,0,normal
2026-08-03 13:54:00,30.869546238513013,61.765528071377005,1007.5110754489697,0,normal
2026-08-03 13:55:00,31.244210363925355,61.63450534654597,1007.2727317331673,0,normal
2026-08-03 13:56:00,31.451190765722522,61.50551274152955,1007.4709992479436,0,normal
2026-08-03 13:57:00,31.340481125583256,62.007248949984806,1007.1500008529667,0,normal
2026-08-03 13:58:00,31.413107247698417,62.125597692518696,1007.7051451518939,0,normal
2026-08-03 13:59:00,30.705674773726155,61.93095129704118,1007.1744552876722,0,normal
2026-08-03 14:00:00,31.51230650857889,60.8047780170882,1007.3675104386149,0,normal
2026-08-03 14:01:00,30.837837833535314,60.9239785085136,1007.1954209568169,0,normal
2026-08-03 14:02:00,31.24083630075832,62.01776529014687,1007.3043331481499,0,normal
2026-08-03 14:03:00,31.254060289943737,62.85161194930693,1007.4411209966767,0,normal
2026-08-03 14:04:00,31.347105380896835,61.771894031227234,1007.3464642621229,0,normal
2026-08-03 14:05:00,31.30884633915619,61.296390656040366,1007.6505379131984,0,normal
2026-08-03 14:06:00,30.909137421835332,61.781037324840945,1007.4883446587776,0,normal
2026-08-03 14:07:00,30.745536865204727,60.668023725533615,1007.3671036296067,0,normal
2026-08-03 14:08:00,31.536791915726415,62.600628097163266,1007.4293035478443,0,normal
2026-08-03 14:09:00,31.309951011560017,61.67881887656185,1007.6758112950266,0,normal
2026-08-03 14:10:00,31.66058919010667,60.970125533890545,1007.6227748862667,0,normal
2026-08-03 14:11:00,31.256008251788188,61.34848090196319,1007.2571082718514,0,normal
2026-08-03 14:12:00,30.79317357491657,61.03659295736581,1007.3424746148053,0,normal
2026-08-03 14:13:00,31.63640139489661,62.483941759899814,1007.5533549605854,0,normal
2026-08-03 14:14:00,31.181859525924935,61.24927717753356,1007.5343956222129,0,normal
2026-08-03 14:15:00,31.444381754718904,61.51190541831455,1007.2846137708744,0,normal
2026-08-03 14:16:00,31.111218868519682,61.82321812572791,1007.6114140086714,0,normal
2026-08-03 14:17:00,31.92644195629959,60.748328846490104,1007.3190986090032,0,normal
2026-08-03 14:18:00,31.05720267148359,61.472696363550206,1007.7170254573617,0,normal
2026-08-03 14:19:00,31.258921009701947,61.5141458597492,1007.5805141171533,0,normal
2026-08-03 14:20:00,31.42760634402925,60.02828537232806,1007.2843394410623,0,normal
2026-08-03 14:21:00,31.02066991893484,61.45073951371675,1007.395720546435,0,normal
2026-08-03 14:22:00,31.531506315605213,61.18908988869415,1007.3954558852727,0,normal
2026-08-03 14:23:00,31.99283995856748,61.30687357089923,1007.5254569770016,0,normal
2026-08-03 14:24:00,31.26981216240157,61.208689535786945,1007.4628196204343,0,normal
2026-08-03 14:25:00,31.59253210235345,61.36489157341742,1007.2961996718675,0,normal
2026-08-03 14:26:00,30.50464325186531,62.2048852973898,1007.2542691592265,0,normal
2026-08-03 14:27:00,31.465989017579535,60.168945408555544,1007.6069040459795,0,normal
2026-08-03 14:28:00,31.382672874044026,60.816456117028,1007.5624424286412,0,normal
2026-08-03 14:29:00,31.218341542230437,61.601186006263546,1007.5327524036796,0,normal
2026-08-03 14:30:00,31.895855746853588,61.430431828406164,1007.565319127749,0,normal
2026-08-03 14:31:00,31.415649282528197,61.39110296286565,1007.4080095921053,0,normal
2026-08-03 14:32:00,31.4801578080675,63.20441547326641,1007.5553572008523,0,normal
2026-08-03 14:33:00,31.42265140919813,61.47092553320426,1007.981989004831,0,normal
2026-08-03 14:34:00,30.89613073787722,61.86251943316648,1007.7392953971761,0,normal
2026-08-03 14:35:00,31.18312156971301,60.690352735154406,1007.4787709890613,0,normal
2026-08-03 14:36:00,31.927952990984664,60.12001120609347,1007.4392846700101,0,normal
2026-08-03 14:37:00,57.72333296223493,106.86650625843261,1030.1989812275804,1,dropout
2026-08-03 14:38:00,31.347724599245403,61.44084102282597,1007.7314583074273,0,normal
2026-08-03 14:39:00,31.488143736611715,61.17533708488513,1007.6834770192684,0,normal
2026-08-03 14:40:00,32.25037617300714,61.151169065066895,1007.446789585383,0,normal
2026-08-03 14:41:00,31.921134346790453,60.635877303589155,1007.2897576673378,0,normal
2026-08-03 14:42:00,31.469079368842,60.48718766214146,1007.3422992047158,0,normal
2026-08-03 14:43:00,32.13258615647674,60.621313426768126,1007.6330171156142,0,normal
2026-08-03 14:44:00,31.428694189859527,61.323841987570816,1007.5397181837604,0,normal
2026-08-03 14:45:00,32.052878849850224,61.395999333066,1007.6830559520641,0,normal
2026-08-03 14:46:00,31.235856673475485,59.89767360761194,1007.5768948826678,0,normal
2026-08-03 14:47:00,32.09882411466831,61.29188469954977,1007.7381132904875,0,normal
2026-08-03 14:48:00,31.592707409059518,60.140871992227,1007.6333776614056,0,normal
2026-08-03 14:49:00,31.386497934929324,61.016119633858395,1007.7187905909997,0,normal
2026-08-03 14:50:00,31.682044088199476,60.46703847346111,1007.1962135446897,0,normal
2026-08-03 14:51:00,31.866634225781198,61.852966488329095,1007.3529193404606,0,normal
2026-08-03 14:52:00,31.60787047721199,60.24569675888602,1007.5122590743529,0,normal
2026-08-03 14:53:00,31.986333854233692,60.70296338289887,1007.7749014342814,0,normal
2026-08-03 14:54:00,31.59976878160757,61.02536292085479,1007.9218069271571,0,normal
2026-08-03 14:55:00,32.03226208831735,59.82103323555073,1007.5564775037321,0,normal
2026-08-03 14:56:00,31.981172959776362,60.442124426237136,1007.4786797451394,0,normal
2026-08-03 14:57:00,31.81628381787963,60.267450147925146,1007.2395898741988,0,normal
2026-08-03 14:58:00,31.694282672276746,60.050073878236134,1007.7496415882579,0,normal
2026-08-03 14:59:00,31.912913085590592,60.08985188972287,1007.4978775484851,0,normal
2026-08-03 15:00:00,32.0635174597791,61.31184700243223,1008.1321196763554,0,normal
2026-08-03 15:01:00,32.603560500293895,59.92409956477307,1007.4692301566078,0,normal
2026-08-03 15:02:00,32.22167718438038,60.83687146972235,1007.9839716485379,0,normal
2026-08-03 15:03:00,32.245372641230354,60.61632674337095,1007.7424233717547,0,normal
2026-08-03 15:04:00,32.99559822153367,59.228073177360905,1007.4253206054411,0,normal
2026-08-03 15:05:00,32.1059936786257,60.74210068004538,1007.654880877293,0,normal
2026-08-03 15:06:00,32.10576895545305,59.17716413101364,1007.7546261320626,0,normal
2026-08-03 15:07:00,32.19323056701941,60.79175981824685,1007.5779107291429,0,normal
2026-08-03 15:08:00,31.604314607644163,59.86494716074683,1007.7719673435262,0,normal
2026-08-03 15:09:00,31.812660175676633,60.258911233366156,1007.770672922328,0,normal
2026-08-03 15:10:00,31.801384990132576,59.19841363393413,1007.7338075889436,0,normal
2026-08-03 15:11:00,32.21567284463349,60.31346719220401,1007.6261633260533,0,normal
2026-08-03 15:12:00,31.938455607749297,60.938949351685345,1007.4202970391821,0,normal
2026-08-03 15:13:00,32.05814848791996,59.533748668716036,1007.6206184614491,0,normal
2026-08-03 15:14:00,32.40067762392359,59.67562400944655,1007.6687808945509,0,normal
2026-08-03 15:15:00,32.33241391857764,60.507196199437324,1007.3020453781746,0,normal
2026-08-03 15:16:00,31.983895700391646,60.50944113632697,1007.6728380272289,0,normal
2026-08-03 15:17:00,31.81613070128809,58.160755887735796,1007.627588435376,0,normal
2026-08-03 15:18:00,32.4580499224566,61.702883374396876,1007.4142528222011,0,normal
2026-08-03 15:19:00,32.34158411453389,60.49596648859833,1007.5903330777494,0,normal
2026-08-03 15:20:00,31.518494210603134,60.613330863209626,1007.5967664621425,0,normal
2026-08-03 15:21:00,31.980985383522558,59.92374297010626,1008.0029362627175,0,normal
2026-08-03 15:22:00,32.15836791780655,58.537179425064224,1007.6977568590986,0,normal
2026-08-03 15:23:00,32.3828190404608,60.54423464120978,1007.8472358825811,0,normal
2026-08-03 15:24:00,32.43849799715536,59.53540952927851,1007.642149036146,0,normal
2026-08-03 15:25:00,32.2290059226738,60.405916807688406,1007.328654747291,0,normal
2026-08-03 15:26:00,32.3440941343482,59.77905097686136,1007.7895810610524,0,normal
2026-08-03 15:27:00,32.171266198097875,60.127952934717214,1007.5526816063903,0,normal
2026-08-03 15:28:00,31.922473004202086,59.301063477582105,1007.6133387683226,0,normal
2026-08-03 15:29:00,32.07632311215073,60.59622077431307,1007.4867994285948,0,normal
2026-08-03 15:30:00,32.18379871280517,58.93776564340721,1007.6920158216377,0,normal
2026-08-03 15:31:00,32.1743416224487,61.668794216478425,1007.8732289582841,0,normal
2026-08-03 15:32:00,31.5357976405038,61.6466782588611,1007.8519648576367,0,normal
2026-08-03 15:33:00,32.065838843321835,61.14657089224694,1007.9721571558977,0,normal
2026-08-03 15:34:00,32.23378072189173,60.844997806641054,1008.0002426984979,0,normal
2026-08-03 15:35:00,32.1247206822129,59.74129116742967,1007.3235154952048,0,normal
2026-08-03 15:36:00,32.14584381549999,60.72659461504703,1007.4794799292264,0,normal
2026-08-03 15:37:00,32.412001443059765,59.700955925170696,1007.3714118366476,0,normal
2026-08-03 15:38:00,31.87248194943023,58.51973575459539,1007.8131844063438,0,normal
2026-08-03 15:39:00,31.689154702526356,60.949876687691855,1007.5772287485665,0,normal
2026-08-03 15:40:00,32.145902403800726,60.635254308438434,1007.6164734769305,0,normal
2026-08-03 15:41:00,32.543933897314545,59.692116355106386,1007.6680768002589,0,normal
2026-08-03 15:42:00,32.87580894771724,58.722147165785024,1007.7784614021429,0,normal
2026-08-03 15:43:00,32.56752113306827,59.21855529173271,1007.4447711735797,0,normal
2026-08-03 15:44:00,31.788433970336087,58.21593525883664,1007.4880597713607,0,normal
2026-08-03 15:45:00,32.22948679643923,60.41436723430916,1007.7174106976393,0,normal
2026-08-03 15:46:00,32.409065251340806,58.36122143305022,1007.9354697932603,0,normal
2026-08-03 15:47:00,32.389766678399866,59.85901488080858,1007.7176381000696,0,normal
2026-08-03 15:48:00,32.52467147143868,58.940392901221614,1007.5822209622845,0,normal
2026-08-03 15:49:00,32.02319119832645,58.459898325397596,1007.3405481979988,0,normal
2026-08-03 15:50:00,32.37507006467345,59.77797505356886,1007.9012093965242,0,normal
2026-08-03 15:51:00,32.507572674366976,59.306398050042034,1007.5997581103919,0,normal
2026-08-03 15:52:00,32.657502106889375,60.23025238776932,1007.528181169527,0,normal
2026-08-03 15:53:00,32.09451123867772,58.53199768115954,1007.4284512774942,0,normal
2026-08-03 15:54:00,32.263640597985464,58.92672849962156,1007.4806576788714,0,normal
2026-08-03 15:55:00,31.44597964629277,57.60908257355794,1007.5691592805589,0,normal
2026-08-03 15:56:00,32.18261175543982,57.75845319845091,1007.7016630979581,0,normal
2026-08-03 15:57:00,32.224322968215816,60.93133702875999,1007.5295564149492,0,normal
2026-08-03 15:58:00,32.058695317576344,61.146632875673774,1007.7830274473365,0,normal
2026-08-03 15:59:00,32.48113269305103,59.54102531575221,1007.707705520048,0,normal
2026-08-03 16:00:00,32.41114276820039,58.79499056775067,1008.1544868783755,0,normal
2026-08-03 16:01:00,31.647490579899028,59.20262309061947,1007.4501867055508,0,normal
2026-08-03 16:02:00,32.52107138862885,60.12768992682036,1007.7885070179885,0,normal
2026-08-03 16:03:00,32.12809456783018,59.00488762546583,1007.793211933309,0,normal
2026-08-03 16:04:00,32.630299673919126,59.59419441124211,1007.578837085015,0,normal
2026-08-03 16:05:00,32.01889709613904,59.38169140814999,1007.7839253064681,0,normal
2026-08-03 16:06:00,32.4852196469329,58.92477575060606,1007.9077454000344,0,normal
2026-08-03 16:07:00,32.382718212052914,58.94692228551494,1007.7890215093278,0,normal
2026-08-03 16:08:00,32.59495461211543,59.59070498079189,1008.0232870867426,0,normal
2026-08-03 16:09:00,32.53949199591547,58.56283102667564,1007.3845268253391,0,normal
2026-08-03 16:10:00,32.41345477084499,59.69413995924474,1007.6273315231227,0,normal
2026-08-03 16:11:00,31.971916359683973,58.94403019771471,1008.0468626861679,0,normal
2026-08-03 16:12:00,31.999373342387464,59.411846266371896,1007.947932525103,0,normal
2026-08-03 16:13:00,32.31875505304012,60.40590394383099,1007.8834712157064,0,normal
2026-08-03 16:14:00,32.5268716374705,59.153084368158034,1008.0105653465354,0,normal
2026-08-03 16:15:00,32.32347156558143,60.01250846699435,1007.4460097721073,0,normal
2026-08-03 16:16:00,32.7617057815817,57.83218880722521,1007.9365998859141,0,normal
2026-08-03 16:17:00,32.45161192610692,58.87879811190546,1007.9873725399592,0,normal
2026-08-03 16:18:00,32.2179766952,59.266636409229186,1007.6796120010736,0,normal
2026-08-03 16:19:00,32.46472348363989,60.77267082648157,1008.2738290171421,0,normal
2026-08-03 16:20:00,32.647368180929774,57.65568938864533,1007.8382936476778,0,normal
2026-08-03 16:21:00,32.688220836281495,59.13645215710954,1007.4106331067221,0,normal
2026-08-03 16:22:00,33.23807160279791,60.36866455345555,1007.8763374050445,0,normal
2026-08-03 16:23:00,32.3525820172081,58.56531522247614,1007.6805067707901,0,normal
2026-08-03 16:24:00,32.566977675508596,59.01320343096591,1008.0221500850084,0,normal
2026-08-03 16:25:00,32.747766935379936,59.43913366703611,1007.9134464590776,0,normal
2026-08-03 16:26:00,32.596287177379466,59.31174259477549,1007.7095524044864,0,normal
2026-08-03 16:27:00,32.43506372067976,60.40727088176793,1008.0899778235839,0,normal
2026-08-03 16:28:00,32.07376800697757,59.50407797717821,1007.9909920799516,0,normal
2026-08-03 16:29:00,32.44287684816301,60.19828755028227,1007.6752158889537,0,normal
2026-08-03 16:30:00,32.25146689398041,58.838958926355794,1007.7992202989808,0,normal
2026-08-03 16:31:00,32.028476956652675,58.5255679292772,1007.9219766571478,0,normal
2026-08-03 16:32:00,32.359760912932046,58.92855880944561,1007.7657037732185,0,normal
2026-08-03 16:33:00,32.277158168714244,58.173130643636924,1007.7734151078035,0,normal
2026-08-03 16:34:00,32.853289772732815,59.478625065632784,1007.8425496698212,0,normal
2026-08-03 16:35:00,32.86460318104257,58.77464282923548,1007.6464239181884,0,normal
2026-08-03 16:36:00,32.343052086870856,58.53757101284659,1007.4386947454759,0,normal
2026-08-03 16:37:00,32.57345076235715,59.465713056292756,1007.8859579795425,0,normal
2026-08-03 16:38:00,32.01919884234869,58.143725461715356,1007.4872292765205,0,normal
2026-08-03 16:39:00,32.50154973172017,59.66713934534764,1007.6687982395309,0,normal
2026-08-03 16:40:00,32.81912917315645,58.66023506082704,1007.5309707063805,0,normal
2026-08-03 16:41:00,32.97306232191263,59.96247760153922,1007.5554422521319,0,normal
2026-08-03 16:42:00,32.439547800496925,58.71343410328325,1007.9312093133974,0,normal
2026-08-03 16:43:00,33.06197527292777,59.52570402891987,1007.8167494601004,0,normal
2026-08-03 16:44:00,32.16797717550671,59.156506897514866,1007.812548824943,0,normal
2026-08-03 16:45:00,32.26637428911315,59.60078793368558,1007.6244910033756,0,normal
2026-08-03 16:46:00,32.95593164921285,59.08656227598424,1007.7455893574395,0,normal
2026-08-03 16:47:00,33.296879623799285,57.660954206777745,1007.9336894538011,0,normal
2026-08-03 16:48:00,32.88905672217668,59.7919035423217,1007.8588336231111,0,normal
2026-08-03 16:49:00,32.70653507462005,58.90804829773533,1008.0185689529783,0,normal
2026-08-03 16:50:00,31.956570950766768,59.60326292101586,1008.0464789721813,0,normal
2026-08-03 16:51:00,32.02119003191721,59.51743230842014,1007.8296341319755,0,normal
2026-08-03 16:52:00,32.7784318863916,58.340312797522124,1007.543896651578,0,normal
2026-08-03 16:53:00,32.6118393899906,58.22095844200231,1007.743369789664,0,normal
2026-08-03 16:54:00,32.35407243815387,59.47105369784929,1007.8642426931029,0,normal
2026-08-03 16:55:00,32.76793515859028,58.698275446312635,1007.744316542106,0,normal
2026-08-03 16:56:00,32.78910923860419,59.68425348256934,1007.6965058688951,0,normal
2026-08-03 16:57:00,33.08310374672181,58.786915160796724,1007.9011442333331,0,normal
2026-08-03 16:58:00,32.804044280757395,59.742700188532794,1008.3282905678673,0,normal
2026-08-03 16:59:00,33.18977708527888,59.257243126810486,1007.8052059496589,0,normal
2026-08-03 17:00:00,32.766172757867764,59.143737552175025,1007.894815155445,0,normal
2026-08-03 17:01:00,32.72647353917113,58.609037581893915,1007.6613907881349,0,normal
2026-08-03 17:02:00,33.14274607453587,59.089208700288765,1008.1236031147051,0,normal
2026-08-03 17:03:00,32.43110854034709,59.85270004969155,1008.0594750056101,0,normal
2026-08-03 17:04:00,33.76187544922922,58.85032809360442,1008.0492804028829,0,normal
2026-08-03 17:05:00,32.91134484092479,59.31405402349499,1008.1512351835497,0,normal
2026-08-03 17:06:00,32.91641067468863,58.921748071368526,1007.831770866055,0,normal
2026-08-03 17:07:00,32.969949509606565,58.9800204263024,1007.8564741803322,0,normal
2026-08-03 17:08:00,33.44613887908917,60.25487472292431,1008.2209013203217,0,normal
2026-08-03 17:09:00,33.069423555248726,59.833470912120404,1008.0292247716015,0,normal
2026-08-03 17:10:00,32.23311081568614,58.93168265262654,1007.518081058752,0,normal
2026-08-03 17:11:00,33.288859034569725,59.03592762338416,1008.0016127940688,0,normal
2026-08-03 17:12:00,32.68102408005945,58.299204835759696,1007.8172401711005,0,normal
2026-08-03 17:13:00,32.84046508109151,58.718793111264745,1008.0858143392562,0,normal
2026-08-03 17:14:00,32.35777422756297,59.10129000070816,1007.9998120828383,0,normal
2026-08-03 17:15:00,32.9921654769726,59.53099646353083,1007.6152313007213,0,normal
2026-08-03 17:16:00,32.58242471493278,59.446748613012076,1007.9791064549297,0,normal
2026-08-03 17:17:00,32.84780528240806,57.95696351784571,1007.9708148810274,0,normal
2026-08-03 17:18:00,32.71558065188059,59.62308845624019,1008.0005068573291,0,normal
2026-08-03 17:19:00,33.49096833753163,58.76774755541464,1008.0408573904693,0,normal
2026-08-03 17:20:00,33.513132631554186,58.04657043321902,1008.2087115390027,0,normal
2026-08-03 17:21:00,32.83767788132455,59.90280118919213,1008.016110049339,0,normal
2026-08-03 17:22:00,32.84577625226145,60.001979409261125,1007.9479010291232,0,normal
2026-08-03 17:23:00,32.694593794864964,59.040149607483336,1008.1525796653469,0,normal
2026-08-03 17:24:00,33.21424477654149,59.39411577344677,1008.3518019738685,0,normal
2026-08-03 17:25:00,32.71379328766854,59.43910225073471,1008.1149814705018,0,normal
2026-08-03 17:26:00,32.68314875635606,59.93995577771948,1007.9895428963084,0,normal
2026-08-03 17:27:00,33.1747547248426,59.40412128334353,1008.0324353333542,0,normal
2026-08-03 17:28:00,32.64540178798042,57.75797753773139,1008.0028187488376,0,normal
2026-08-03 17:29:00,32.82208025696123,60.42656939552928,1007.9622122362136,0,normal
2026-08-03 17:30:00,32.283252563623805,59.669977132894545,1008.3507547468294,0,normal
2026-08-03 17:31:00,33.08452351947009,58.40869411611108,1007.8283365067317,0,normal
2026-08-03 17:32:00,33.51863460660824,57.991608758765096,1008.1731883363561,0,normal
2026-08-03 17:33:00,33.092963030960284,59.21828841531009,1007.9447872819937,0,normal
2026-08-03 17:34:00,33.353295502122684,58.591092050821736,1007.7030994118098,0,normal
2026-08-03 17:35:00,32.54659033765404,59.07709236708335,1007.9378081008695,0,normal
2026-08-03 17:36:00,32.92642850448717,59.40735118422728,1007.8754131936948,0,normal
2026-08-03 17:37:00,32.51452656250063,58.35913548365824,1008.0799214422395,0,normal
2026-08-03 17:38:00,32.76576071765919,57.919199566333255,1007.99451339365,0,normal
2026-08-03 17:39:00,33.116527374511556,59.12067141028535,1007.796233509721,0,normal
2026-08-03 17:40:00,32.88259383237938,58.38537075932717,1008.247095939709,0,normal
2026-08-03 17:41:00,32.35316406842863,58.92915583218491,1008.1806520002947,0,normal
2026-08-03 17:42:00,32.3878885841734,57.73794998446702,1008.2720284492585,0,normal
2026-08-03 17:43:00,32.36523026550004,58.61133067064345,1008.0312998925378,0,normal
2026-08-03 17:44:00,33.021063434834524,59.385637877813046,1007.9843193415895,0,normal
2026-08-03 17:45:00,33.57176401125438,59.29915569471294,1008.1194944788627,0,normal
2026-08-03 17:46:00,33.32653570671534,58.18459045211454,1007.8910076595292,0,normal
2026-08-03 17:47:00,32.186283396189104,57.88166629538761,1008.020460743664,0,normal
2026-08-03 17:48:00,33.34738618211196,58.83002352915295,1007.967522167763,0,normal
2026-08-03 17:49:00,33.17780962862616,59.26750742608751,1007.7382494998387,0,normal
2026-08-03 17:50:00,32.30920287064529,59.14422373394901,1008.0262664927865,0,normal
2026-08-03 17:51:00,32.74385414508231,58.41189199688403,1007.9260366403665,0,normal
2026-08-03 17:52:00,33.233252906537736,59.0615494867092,1007.9638348406614,0,normal
2026-08-03 17:53:00,33.04224563832422,60.02697816983113,1008.0750564564688,0,normal
2026-08-03 17:54:00,32.39111298808649,58.99114718992761,1008.2407094696869,0,normal
2026-08-03 17:55:00,33.06268686373698,57.522584510772745,1007.8609506483908,0,normal
2026-08-03 17:56:00,32.10036126652083,58.9938683036918,1007.9552219815059,0,normal
2026-08-03 17:57:00,32.769986601398706,60.46881251822259,1007.8801582235237,0,normal
2026-08-03 17:58:00,33.24567565183691,57.806206910342226,1007.8705087215469,0,normal
2026-08-03 17:59:00,32.853173720918,58.86250559616714,1007.9149844226249,0,normal
2026-08-03 18:00:00,32.67138112198478,58.66039748464355,1007.9887088902237,0,normal
2026-08-03 18:01:00,33.15648254254636,58.921045791023374,1008.1315874684649,0,normal
2026-08-03 18:02:00,33.18550516405521,59.002748333965705,1008.0858689744236,0,normal
2026-08-03 18:03:00,33.30191519903863,59.7624649480389,1007.8400101979545,0,normal
2026-08-03 18:04:00,33.148409055253964,58.92158825802793,1008.2652466087263,0,normal
2026-08-03 18:05:00,33.21978692260461,59.878977025900724,1008.2043428469962,0,normal
2026-08-03 18:06:00,33.09666894096205,58.766586042829495,1007.8741837021396,0,normal
2026-08-03 18:07:00,32.931859858294985,58.584275733376415,1008.2587831905151,0,normal
2026-08-03 18:08:00,32.86895557416159,58.332846693726644,1008.0993358956086,0,normal
2026-08-03 18:09:00,32.75321784874831,57.41846467876986,1008.0143664362461,0,normal
2026-08-03 18:10:00,32.41048993362228,59.096833894695045,1008.1090218837354,0,normal
2026-08-03 18:11:00,32.498948681334916,60.523616644543885,1008.0419655105212,0,normal
2026-08-03 18:12:00,32.73302033070645,59.25134557154624,1008.1467529001733,0,normal
2026-08-03 18:13:00,32.91458019257474,59.438628915625415,1008.0843877534269,0,normal
2026-08-03 18:14:00,33.33263176271764,58.56341281825263,1007.9919642327066,0,normal
2026-08-03 18:15:00,32.81192265310647,58.70311094884018,1007.6900798320212,0,normal
2026-08-03 18:16:00,33.17590166160142,59.69116350546092,1008.1516470140432,0,normal
2026-08-03 18:17:00,33.20050770006858,60.51541067849258,1007.9915195140396,0,normal
2026-08-03 18:18:00,32.739732122714706,60.103952291565435,1008.2008289785755,0,normal
2026-08-03 18:19:00,33.02680041737841,59.56306047272825,1008.1495190599734,0,normal
2026-08-03 18:20:00,32.73127347039705,58.9523886294579,1008.00225480393,0,normal
2026-08-03 18:21:00,33.277034431207376,59.09757918445486,1008.2509869208254,0,normal
2026-08-03 18:22:00,62.15392707883158,0.6627203415208545,976.8572344632147,1,dropout
2026-08-03 18:23:00,32.39296231881872,57.78273894435691,1008.1003278144373,0,normal
2026-08-03 18:24:00,32.863731532564515,58.045767122109616,1008.0480205856716,0,normal
2026-08-03 18:25:00,33.38153275387645,58.993110824264654,1008.3779268889801,0,normal
2026-08-03 18:26:00,32.73868759802747,58.72587402379779,1007.94850316346,0,normal
2026-08-03 18:27:00,32.956173103222014,57.79024345746182,1008.0208120526801,0,normal
2026-08-03 18:28:00,32.98781428925062,58.94239895984072,1007.8581734372611,0,normal
2026-08-03 18:29:00,32.43115205792183,58.7241059979293,1008.2137036689452,0,normal
2026-08-03 18:30:00,32.96986080848331,58.04729541680689,1007.9801016017504,0,normal
2026-08-03 18:31:00,32.30034330887953,58.696287079212446,1008.0022764208354,0,normal
2026-08-03 18:32:00,32.56621944940452,58.742655108485444,1007.9958267078061,0,normal
2026-08-03 18:33:00,33.15862294641096,58.51322634218174,1008.1021558145906,0,normal
2026-08-03 18:34:00,32.9038464363497,59.75512194126049,1007.8677178233286,0,normal
2026-08-03 18:35:00,32.66920619536698,57.498845409389865,1007.6910572090513,0,normal
2026-08-03 18:36:00,32.92875640715473,57.44003929198752,1008.1792130403743,0,normal
2026-08-03 18:37:00,32.74811437621932,59.03894979254723,1007.7183690503741,0,normal
2026-08-03 18:38:00,32.77013080816255,59.12099632846058,1008.2545355484922,0,normal
2026-08-03 18:39:00,32.99212660825133,59.37537070335176,1008.3833052571457,0,normal
2026-08-03 18:40:00,32.50410339569026,58.62885428275718,1008.0751877163144,0,normal
2026-08-03 18:41:00,32.76917208599967,58.33385888654883,1008.3406327131804,0,normal
2026-08-03 18:42:00,32.64206304318388,59.070640078775504,1008.104332071013,0,normal
2026-08-03 18:43:00,32.19262869686692,58.73165560822283,1008.3985341600356,0,normal
2026-08-03 18:44:00,32.42159380208403,60.33433031077978,1008.0305223631424,0,normal
2026-08-03 18:45:00,33.28871955816282,58.84277625590796,1007.6889319953771,0,normal
2026-08-03 18:46:00,32.87052506818743,59.06842445829481,1008.1021940903389,0,normal
2026-08-03 18:47:00,32.268571307140384,61.10025112451993,1008.4259774202069,0,normal
2026-08-03 18:48:00,32.18858926180526,58.97318182584747,1008.2168025587878,0,normal
2026-08-03 18:49:00,32.684272864557045,59.583118104405784,1008.0297126974559,0,normal
2026-08-03 18:50:00,33.26569338865314,59.66457182154573,1008.1836341198626,0,normal
2026-08-03 18:51:00,32.6495916455166,59.74210615447635,1008.3011938464497,0,normal
2026-08-03 18:52:00,33.168016828594055,59.398163960620906,1008.1129383374491,0,normal
2026-08-03 18:53:00,32.82928393310415,59.331364676339,1008.6030559070167,0,normal
2026-08-03 18:54:00,32.86651827417621,59.26640578608766,1008.039125348482,0,normal
2026-08-03 18:55:00,32.22948224579349,58.735317801446755,1008.3146659129818,0,normal
2026-08-03 18:56:00,33.02045270492083,59.46663062241181,1008.2733146208907,0,normal
2026-08-03 18:57:00,32.57036026560976,60.83936282472577,1008.0121474697686,0,normal
2026-08-03 18:58:00,32.984867263123306,60.19535000175887,1008.0636662182246,0,normal
2026-08-03 18:59:00,32.392955558309254,59.48042478231529,1008.3252708749649,0,normal
2026-08-03 19:00:00,32.73494428711695,59.9325674856784,1008.170021201926,0,normal
2026-08-03 19:01:00,32.7911719239006,58.563303415721165,1008.206757188136,0,normal
2026-08-03 19:02:00,32.60898511132595,59.0611019454378,1007.853373700048,0,normal
2026-08-03 19:03:00,32.799345577213856,60.03878591612775,1008.2678697990809,0,normal
2026-08-03 19:04:00,32.559305975360566,60.48136082632129,1008.2034443814263,0,normal
2026-08-03 19:05:00,32.42009653513769,58.68618163393667,1008.1421667645446,0,normal
2026-08-03 19:06:00,33.20384153642916,58.9273777015054,1008.2205694538045,0,normal
2026-08-03 19:07:00,33.00364326919799,61.07084884463871,1008.0838868316557,0,normal
2026-08-03 19:08:00,32.364727132841224,59.414382956195574,1008.0529394393483,0,normal
2026-08-03 19:09:00,32.82443804796172,60.80781496863622,1008.1178771560893,0,normal
2026-08-03 19:10:00,32.359930515950325,59.52648816415214,1008.0797934520822,0,normal
2026-08-03 19:11:00,32.19954699883346,59.56994873793099,1008.5577776482785,0,normal
2026-08-03 19:12:00,32.97027148207382,59.140739079307075,1008.3313502123946,0,normal
2026-08-03 19:13:00,32.00618801733673,60.15142804699649,1007.9948190997114,0,normal
2026-08-03 19:14:00,32.92114043215228,60.49598277436352,1008.5376057023054,0,normal
2026-08-03 19:15:00,32.50233940982763,58.59426019293796,1008.0950860589221,0,normal
2026-08-03 19:16:00,32.510735760383355,59.15292700505653,1008.1802289736033,0,normal
2026-08-03 19:17:00,32.72210846191417,60.1796997448579,1008.3383878126346,0,normal
2026-08-03 19:18:00,32.77596731140328,59.35687128193367,1007.8241794615745,0,normal
2026-08-03 19:19:00,32.27711365454889,59.07879864959388,1008.1380364210556,0,normal
2026-08-03 19:20:00,32.81125773558299,60.29426092006208,1008.07942366674,0,normal
2026-08-03 19:21:00,32.593387554803236,60.3826330460541,1008.2214598933236,0,normal
2026-08-03 19:22:00,32.10767699317083,59.15352297797883,1008.2530751940914,0,normal
2026-08-03 19:23:00,32.48136273938886,59.69661869186086,1008.1744794107931,0,normal
2026-08-03 19:24:00,33.01772356068641,58.5735568678967,1008.1680485220467,0,normal
2026-08-03 19:25:00,33.11447576596475,58.837685390728296,1008.3839467360614,0,normal
2026-08-03 19:26:00,32.77206594018537,59.667257659473066,1008.2484077442225,0,normal
2026-08-03 19:27:00,32.09763499333645,59.60702795715239,1008.203513121278,0,normal
2026-08-03 19:28:00,32.6791638348361,58.82250016188168,1008.2245888440112,0,normal
2026-08-03 19:29:00,32.79838404184743,59.03744161239732,1008.530346871017,0,normal
2026-08-03 19:30:00,32.74764706029811,58.77252593343178,1008.2328820975428,0,normal
2026-08-03 19:31:00,32.76138517556477,60.00307070172421,1008.1111132178211,0,normal
2026-08-03 19:32:00,32.6067306632683,58.079493302192546,1007.8620065371103,0,normal
2026-08-03 19:33:00,32.447117316683645,58.85904492049003,1007.9494293479219,0,normal
2026-08-03 19:34:00,32.2523418375399,58.19277545410224,1008.1253844147056,0,normal
2026-08-03 19:35:00,31.79373777014327,60.03328684743863,1008.1918515634205,0,normal
2026-08-03 19:36:00,32.569570614986986,58.270944617886414,1008.1132571916256,0,normal
2026-08-03 19:37:00,32.50843148249724,59.753695067498,1008.2783839893422,0,normal
2026-08-03 19:38:00,32.63101786063851,61.05523006246905,1008.1147550252733,0,normal
2026-08-03 19:39:00,31.960215832789615,61.0977757975903,1008.0543862057739,0,normal
2026-08-03 19:40:00,32.6465384025919,58.32983867021581,1008.3311773878004,0,normal
2026-08-03 19:41:00,33.13223655239202,60.02894659666182,1008.46929917247,0,normal
2026-08-03 19:42:00,32.43290344221818,59.014813869147204,1008.0254241242359,0,normal
2026-08-03 19:43:00,32.37610022951234,58.867371591716186,1008.2704887599535,0,normal
2026-08-03 19:44:00,32.498008327872725,59.7471112137492,1007.8856241831966,0,normal
2026-08-03 19:45:00,33.09328724193012,60.83664382030339,1007.9650128005084,0,normal
2026-08-03 19:46:00,32.01574186677382,60.34997838749665,1008.1263560032583,0,normal
2026-08-03 19:47:00,32.437127983414,59.314495327694125,1008.4385214849486,0,normal
2026-08-03 19:48:00,32.07805025997167,60.4671081506789,1008.0959738638709,0,normal
2026-08-03 19:49:00,32.158341489842265,58.12470297813078,1008.0911458138348,0,normal
2026-08-03 19:50:00,32.32423745886893,59.334017210889805,1008.2464421887993,0,normal
2026-08-03 19:51:00,32.804896423816196,59.294080039292574,1008.2485237562414,0,normal
2026-08-03 19:52:00,32.955357679446266,60.03278417538768,1008.1024269394504,0,normal
2026-08-03 19:53:00,32.473477017489714,59.82491421945885,1008.6031720758316,0,normal
2026-08-03 19:54:00,32.17637419075295,59.891163003068485,1008.1997880873428,0,normal
2026-08-03 19:55:00,33.172134966095015,59.881841556208144,1008.2698998244582,0,normal
2026-08-03 19:56:00,32.14146541920662,60.056933983557734,1008.1790349970375,0,normal
2026-08-03 19:57:00,32.082584313580455,60.488617374180315,1008.3324507550437,0,normal
2026-08-03 19:58:00,31.65256365123647,60.1935949197872,1008.4774485892112,0,normal
2026-08-03 19:59:00,32.75367720403697,59.864378919275104,1008.556515863851,0,normal
2026-08-03 20:00:00,32.5951223234185,60.43110173018855,1008.1217485828649,0,normal
2026-08-03 20:01:00,33.09359945809757,60.78855681781509,1008.4589993989905,0,normal
2026-08-03 20:02:00,31.752105615543293,59.70090397011971,1008.361698555203,0,normal
2026-08-03 20:03:00,32.739810125862505,60.116380699586976,1008.4400722361503,0,normal
2026-08-03 20:04:00,32.24494978837923,61.11171751385464,1008.2500169352145,0,normal
2026-08-03 20:05:00,32.4934300801849,59.31838395288647,1008.2347873627986,0,normal
2026-08-03 20:06:00,31.625406461430273,61.66286500699383,1008.4387827964952,0,normal
2026-08-03 20:07:00,32.706731541071626,59.16640021940231,1008.4440982509681,0,normal
2026-08-03 20:08:00,32.458899372026124,59.98016332116336,1008.5559827430618,0,normal
2026-08-03 20:09:00,32.16065694532885,59.51514335100784,1008.3117910660541,0,normal
2026-08-03 20:10:00,32.3906633692067,62.044586475468215,1008.2587073811592,0,normal
2026-08-03 20:11:00,31.887490747940795,59.910623236996386,1007.8370779420809,0,normal
2026-08-03 20:12:00,31.943092134196963,59.93179722907171,1007.9917243469997,0,normal
2026-08-03 20:13:00,31.974114679717513,60.05514622609713,1008.2126857179992,0,normal
2026-08-03 20:14:00,31.478231927264634,60.447610353007676,1008.0873602888508,0,normal
2026-08-03 20:15:00,32.41861097588781,60.12786505040241,1008.4339944349541,0,normal
2026-08-03 20:16:00,32.52430471839798,60.303906526105585,1008.0535473646529,0,normal
2026-08-03 20:17:00,31.851970765864046,57.60655228231931,1008.2010167517489,0,normal
2026-08-03 20:18:00,32.20944954201484,60.495458814311206,1008.2099873644414,0,normal
2026-08-03 20:19:00,31.984719781846906,60.48389301445913,1008.5119067204895,0,normal
2026-08-03 20:20:00,32.18257868077899,61.32052524107972,1008.1874710735099,0,normal
2026-08-03 20:21:00,31.837998182522945,61.557046802890646,1008.3802895836806,0,normal
2026-08-03 20:22:00,31.738362605375425,60.379864430618525,1008.335984151375,0,normal
2026-08-03 20:23:00,32.405642777771774,61.20335161199333,1008.4652509343179,0,normal
2026-08-03 20:24:00,32.00486118064115,59.68955505579418,1008.4576000079877,0,normal
2026-08-03 20:25:00,32.7246976927115,61.20522958750611,1008.3004447237263,0,normal
2026-08-03 20:26:00,32.02285627644189,60.15402423809402,1008.0030339515773,0,normal
2026-08-03 20:27:00,31.672153456601407,59.684999226980494,1008.2685570190104,0,normal
2026-08-03 20:28:00,32.41528801234745,60.50514137024593,1008.308582192882,0,normal
2026-08-03 20:29:00,32.19616185169115,61.79494779438641,1008.3655601372479,0,normal
2026-08-03 20:30:00,32.21925574087519,60.840433825627166,1008.1832232721614,0,normal
2026-08-03 20:31:00,32.37097447919903,61.91398113115112,1008.5232505998046,0,normal
2026-08-03 20:32:00,31.715145304462116,60.139066935292206,1008.3222455916623,0,normal
2026-08-03 20:33:00,31.888391082648464,61.5976973773788,1008.1560107898182,0,normal
2026-08-03 20:34:00,31.862174207145912,60.25915236097111,1008.2411260561763,0,normal
2026-08-03 20:35:00,31.45961864866224,60.982707348246734,1008.6726520587217,0,normal
2026-08-03 20:36:00,31.808268261675522,60.997454429293306,1008.4470102951761,0,normal
2026-08-03 20:37:00,32.35734930058831,61.37506465367128,1008.5180529478954,0,normal
2026-08-03 20:38:00,31.96172351145911,61.06832581542917,1008.1437542272141,0,normal
2026-08-03 20:39:00,31.39651961515451,60.29834630107259,1008.2091602918504,0,normal
2026-08-03 20:40:00,31.312030622844297,61.61599826787661,1008.2124040372495,0,normal
2026-08-03 20:41:00,32.42812702007681,62.31923452188723,1008.3701620224741,0,normal
2026-08-03 20:42:00,31.802672588388674,60.48912041464344,1008.3075626193785,0,normal
2026-08-03 20:43:00,31.59646758764125,59.510328361699536,1008.2526864763881,0,normal
2026-08-03 20:44:00,31.715889251100617,61.40041710907145,1008.2771762076665,0,normal
2026-08-03 20:45:00,31.28340237282162,60.75856072670369,1008.2016964273448,0,normal
2026-08-03 20:46:00,32.287165834335944,60.94126209382717,1008.3141664989016,0,normal
2026-08-03 20:47:00,31.640085395487795,61.51382126015009,1008.5488319884184,0,normal
2026-08-03 20:48:00,32.244765016740836,60.72659471842712,1008.0780045362146,0,normal
2026-08-03 20:49:00,31.772722528505223,60.89955120929356,1008.4146531972639,0,normal
2026-08-03 20:50:00,32.24340017624145,61.057555400066036,1008.6026217276989,0,normal
2026-08-03 20:51:00,31.821276450002962,62.336566078428454,1008.3231503921041,0,normal
2026-08-03 20:52:00,32.01838425523199,61.20802379516015,1008.2628463157322,0,normal
2026-08-03 20:53:00,31.959705120100875,60.21872728089603,1008.5263265235556,0,normal
2026-08-03 20:54:00,31.91439466687058,60.27395382283866,1008.184726717367,0,normal
2026-08-03 20:55:00,31.806190836453233,61.36552301271922,1008.3597249429573,0,normal
2026-08-03 20:56:00,31.591037958626135,60.37417072307149,1008.1785612274275,0,normal
2026-08-03 20:57:00,32.33101098418817,60.05153553631941,1008.0310397420054,0,normal
2026-08-03 20:58:00,31.33120545318536,61.83356304651194,1008.3422265239473,0,normal
2026-08-03 20:59:00,31.63811728243557,61.89657919957573,1008.144099399006,0,normal
2026-08-03 21:00:00,31.6297477591893,61.0784073375075,1008.3713377004274,0,normal
2026-08-03 21:01:00,31.753272180111917,61.631869515212095,1008.5760726911312,0,normal
2026-08-03 21:02:00,31.449935055922165,61.57155391043562,1008.711063401148,0,normal
2026-08-03 21:03:00,31.698196841019243,61.927195174858824,1008.3960638913169,0,normal
2026-08-03 21:04:00,31.51667870333571,61.95335077986087,1008.5646198050221,0,normal
2026-08-03 21:05:00,31.00978125955765,59.40929885665718,1008.4549077298492,0,normal
2026-08-03 21:06:00,31.554452269066886,61.32599666725712,1008.3160686820736,0,normal
2026-08-03 21:07:00,31.153508964449003,61.957272085728206,1008.0405052704215,0,normal
2026-08-03 21:08:00,30.919223449304507,61.23922271200321,1008.6816707359835,0,normal
2026-08-03 21:09:00,31.56166977657136,61.62127524747608,1008.2020020670096,0,normal
2026-08-03 21:10:00,31.671983186107965,62.21768372566849,1008.6416788296335,0,normal
2026-08-03 21:11:00,31.672982728882253,61.706759534016946,1008.4913463233692,0,normal
2026-08-03 21:12:00,31.674517297671567,62.87333503930797,1008.2209808327689,0,normal
2026-08-03 21:13:00,30.78692551080547,62.59365276303522,1008.4547663421656,0,normal
2026-08-03 21:14:00,30.97425508753538,61.62236033707259,1008.7844754692961,0,normal
2026-08-03 21:15:00,32.12857833086788,61.584005807024845,1008.6789151416988,0,normal
2026-08-03 21:16:00,31.058513295273023,59.48749727129165,1008.3121569028809,0,normal
2026-08-03 21:17:00,31.625977220133315,61.53195087767901,1008.2782376885906,0,normal
2026-08-03 21:18:00,31.15885740204042,60.736015407278444,1008.4263820593294,0,normal
2026-08-03 21:19:00,31.414230199888895,62.02117338488291,1008.3805039636101,0,normal
2026-08-03 21:20:00,31.15172165252898,61.99212642910351,1008.6282024402692,0,normal
2026-08-03 21:21:00,31.556872870640618,62.45223498700783,1008.5473305043674,0,normal
2026-08-03 21:22:00,31.395134462998005,63.03868722720557,1008.1115572124938,0,normal
2026-08-03 21:23:00,31.17724962081275,61.92621524975209,1008.5006799987312,0,normal
2026-08-03 21:24:00,30.953436036435455,63.797522792634595,1008.3878413617996,0,normal
2026-08-03 21:25:00,31.401520454931394,62.185188382513935,1008.4287180301998,0,normal
2026-08-03 21:26:00,30.870109338858555,60.97716965461332,1008.4688107070992,0,normal
2026-08-03 21:27:00,31.430899196497656,61.601878397632916,1008.641736171014,0,normal
2026-08-03 21:28:00,32.18722919976009,61.779608773891084,1008.6039332745606,0,normal
2026-08-03 21:29:00,31.72715664288231,62.57785472168059,1008.2949440631497,0,normal
2026-08-03 21:30:00,31.4926157798847,61.372776097856566,1008.4213164606548,0,normal
2026-08-03 21:31:00,31.197787869456715,61.918693998737744,1008.3531032841797,0,normal
2026-08-03 21:32:00,30.535703177332557,62.05481635451159,1008.133077060865,0,normal
2026-08-03 21:33:00,30.737942560299338,61.85180051052233,1008.4180965431751,0,normal
2026-08-03 21:34:00,31.63615679035817,62.88615225751269,1008.771814648215,0,normal
2026-08-03 21:35:00,30.8971617058975,62.77687358975659,1008.1335683930134,0,normal
2026-08-03 21:36:00,30.915195956512424,63.22393995703539,1008.439384188025,0,normal
2026-08-03 21:37:00,31.08827545812709,62.05280862764218,1008.4355913244568,0,normal
2026-08-03 21:38:00,30.760817208447744,63.30666561290615,1008.4994712463866,0,normal
2026-08-03 21:39:00,30.68940622167193,61.280532446625124,1008.2763728493591,0,normal
2026-08-03 21:40:00,31.08731310366301,61.28818050790749,1008.1951297431896,0,normal
2026-08-03 21:41:00,30.779109607119963,61.45507521474039,1008.2054902249665,0,normal
2026-08-03 21:42:00,30.817916704029457,62.460784817847795,1008.6951958972959,0,normal
2026-08-03 21:43:00,30.789947309636194,63.44268664459625,1008.2807362450549,0,normal
2026-08-03 21:44:00,31.232244144888657,62.0265084627903,1008.3696923256578,0,normal
2026-08-03 21:45:00,30.95419118805937,62.15437416726117,1008.8404431056745,0,normal
2026-08-03 21:46:00,30.958915578801125,62.390489577148784,1008.3314408734548,0,normal
2026-08-03 21:47:00,31.216291168025112,63.049209273465664,1008.5272384269127,0,normal
2026-08-03 21:48:00,30.94355459719077,62.23655664429214,1008.6590941803585,0,normal
2026-08-03 21:49:00,30.881752288748846,62.21970020610094,1008.6524412809498,0,normal
2026-08-03 21:50:00,31.129635943848637,61.59796071354296,1008.2319334789076,0,normal
2026-08-03 21:51:00,31.184649613598665,62.24480894524857,1008.3452213832812,0,normal
2026-08-03 21:52:00,30.88507180363763,63.67212939523605,1008.5300599826941,0,normal
2026-08-03 21:53:00,30.950492795773975,62.830939696424885,1008.8248693123511,0,normal
2026-08-03 21:54:00,30.63435170071406,62.194418404335245,1008.3425880319583,0,normal
2026-08-03 21:55:00,30.592403359710897,63.80338402659527,1008.3928254887321,0,normal
2026-08-03 21:56:00,31.148474407661496,62.37452808125882,1008.5592172093201,0,normal
2026-08-03 21:57:00,31.020599351705034,64.00695606402236,1008.597252411536,0,normal
2026-08-03 21:58:00,31.009787699669417,64.02223206653747,1008.6101819153365,0,normal
2026-08-03 21:59:00,30.934262931782037,62.97257231737523,1008.3374165668375,0,normal
2026-08-03 22:00:00,30.837633046031335,61.75740105555732,1008.3960185669373,0,normal
2026-08-03 22:01:00,31.050671657119324,64.8163794397035,1008.5326062548332,0,normal
2026-08-03 22:02:00,31.11964904402577,63.32319814971389,1008.7230630976446,0,normal
2026-08-03 22:03:00,31.09669242938093,62.78292560686215,1008.454953181265,0,normal
2026-08-03 22:04:00,30.727860456117728,63.8356545212717,1008.495901477768,0,normal
2026-08-03 22:05:00,31.23391901283212,63.66136989784168,1008.3172864707263,0,normal
2026-08-03 22:06:00,30.81374064106722,64.17711181682749,1008.8393744714377,0,normal
2026-08-03 22:07:00,30.94038821289193,62.62737383743732,1008.5338033238289,0,normal
2026-08-03 22:08:00,30.80303403235758,63.44097866457866,1008.7020765213105,0,normal
2026-08-03 22:09:00,30.775972209989668,62.26650802130947,1008.5155091586655,0,normal
2026-08-03 22:10:00,30.41719340960277,63.77733186798387,1008.5275250822685,0,normal
2026-08-03 22:11:00,30.905336581310213,63.25502354481215,1008.2441731250177,0,normal
2026-08-03 22:12:00,31.64084473212513,63.52735754469986,1008.1291456855893,0,normal
2026-08-03 22:13:00,30.49891233507822,63.214694938091625,1008.74368225526,0,normal
2026-08-03 22:14:00,30.640008977905975,63.160261979945325,1008.5344487051748,0,normal
2026-08-03 22:15:00,30.444030788279026,62.69579962316385,1008.5596166288891,0,normal
2026-08-03 22:16:00,30.41440934427796,64.0521129300774,1008.2996936782816,0,normal
2026-08-03 22:17:00,31.1107594711597,64.64096831594765,1008.3640380514324,0,normal
2026-08-03 22:18:00,30.31962059635853,63.033358321194655,1008.7198726922093,0,normal
2026-08-03 22:19:00,30.374163330701087,63.95106438789369,1008.843955434051,0,normal
2026-08-03 22:20:00,29.96937308781268,63.88356837236581,1008.4209739666841,0,normal
2026-08-03 22:21:00,30.24470887956996,63.57393918189402,1008.6557465412758,0,normal
2026-08-03 22:22:00,29.89678404686872,62.375873235125944,1008.5711628395094,0,normal
2026-08-03 22:23:00,30.700680591986064,62.585609715175934,1008.5173445023532,0,normal
2026-08-03 22:24:00,31.44424211730657,63.03188815011191,1008.8744762683885,0,normal
2026-08-03 22:25:00,30.320784152259257,61.975303842414654,1008.461633870404,0,normal
2026-08-03 22:26:00,29.850504885764085,64.84281336433455,1008.7686275674477,0,normal
2026-08-03 22:27:00,30.733593563456772,64.04047922450974,1008.6160472354641,0,normal
2026-08-03 22:28:00,30.148868845107746,63.75232181664094,1008.5464453407767,0,normal
2026-08-03 22:29:00,30.842738582876432,62.05412161851032,1008.7985455403541,0,normal
2026-08-03 22:30:00,30.273907539395626,62.37727826289617,1008.6059063544624,0,normal
2026-08-03 22:31:00,30.13610903271081,63.86461101296011,1008.5384275650919,0,normal
2026-08-03 22:32:00,30.27956276277802,65.47302922443168,1008.8061891825199,0,normal
2026-08-03 22:33:00,30.59165001991013,63.367918423299905,1008.7848645780575,0,normal
2026-08-03 22:34:00,30.23138833972205,64.64811156554616,1008.7784612761061,0,normal
2026-08-03 22:35:00,30.121666780187834,63.603432893776954,1007.8644163424127,0,normal
2026-08-03 22:36:00,30.21044198818394,64.06186963013505,1008.6455689165145,0,normal
2026-08-03 22:37:00,29.819374414137418,65.01978988568995,1008.6066369875929,0,normal
2026-08-03 22:38:00,30.387953824901466,63.801686710802535,1008.5643020595782,0,normal
2026-08-03 22:39:00,29.608086147438026,63.556809363962635,1008.682462129873,0,normal
2026-08-03 22:40:00,30.062424593559495,65.27383451812756,1008.6217291956036,0,normal
2026-08-03 22:41:00,30.468057829833388,64.20634806618045,1008.6989642831186,0,normal
2026-08-03 22:42:00,30.29272536791687,65.07342800659004,1008.530858652927,0,normal
2026-08-03 22:43:00,30.377635991119448,63.682864774204184,1008.850899977099,0,normal
2026-08-03 22:44:00,30.132603288282414,65.38704047968929,1008.7235759726185,0,normal
2026-08-03 22:45:00,30.54910638404555,64.51127686271255,1008.6831622418993,0,normal
2026-08-03 22:46:00,30.447646653059376,64.67091521900484,1008.6765187321639,0,normal
2026-08-03 22:47:00,30.264439068783858,64.45913422323756,1008.7981096707459,0,normal
2026-08-03 22:48:00,30.417199895550738,63.980231461711355,1008.7758530069035,0,normal
2026-08-03 22:49:00,30.3394579506491,64.41408032464267,1008.5738033436991,0,normal
2026-08-03 22:50:00,29.90723029117468,64.09220339558831,1008.7745142417772,0,normal
2026-08-03 22:51:00,29.574893001668265,65.24479477028673,1008.6297468016413,0,normal
2026-08-03 22:52:00,30.176582055300024,64.34562727535001,1008.9456262248433,0,normal
2026-08-03 22:53:00,30.20476712837106,63.34181450300484,1008.8003354043751,0,normal
2026-08-03 22:54:00,30.379464882221647,63.22646019301816,1008.4923027223898,0,normal
2026-08-03 22:55:00,29.654234534139434,63.21963460597757,1009.0266113436804,0,normal
2026-08-03 22:56:00,29.648827218327444,65.12642616267334,1008.2308903005435,0,normal
2026-08-03 22:57:00,30.111158411107514,63.74191644862489,1008.7261584203845,0,normal
2026-08-03 22:58:00,29.90938452766726,64.93428820152909,1008.488290201328,0,normal
2026-08-03 22:59:00,29.258360800166713,64.8346076492005,1008.9545903974125,0,normal
2026-08-03 23:00:00,30.03373465301374,64.70473781345706,1008.6634893433385,0,normal
2026-08-03 23:01:00,29.23815355681466,65.13841313416157,1008.4772904706814,0,normal
2026-08-03 23:02:00,29.53970222288136,64.94554313861903,1008.5743971173675,0,normal
2026-08-03 23:03:00,30.327656901502976,62.68235433463262,1008.4960541350305,0,normal
2026-08-03 23:04:00,30.477288756841553,64.62250166499251,1008.5717207067323,0,normal
2026-08-03 23:05:00,29.397100634821086,65.25277342861696,1008.5698059028821,0,normal
2026-08-03 23:06:00,29.69127948163537,66.25623099402928,1008.4959594860599,0,normal
2026-08-03 23:07:00,29.805457760975987,66.32450884811387,1008.6819872671579,0,normal
2026-08-03 23:08:00,30.39793017266103,63.916183963292326,1008.7060075511549,0,normal
2026-08-03 23:09:00,29.585945308284423,64.75830878797758,1008.4584666659722,0,normal
2026-08-03 23:10:00,29.57547685609405,63.81660428729669,1008.3415312595871,0,normal
2026-08-03 23:11:00,30.268365476317342,66.31683318992773,1008.6982128365205,0,normal
2026-08-03 23:12:00,29.57904934735313,65.94266039142033,1008.7402106419021,0,normal
2026-08-03 23:13:00,29.946899233051113,65.44431675526478,1008.7781314684019,0,normal
2026-08-03 23:14:00,29.161021056521736,65.32821350338428,1008.7481346009884,0,normal
2026-08-03 23:15:00,29.601971779912787,66.3313532325085,1008.9342462569238,0,normal
2026-08-03 23:16:00,29.06491649115577,66.227438236277,1008.832866757207,0,normal
2026-08-03 23:17:00,29.26023601540972,66.21636197718264,1009.1380041997116,0,normal
2026-08-03 23:18:00,29.907211389126754,65.68683607861938,1009.2159955042725,0,normal
2026-08-03 23:19:00,29.57986803807453,65.07369277371052,1008.3436677363079,0,normal
2026-08-03 23:20:00,29.4694831722775,65.99837517276048,1008.2668917614332,0,normal
2026-08-03 23:21:00,29.30293462849069,66.06912481584455,1008.6633001250278,0,normal
2026-08-03 23:22:00,29.47158605824492,65.29541281018388,1008.7576495810058,0,normal
2026-08-03 23:23:00,29.63801616379552,65.1985700734748,1008.6554889790922,0,normal
2026-08-03 23:24:00,29.860450596453095,66.41788059378844,1008.7980566607912,0,normal
2026-08-03 23:25:00,28.58142476425949,66.87419739983264,1008.625035879927,0,normal
2026-08-03 23:26:00,29.19289899614401,64.97507560572043,1008.5510389727076,0,normal
2026-08-03 23:27:00,29.523481832749226,65.39559120830963,1008.5805038059178,0,normal
2026-08-03 23:28:00,29.41697254924925,65.91875134599454,1008.6444713089991,0,normal
2026-08-03 23:29:00,29.576526881312468,66.05900785426346,1008.8346147064022,0,normal
2026-08-03 23:30:00,29.51274923176246,65.2835701918688,1008.5974534524479,0,normal
2026-08-03 23:31:00,29.2961660073372,67.2400246753698,1008.6353401389734,0,normal
2026-08-03 23:32:00,29.202225775225244,66.10263896046133,1008.7922847091942,0,normal
2026-08-03 23:33:00,29.284448827718577,66.22183315309428,1008.6561569513391,0,normal
2026-08-03 23:34:00,29.75617976204064,67.23560588725854,1008.8952462911572,0,normal
2026-08-03 23:35:00,29.08165870313163,65.50102945092385,1008.5310288324474,0,normal
2026-08-03 23:36:00,29.299616930651133,65.82132072811025,1008.4942995228145,0,normal
2026-08-03 23:37:00,29.36950344138225,64.92120268884644,1008.7559867617073,0,normal
2026-08-03 23:38:00,29.835187767947833,65.81778051715342,1008.7762374965337,0,normal
2026-08-03 23:39:00,29.167685536116817,64.79632489409914,1008.55008841243,0,normal
2026-08-03 23:40:00,29.59210176289681,66.61755742547642,1008.9499473610023,0,normal
2026-08-03 23:41:00,29.67143606886159,66.38709079671044,1009.0569114102428,0,normal
2026-08-03 23:42:00,29.2016512819309,65.8612572461902,1008.5997351590804,0,normal
2026-08-03 23:43:00,29.13393409644083,66.03439627625549,1008.9827927173419,0,normal
2026-08-03 23:44:00,29.076236200812293,66.7557335956833,1008.2886280387647,0,normal
2026-08-03 23:45:00,29.085585233453063,65.2697509001219,1008.9134488343889,0,normal
2026-08-03 23:46:00,29.457825038601666,66.37355086946826,1008.5676916958759,0,normal
2026-08-03 23:47:00,29.223412064033525,66.8016541409641,1008.9001260257411,0,normal
2026-08-03 23:48:00,29.20862749752761,64.84805708319604,1008.5537508020917,0,normal
2026-08-03 23:49:00,28.71616575584803,66.85365654263617,1008.7168038563404,0,normal
2026-08-03 23:50:00,28.75509101551597,64.99828511862982,1008.5856655426962,0,normal
2026-08-03 23:51:00,29.827638477453576,66.27528702611902,1008.6953461744226,0,normal
2026-08-03 23:52:00,28.998913934291178,65.47047524127846,1009.0655929954851,0,normal
2026-08-03 23:53:00,28.773705207322568,67.57800830135406,1008.7191434652029,0,normal
2026-08-03 23:54:00,29.52948451471389,65.5391339246344,1009.1207957949172,0,normal
2026-08-03 23:55:00,29.110959448182772,65.17649481578401,1008.6738681188906,0,normal
2026-08-03 23:56:00,29.19840988985833,66.63514005015452,1009.0142085545501,0,normal
2026-08-03 23:57:00,28.931471283832526,66.22930262132571,1008.4554464247116,0,normal
2026-08-03 23:58:00,28.85198746306205,65.38838196672096,1008.6988833152135,1,drift
2026-08-03 23:59:00,29.231311273762714,67.04451334412107,1008.6563426715327,1,drift
2026-08-04 00:00:00,29.133855427000576,65.06245027590909,1009.032020680185,1,drift
2026-08-04 00:01:00,29.91419061365344,65.85843781000332,1008.7909733430433,1,drift
2026-08-04 00:02:00,30.37573265685277,66.25902917038908,1008.3841721737203,1,drift
2026-08-04 00:03:00,31.246943851905574,67.39274645101995,1008.5266060890058,1,drift
2026-08-04 00:04:00,30.956547114783916,67.81909894899489,1008.5825562110749,1,drift
2026-08-04 00:05:00,30.436656595509916,67.69669615461352,1008.9353741710225,1,drift
2026-08-04 00:06:00,31.54790048772975,66.72358722495444,1008.914559886669,1,drift
2026-08-04 00:07:00,32.86680468967602,64.9360847773717,1008.7180037889076,1,drift
2026-08-04 00:08:00,32.53839561837072,67.22232753767139,1008.6757648031058,1,drift
2026-08-04 00:09:00,32.27855215206775,68.11780590766443,1008.9058710663918,1,drift
2026-08-04 00:10:00,33.096453375931794,67.96006850292895,1008.5760353874201,1,drift
2026-08-04 00:11:00,32.95707149170384,67.37507152659941,1008.8641620709103,1,drift
2026-08-04 00:12:00,33.07016124788383,66.08477254835417,1008.8512707606974,1,drift
2026-08-04 00:13:00,33.74929020026886,66.64777731424225,1008.7372310221003,1,drift
2026-08-04 00:14:00,34.23048755062705,68.64670772742201,1008.8606825769047,1,drift
2026-08-04 00:15:00,33.87044122565884,65.99789042386223,1008.8099246932812,1,drift
2026-08-04 00:16:00,34.4507411027206,66.24460288233344,1008.8835341628283,1,drift
2026-08-04 00:17:00,35.18382466570404,67.94850230763133,1008.556314965021,1,drift
2026-08-04 00:18:00,35.36461644529647,66.88110168007758,1008.909522251658,1,drift
2026-08-04 00:19:00,35.97294062688818,66.31217521386154,1008.9861624419289,1,drift
2026-08-04 00:20:00,35.73691249181222,68.51148813621151,1008.8616115635072,1,drift
2026-08-04 00:21:00,36.73928635435241,67.68946892301831,1008.9145290686843,1,drift
2026-08-04 00:22:00,36.40234171811228,67.04667664203086,1008.7889984532577,1,drift
2026-08-04 00:23:00,37.718936303160916,66.46697104405915,1008.9717013189522,1,drift
2026-08-04 00:24:00,36.87079714076541,69.05296883014836,1008.8254872828951,1,drift
2026-08-04 00:25:00,37.41626344743144,67.4269135385764,1008.6095985323934,1,drift
2026-08-04 00:26:00,38.2720940951746,68.59574702787752,1008.9663558592653,1,drift
2026-08-04 00:27:00,39.03586510557708,68.22417858971433,1008.5270634438818,1,drift
2026-08-04 00:28:00,28.58889027982651,67.12391469500834,1008.8746067723586,0,normal
2026-08-04 00:29:00,28.659615471378366,67.16162367965748,1008.7570467921375,0,normal
2026-08-04 00:30:00,28.452756310401625,68.76034497754695,1008.7480485975528,0,normal
2026-08-04 00:31:00,28.0713956549396,68.80459869677026,1008.8621773791111,0,normal
2026-08-04 00:32:00,28.2431172445665,66.16431852931285,1008.7060595492386,0,normal
2026-08-04 00:33:00,27.974541960226617,68.13691613119155,1008.9284443768804,0,normal
2026-08-04 00:34:00,27.935221021903146,67.63133424855961,1008.8489904135924,0,normal
2026-08-04 00:35:00,28.5074555425999,66.93283471521747,1008.7301776917105,0,normal
2026-08-04 00:36:00,27.957820108031868,68.00004968392595,1009.0846903697952,0,normal
2026-08-04 00:37:00,28.44688066438119,66.7421067738656,1008.8832102252459,0,normal
2026-08-04 00:38:00,27.863518846704924,67.47972258444152,1008.962428698488,0,normal
2026-08-04 00:39:00,28.40702691072803,67.24518123405882,1009.1064095465134,0,normal
2026-08-04 00:40:00,28.116406301774727,67.5151706798305,1009.1059986286996,0,normal
2026-08-04 00:41:00,28.763929595904624,67.88883391457239,1008.9608746658748,0,normal
2026-08-04 00:42:00,28.369101648951847,67.16454537505395,1008.8045854772339,0,normal
2026-08-04 00:43:00,28.672527149433076,69.26649232931884,1008.6042718205308,0,normal
2026-08-04 00:44:00,27.959747419076532,68.43349393156174,1008.9013812590941,0,normal
2026-08-04 00:45:00,28.22811240962415,69.50540327417546,1009.0637644245217,0,normal
2026-08-04 00:46:00,27.849338349575667,67.97254108244529,1008.9330821157624,0,normal
2026-08-04 00:47:00,28.03223208355561,67.69239142595518,1008.2518504077105,0,normal
2026-08-04 00:48:00,28.069551258595947,69.5689397901787,1009.0310607024896,0,normal
2026-08-04 00:49:00,27.891550236670508,67.73050840767847,1009.0446972316284,0,normal
2026-08-04 00:50:00,27.70450685450598,68.0810359153252,1008.8253891507676,0,normal
2026-08-04 00:51:00,27.619553701016812,68.83038466180037,1009.0600999031864,0,normal
2026-08-04 00:52:00,27.27974480479648,67.29480658986861,1008.9978181276626,0,normal
2026-08-04 00:53:00,27.713327539307183,68.88462622621365,1008.7639865785019,0,normal
2026-08-04 00:54:00,28.287084399909205,68.81283354879199,1009.1188093477481,0,normal
2026-08-04 00:55:00,27.492420665392363,69.39214318092328,1008.6644305450111,0,normal
2026-08-04 00:56:00,27.557506954208886,69.11920661093862,1008.8848774941847,0,normal
2026-08-04 00:57:00,28.647640734311047,69.47760226325074,1008.8695301626528,0,normal
2026-08-04 00:58:00,27.782550687602747,68.37969056304975,1008.7518246563196,0,normal
2026-08-04 00:59:00,28.102210566719314,67.80825970154063,1008.9577032659208,0,normal
2026-08-04 01:00:00,28.199198011735742,70.2167109725715,1009.141507519337,0,normal
2026-08-04 01:01:00,28.19083639160056,67.33765108740576,1009.1328593039126,0,normal
2026-08-04 01:02:00,27.410730489808955,67.4480397517095,1009.041153877227,0,normal
2026-08-04 01:03:00,27.847281094964373,69.07155242220001,1008.6082607209846,0,normal
2026-08-04 01:04:00,27.346407538071023,69.94959518764735,1008.6756917136737,0,normal
2026-08-04 01:05:00,28.75365731812598,68.83135941461322,1008.9487138267438,0,normal
2026-08-04 01:06:00,27.32392289396126,69.50922956183719,1008.9152852365663,0,normal
2026-08-04 01:07:00,27.50009281005026,67.14316720648965,1008.8344412347585,0,normal
2026-08-04 01:08:00,27.487359016396585,68.37015057493186,1009.2697057394073,0,normal
2026-08-04 01:09:00,27.312495653082763,67.30055927345781,1008.9484582513238,0,normal
2026-08-04 01:10:00,28.29451756439761,69.45393052786473,1009.029697475988,0,normal
2026-08-04 01:11:00,28.65377500493429,67.62165365993098,1009.1125477379836,0,normal
2026-08-04 01:12:00,27.62424055423896,67.86697277318497,1008.9472869141795,0,normal
2026-08-04 01:13:00,27.313465408780438,69.3301887636455,1009.4064570331248,0,normal
2026-08-04 01:14:00,26.977576901908805,69.7981199046811,1008.7734741726932,0,normal
2026-08-04 01:15:00,27.659976937257618,68.85112828737935,1008.8363275383657,0,normal
2026-08-04 01:16:00,27.619628392283527,69.46403311035226,1008.7783949243515,1,drift
2026-08-04 01:17:00,27.766463701433135,69.46766741150714,1009.2320690643542,1,drift
2026-08-04 01:18:00,28.335987464434996,68.8945860558141,1009.0978569376316,1,drift
2026-08-04 01:19:00,28.660933521877684,68.22060217436298,1008.8582289299203,1,drift
2026-08-04 01:20:00,28.89984716631236,69.57766651391908,1008.8033772051419,1,drift
2026-08-04 01:21:00,28.940298023580567,69.64556403867033,1009.210857803559,1,drift
2026-08-04 01:22:00,28.929576680015433,69.89958783650818,1009.0293877432083,1,drift
2026-08-04 01:23:00,29.81241767478653,69.46324847307237,1009.2208695076439,1,drift
2026-08-04 01:24:00,29.84801714431582,68.30796807703105,1008.9588815843973,1,drift
2026-08-04 01:25:00,30.418853456586845,69.82415792860535,1009.0645028926522,1,drift
2026-08-04 01:26:00,30.648775804079797,69.29984330919534,1009.0291894497783,1,drift
2026-08-04 01:27:00,30.13898400848175,68.94376463947624,1008.8655342362055,1,drift
2026-08-04 01:28:00,30.39900494989032,69.1231958609864,1008.9546579967789,1,drift
2026-08-04 01:29:00,30.90095636614523,68.83559170570005,1008.7701628737328,1,drift
2026-08-04 01:30:00,31.06014681116457,70.12770783971085,1009.0750140925268,1,drift
2026-08-04 01:31:00,31.958653388401714,68.31091831827615,1009.1258408820734,1,drift
2026-08-04 01:32:00,32.08178097716764,68.67934003694424,1009.1697902187501,1,drift
2026-08-04 01:33:00,32.60807635721944,69.23977001977056,1009.1142882265073,1,drift
2026-08-04 01:34:00,32.626704042816314,70.82238888492454,1008.9739851085375,1,drift
2026-08-04 01:35:00,32.825565319051506,70.40335233469195,1009.2791742772014,1,drift
2026-08-04 01:36:00,33.4370805907658,68.2757342274397,1009.1631955535885,1,drift
2026-08-04 01:37:00,33.44625011399427,70.69790227760566,1009.2552826575386,1,drift
2026-08-04 01:38:00,33.57038471591973,70.72471675625843,1009.2693440561052,1,drift
2026-08-04 01:39:00,34.329445510779834,68.73426761613229,1008.9882764617864,1,drift
2026-08-04 01:40:00,34.11637184449244,67.68453855283678,1009.0834784724498,1,drift
2026-08-04 01:41:00,34.234345205552856,69.67209544293178,1009.1558614892572,1,drift
2026-08-04 01:42:00,34.31246673244884,70.65591600110832,1008.8123776314472,1,drift
2026-08-04 01:43:00,35.11663909111006,71.05902542715555,1008.8191551853944,1,drift
2026-08-04 01:44:00,35.56845830635075,69.1173285468894,1008.7909252647725,1,drift
2026-08-04 01:45:00,35.38273086780934,71.24348276442902,1009.0081381462041,1,drift
2026-08-04 01:46:00,27.75041880830807,68.08739678868673,1008.9703976839498,0,normal
2026-08-04 01:47:00,26.589068236574782,69.60307902953578,1008.7747764201774,0,normal
2026-08-04 01:48:00,27.245126205222157,69.59146088064212,1009.062887773799,0,normal
2026-08-04 01:49:00,27.23649956049113,70.87474150231661,1009.0216018227957,0,normal
2026-08-04 01:50:00,26.98211942052906,71.01908838449046,1009.254430163307,0,normal
2026-08-04 01:51:00,28.056990535580027,70.77133142176903,1009.4067806360516,0,normal
2026-08-04 01:52:00,27.18558079428628,68.95494959503543,1009.1294266906327,0,normal
2026-08-04 01:53:00,27.052189082189106,70.75285254290142,1008.9246971155876,0,normal
2026-08-04 01:54:00,27.19016609190962,70.49728861978159,1009.1693297239259,0,normal
2026-08-04 01:55:00,26.466317176756952,68.78029480664532,1009.0574263291163,0,normal
2026-08-04 01:56:00,26.887609246406342,68.49082756412973,1009.0153654582282,0,normal
2026-08-04 01:57:00,27.483996714829164,71.0019149149802,1008.9063397307726,0,normal
2026-08-04 01:58:00,26.90607049423526,70.05445694395131,1008.9807119753782,0,normal
2026-08-04 01:59:00,26.822472908864263,69.19733116235595,1009.0351165648099,0,normal
2026-08-04 02:00:00,27.557330506467878,70.08580679994394,1009.2147073696297,0,normal
2026-08-04 02:01:00,27.55454262760164,70.57037127595645,1009.1648093966452,0,normal
2026-08-04 02:02:00,27.25289730637368,70.23957764738373,1009.4042869649744,0,normal
2026-08-04 02:03:00,26.899196892101127,69.09091534268339,1009.1999262664511,0,normal
2026-08-04 02:04:00,26.961250931194932,71.86752059402819,1009.1577843331003,0,normal
2026-08-04 02:05:00,26.750231951743494,71.18894485400067,1009.0291592866766,0,normal
2026-08-04 02:06:00,26.670173531780883,70.14368804027285,1008.9004105863075,0,normal
2026-08-04 02:07:00,26.63949934924471,70.20225742980742,1008.9874499312948,0,normal
2026-08-04 02:08:00,26.77546864600817,70.75218936971308,1008.9669402688243,0,normal
2026-08-04 02:09:00,26.616419740564833,69.58709130107839,1008.634832119866,0,normal
2026-08-04 02:10:00,26.418101783814233,70.77504071421139,1008.9171293789383,0,normal
2026-08-04 02:11:00,27.029058344393256,69.4783464671137,1009.3899722352271,0,normal
2026-08-04 02:12:00,27.021287301443987,70.51245912124953,1009.1708175123816,0,normal
2026-08-04 02:13:00,27.52141061121144,69.65990412313606,1009.0395937851406,0,normal
2026-08-04 02:14:00,26.679212129142453,69.72608924078357,1009.1819966529057,0,normal
2026-08-04 02:15:00,27.003806545801215,71.9628494231396,1008.7615632683303,0,normal
2026-08-04 02:16:00,26.996705146178947,70.71928628340184,1009.1668630535286,0,normal
2026-08-04 02:17:00,26.785540876424008,70.86338385181782,1009.3489470283192,0,normal
2026-08-04 02:18:00,27.122073185578813,69.11382626113354,1009.100114072749,0,normal
2026-08-04 02:19:00,27.120103430024553,70.27071815337789,1008.8058769076403,0,normal
2026-08-04 02:20:00,26.95062851173281,71.14259612330287,1009.053249352976,0,normal
2026-08-04 02:21:00,26.73386702353609,70.9541593029922,1009.3609529736793,0,normal
2026-08-04 02:22:00,26.685556800882388,69.10076682615416,1009.1801698472719,0,normal
2026-08-04 02:23:00,26.3193752672896,71.01475747959695,1008.8812549060237,0,normal
2026-08-04 02:24:00,26.503460323643818,71.16726626267324,1009.5656616993924,0,normal
2026-08-04 02:25:00,26.55531719440835,71.92591604456204,1008.9167441385341,0,normal
2026-08-04 02:26:00,26.367164105020784,70.39952347329996,1009.101647961504,0,normal
2026-08-04 02:27:00,26.902108361085716,69.15476955633788,1008.9615931012628,0,normal
2026-08-04 02:28:00,27.15458207796304,70.17563788342507,1008.9647938842454,0,normal
2026-08-04 02:29:00,26.405614666318925,70.11994574311981,1009.0728421718065,0,normal
2026-08-04 02:30:00,26.810362298369576,71.61142105282799,1009.2716949769573,0,normal
2026-08-04 02:31:00,26.336987500435303,68.87303329507625,1009.392445623267,0,normal
2026-08-04 02:32:00,26.580019807929023,70.71201800511984,1009.0936051359416,0,normal
2026-08-04 02:33:00,26.432991187601324,72.23553170667083,1008.984258429095,0,normal
2026-08-04 02:34:00,26.873182032044472,71.12476855666077,1009.2552116151539,0,normal
2026-08-04 02:35:00,26.41290298825911,71.86006596024949,1009.2634656481229,0,normal
2026-08-04 02:36:00,26.992568803607465,69.85349798376359,1009.2182789954993,0,normal
2026-08-04 02:37:00,26.540542948737865,69.9091789674536,1009.2276268468825,0,normal
2026-08-04 02:38:00,26.387290467325293,72.36430781925634,1009.1607175086873,0,normal
2026-08-04 02:39:00,26.164150689010018,71.31913833322488,1009.2016357629467,0,normal
2026-08-04 02:40:00,26.679634326167754,71.34434619754218,1009.1542638861994,0,normal
2026-08-04 02:41:00,26.892594088335144,70.39067316051879,1009.3826007689536,0,normal
2026-08-04 02:42:00,26.663234901330064,71.38919713975017,1009.594078733725,0,normal
2026-08-04 02:43:00,27.339518502564793,70.41510522587572,1009.2282960213412,0,normal
2026-08-04 02:44:00,27.044758358106108,72.30454192776033,1009.1977811727915,0,normal
2026-08-04 02:45:00,26.42515396306063,73.56040676425626,1009.2480282275146,0,normal
2026-08-04 02:46:00,26.409985837349094,71.78829758392357,1009.0865595304476,0,normal
2026-08-04 02:47:00,26.674247102965573,70.91609567318686,1009.34569709071,0,normal
2026-08-04 02:48:00,26.205155628487823,69.41993923446587,1009.2904315107502,0,normal
2026-08-04 02:49:00,26.89532384200834,70.12201238386113,1009.1383571242394,0,normal
2026-08-04 02:50:00,26.60239543614345,72.73609516065497,1009.3794390123868,0,normal
2026-08-04 02:51:00,26.554360138888693,70.69137807143397,1009.2235135724513,0,normal
2026-08-04 02:52:00,26.693849739355944,71.24049290877834,1009.048516841433,0,normal
2026-08-04 02:53:00,27.045275239482624,72.08375386951975,1009.2894506387489,0,normal
2026-08-04 02:54:00,26.491040586530136,72.7675598043408,1009.2718584582746,0,normal
2026-08-04 02:55:00,26.380616342897596,71.44419549562392,1009.4051161966822,0,normal
2026-08-04 02:56:00,26.937259643968495,71.30217039251335,1009.3849636443854,0,normal
2026-08-04 02:57:00,26.736930984358892,71.70514095185638,1009.2186718436421,0,normal
2026-08-04 02:58:00,26.27507943262232,71.1675751006231,1009.1564074375875,0,normal
2026-08-04 02:59:00,26.37842536099725,71.23237180110544,1009.244750563637,0,normal
2026-08-04 03:00:00,26.4342350541358,72.04257325519139,1009.3128889751292,0,normal
2026-08-04 03:01:00,26.48178200828968,71.88284416505023,1009.3376289246918,0,normal
2026-08-04 03:02:00,25.869687599629547,73.46133638429815,1009.3078701517579,0,normal
2026-08-04 03:03:00,25.794032540273086,72.1284713876242,1009.2403446655985,0,normal
2026-08-04 03:04:00,26.012774995690826,72.71954758529361,1009.4391777694111,0,normal
2026-08-04 03:05:00,25.97521735161399,70.96274004732702,1009.1414482701159,0,normal
2026-08-04 03:06:00,26.07710686495169,72.26092890605842,1009.7121901380438,0,normal
2026-08-04 03:07:00,26.51421882361523,71.28335034149981,1009.4063280764254,0,normal
2026-08-04 03:08:00,26.22262529400517,72.19892745148397,1009.0691088977763,0,normal
2026-08-04 03:09:00,26.340224784979036,72.45410263855922,1009.3084813684267,0,normal
2026-08-04 03:10:00,25.832772631715336,71.9638084734189,1009.4173098818192,0,normal
2026-08-04 03:11:00,26.08955238548142,73.87029235620032,1009.2184300954281,0,normal
2026-08-04 03:12:00,26.44657204936858,73.1072295434395,1009.015283202656,0,normal
2026-08-04 03:13:00,26.43922651900277,72.9269511395165,1009.1004731141834,0,normal
2026-08-04 03:14:00,25.9674103878683,72.6167877978253,1009.38817972635,0,normal
2026-08-04 03:15:00,26.26766810778076,73.43614592594801,1008.977873268727,0,normal
2026-08-04 03:16:00,26.970815238237133,70.89587435234752,1009.035926297371,0,normal
2026-08-04 03:17:00,26.185248798763336,73.16156252955363,1009.3965454946135,0,normal
2026-08-04 03:18:00,25.939039789126976,71.2921201942308,1009.262966118488,0,normal
2026-08-04 03:19:00,26.11114328525328,71.65331696063208,1009.1808970462722,0,normal
2026-08-04 03:20:00,26.19458495749698,72.57346746814056,1009.2202010542114,0,normal
2026-08-04 03:21:00,26.09983502303977,73.13038719083809,1009.0476244480045,0,normal
2026-08-04 03:22:00,26.13224912546007,71.24029923276015,1009.4026933983444,0,normal
2026-08-04 03:23:00,25.62855472299059,71.77236569741333,1009.1734375240537,0,normal
2026-08-04 03:24:00,25.78743697137197,72.27955955045263,1009.2253062738541,0,normal
2026-08-04 03:25:00,26.062745731520568,72.07146426475354,1009.3872919981848,0,normal
2026-08-04 03:26:00,26.0478837784281,72.92269643048566,1009.2818094103936,0,normal
2026-08-04 03:27:00,25.898335086144215,75.00701678002447,1009.204299134024,0,normal
2026-08-04 03:28:00,26.025379785850443,72.61242501043513,1008.9761748291373,0,normal
2026-08-04 03:29:00,26.099582575358895,71.70739456005634,1009.403550049451,0,normal
2026-08-04 03:30:00,26.380474728095752,71.27681748567305,1009.3547744015711,0,normal
2026-08-04 03:31:00,26.025468540570863,72.07218229565463,1009.2505707965382,0,normal
2026-08-04 03:32:00,26.19095156532765,71.59843529698314,1009.160116155374,0,normal
2026-08-04 03:33:00,25.852838477140445,72.74281298991228,1009.3522952623665,0,normal
2026-08-04 03:34:00,26.23382574513796,72.74841625712773,1009.439635503756,0,normal
2026-08-04 03:35:00,26.1563522006751,72.03417769119895,1009.3739022872346,0,normal
2026-08-04 03:36:00,26.31919777183541,74.01047676093607,1009.6543150972741,0,normal
2026-08-04 03:37:00,26.257249249403422,71.85184225512013,1009.4894828243638,0,normal
2026-08-04 03:38:00,26.205033036877232,72.36222916117681,1009.3464750453408,0,normal
2026-08-04 03:39:00,25.956028342381504,72.98656427857037,1009.5018412242958,0,normal
2026-08-04 03:40:00,26.06776358620951,73.20622409975509,1009.3808777458988,0,normal
2026-08-04 03:41:00,26.345885126228804,73.53187303465393,1009.3834231417038,0,normal
2026-08-04 03:42:00,25.737114936941158,72.86972591452547,1009.6118062435504,0,normal
2026-08-04 03:43:00,25.737144405155522,73.38466077669213,1009.2199850415827,0,normal
2026-08-04 03:44:00,26.012396429854906,72.0287306257394,1009.3890082627007,0,normal
2026-08-04 03:45:00,26.086114030168385,73.31205363542871,1009.6021397409346,0,normal
2026-08-04 03:46:00,25.644262109513374,73.31802634363783,1009.4467919844493,0,normal
2026-08-04 03:47:00,25.898528441784155,73.82109107052761,1009.3279282002499,0,normal
2026-08-04 03:48:00,25.883854591945937,71.29245509545687,1009.0904353245052,0,normal
2026-08-04 03:49:00,25.133527974630326,71.91776270922226,1008.9920702491473,0,normal
2026-08-04 03:50:00,25.824203157038664,73.31821014845063,1009.7776361818737,0,normal
2026-08-04 03:51:00,25.838248192602627,70.55467652613913,1009.4626487976092,0,normal
2026-08-04 03:52:00,25.829518782978752,73.08532606124702,1009.3051788203919,0,normal
2026-08-04 03:53:00,26.373566840197807,73.55539966088169,1009.4764117350713,0,normal
2026-08-04 03:54:00,25.44490677602096,72.26217262184649,1009.2461278339683,0,normal
2026-08-04 03:55:00,25.57432157406256,72.39471893488293,1009.3602947871759,0,normal
2026-08-04 03:56:00,24.94123834573867,71.89504030653589,1009.2537457190945,0,normal
2026-08-04 03:57:00,25.679817700225303,72.3524725925365,1009.1719318317889,0,normal
2026-08-04 03:58:00,25.70235935292208,72.3908961679927,1009.050631968257,0,normal
2026-08-04 03:59:00,25.655103200831135,72.25379893332992,1009.1451611834901,0,normal
2026-08-04 04:00:00,26.21410759498983,72.2249304232178,1009.6197836209348,0,normal
2026-08-04 04:01:00,26.12052681506745,72.61314990863877,1009.2615274130582,0,normal
2026-08-04 04:02:00,25.839515677569807,72.61823054530821,1009.5386631016289,0,normal
2026-08-04 04:03:00,25.67557152497514,74.35865900306892,1009.6177973992465,0,normal
2026-08-04 04:04:00,26.15753801583331,72.55852381425095,1009.4518055313849,0,normal
2026-08-04 04:05:00,25.784607327578833,73.16358924590949,1009.3983013593698,0,normal
2026-08-04 04:06:00,25.498344558032862,72.44103828334316,1009.4792117824517,0,normal
2026-08-04 04:07:00,25.177334211400453,72.44502180177084,1009.3835020985445,0,normal
2026-08-04 04:08:00,25.616909172139238,71.56723368581423,1009.678425426909,0,normal
2026-08-04 04:09:00,26.028908461753215,71.68754648652398,1009.8027277185283,0,normal
2026-08-04 04:10:00,26.555051775474478,71.99282765491849,1009.7291494569837,0,normal
2026-08-04 04:11:00,25.773373113489075,73.11904771759595,1009.0841354750534,0,normal
2026-08-04 04:12:00,25.477547670909633,73.84657007693407,1009.3959873724458,0,normal
2026-08-04 04:13:00,25.324363367511808,71.56971712268611,1009.478637946056,0,normal
2026-08-04 04:14:00,25.926031102041897,72.5730813423214,1009.56447860457,0,normal
2026-08-04 04:15:00,25.10904370376292,71.93200046426693,1009.1734521622903,0,normal
2026-08-04 04:16:00,25.913159403053832,72.82713757771006,1009.1737912424409,0,normal
2026-08-04 04:17:00,26.000683961520803,73.91209680828113,1009.7260772713059,0,normal
2026-08-04 04:18:00,25.861196099362537,72.70677275979823,1009.3934593248167,0,normal
2026-08-04 04:19:00,25.625697328655576,73.03893784934709,1009.2296149955614,0,normal
2026-08-04 04:20:00,25.894456118173668,74.25368194162306,1009.3019417516335,0,normal
2026-08-04 04:21:00,25.750770766941898,73.46824259317415,1009.5741330971908,0,normal
2026-08-04 04:22:00,25.412882030272893,72.50614559305865,1009.3590412235438,0,normal
2026-08-04 04:23:00,26.327220432863122,73.25352292019741,1009.553846127172,0,normal
2026-08-04 04:24:00,25.550906905194957,72.4763972636446,1009.3374378268387,0,normal
2026-08-04 04:25:00,25.939994498568126,73.48674181652787,1009.2029094830702,0,normal
2026-08-04 04:26:00,24.816520750266353,73.57442180278873,1009.7765121796942,0,normal
2026-08-04 04:27:00,26.104423276264995,72.08008892159965,1009.5950576461538,0,normal
2026-08-04 04:28:00,26.16641676883205,73.32547653968666,1009.4665694633501,0,normal
2026-08-04 04:29:00,25.657550656694063,73.10271183888958,1009.4360620860242,0,normal
2026-08-04 04:30:00,25.837506556403525,73.6437987150633,1009.7968532379838,0,normal
2026-08-04 04:31:00,25.832313467570636,73.88429350190299,1009.6429119301145,0,normal
2026-08-04 04:32:00,25.40682406648489,73.61220712145702,1009.7461295693125,0,normal
2026-08-04 04:33:00,25.818325090774948,72.99859664981246,1009.4379065711923,0,normal
2026-08-04 04:34:00,25.338914496360125,73.9985913672378,1009.5553605641221,0,normal
2026-08-04 04:35:00,25.404042124884786,72.56412507998648,1009.6219070060583,0,normal
2026-08-04 04:36:00,50.32437855865094,1.1430774706732922,1032.9178243678155,1,dropout
2026-08-04 04:37:00,25.948788445145894,70.72725689892327,1009.5388603965612,0,normal
2026-08-04 04:38:00,25.355806341960168,73.23763610985698,1009.4542806278956,0,normal
2026-08-04 04:39:00,25.341734964981892,72.64664553604281,1009.6344366424165,0,normal
2026-08-04 04:40:00,25.36804628998536,73.63209109746501,1009.3280316959318,0,normal
2026-08-04 04:41:00,25.846016956489276,71.74678126619794,1009.6721150439954,0,normal
2026-08-04 04:42:00,25.23525612636078,72.81576666711781,1009.6283677241908,0,normal
2026-08-04 04:43:00,25.705827689739234,73.71934224865358,1009.539123807937,0,normal
2026-08-04 04:44:00,25.83817198090239,72.52874454330822,1009.6599134878412,0,normal
2026-08-04 04:45:00,25.541756973689083,73.68937614902227,1009.5165932155038,0,normal
2026-08-04 04:46:00,25.922102499326268,72.9255799526008,1009.4649420770312,0,normal
2026-08-04 04:47:00,25.458079095942978,73.354048486037,1009.6867204192295,0,normal
2026-08-04 04:48:00,25.485815854828445,73.86538831123397,1009.697797297771,0,normal
2026-08-04 04:49:00,25.21477708729727,74.1603358066675,1009.5041121390018,0,normal
2026-08-04 04:50:00,25.909043667687403,73.48079775439659,1009.4919582892023,0,normal
2026-08-04 04:51:00,25.28103822258796,72.76417042940311,1009.5690602841438,0,normal
2026-08-04 04:52:00,25.668099832465245,73.05739146833966,1009.5059231675625,0,normal
2026-08-04 04:53:00,25.517149001936183,73.94169964725347,1009.8830951378844,0,normal
2026-08-04 04:54:00,25.170136170808377,72.62331404923825,1009.6688296535572,0,normal
2026-08-04 04:55:00,25.32199552336231,73.30591381621649,1009.6177831823857,0,normal
2026-08-04 04:56:00,26.01582912519889,73.1475784706417,1009.4505565233836,0,normal
2026-08-04 04:57:00,25.599117108677337,73.38138331928258,1009.754757734795,0,normal
2026-08-04 04:58:00,25.17211845689794,72.66430192493159,1009.5149440797428,0,normal
2026-08-04 04:59:00,25.629041134641053,71.99769574220095,1009.5108324591288,0,normal
2026-08-04 05:00:00,25.467962599102307,73.903236535564,1009.770692288036,0,normal
2026-08-04 05:01:00,26.725016212417636,74.26520661602157,1009.7046350462891,0,normal
2026-08-04 05:02:00,25.612962028589102,72.06728823618289,1009.1875923029862,0,normal
2026-08-04 05:03:00,25.377090015435584,73.80316342378465,1009.6131106335071,0,normal
2026-08-04 05:04:00,26.004529889163965,74.38143056757833,1009.6673999571349,0,normal
2026-08-04 05:05:00,24.860440305243184,73.9983421439436,1009.5869767017296,0,normal
2026-08-04 05:06:00,25.53516936444955,73.19487344946836,1009.6802675575173,0,normal
2026-08-04 05:07:00,26.1976331877213,72.77987588489522,1009.3289568223105,0,normal
2026-08-04 05:08:00,25.45641098639912,73.60578582473917,1009.1484159708634,0,normal
2026-08-04 05:09:00,24.887994564289702,73.74542867354292,1009.4857148359929,0,normal
2026-08-04 05:10:00,25.353719563831657,73.62991068010776,1009.7154034386151,0,normal
2026-08-04 05:11:00,25.999084868097963,73.41508768869103,1009.087407044325,0,normal
2026-08-04 05:12:00,25.619412447892184,72.69887131185271,1009.5193614263283,0,normal
2026-08-04 05:13:00,25.192044870042185,73.90880710171518,1009.3284036143301,0,normal
2026-08-04 05:14:00,25.243737878207767,73.95287022576512,1009.6341293985632,0,normal
2026-08-04 05:15:00,25.285678099346075,73.74224078362829,1010.0335250403841,0,normal
2026-08-04 05:16:00,25.606064815034674,73.675640653722,1009.6453131556937,0,normal
2026-08-04 05:17:00,25.946158636647706,74.93537409608754,1009.6683561926772,0,normal
2026-08-04 05:18:00,25.84435459617153,73.09746627523226,1009.8420703264057,0,normal
2026-08-04 05:19:00,25.633899516640284,74.62697812410474,1009.698146144549,0,normal
2026-08-04 05:20:00,25.00658049893272,73.01933708025192,1009.658914780097,0,normal
2026-08-04 05:21:00,25.006312937782877,74.49830951224088,1009.867711999758,0,normal
2026-08-04 05:22:00,25.656232956979526,74.60230120598068,1009.7891579277908,0,normal
2026-08-04 05:23:00,24.99725761340024,73.38548995659137,1009.7594734301155,0,normal
2026-08-04 05:24:00,25.38787414040566,74.95289068740195,1009.6858429353259,0,normal
2026-08-04 05:25:00,25.571997740392284,74.00340378244881,1009.6518342754131,0,normal
2026-08-04 05:26:00,25.066182091635884,72.93027738823915,1009.8825192030347,0,normal
2026-08-04 05:27:00,25.104715529734296,73.33655571061281,1009.6601676276596,0,normal
2026-08-04 05:28:00,25.429204812121508,74.54574179305756,1009.9456587792768,0,normal
2026-08-04 05:29:00,25.63743713340738,74.38149993153118,1009.5388491550509,0,normal
2026-08-04 05:30:00,25.831775988073595,72.79999727586036,1009.9887187029777,0,normal
2026-08-04 05:31:00,25.671870569989203,73.53827032702208,1009.8189067183902,0,normal
2026-08-04 05:32:00,25.484411713954803,73.8156062460181,1009.5629049234598,0,normal
2026-08-04 05:33:00,25.19676639173537,73.24968092764108,1009.8321588356679,0,normal
2026-08-04 05:34:00,25.08249239060542,75.54484612819522,1009.6267893689458,0,normal
2026-08-04 05:35:00,25.277950796442624,73.84824406424684,1009.7531618586008,0,normal
2026-08-04 05:36:00,25.599755844107076,73.61443496674262,1009.6628525228481,0,normal
2026-08-04 05:37:00,25.57368999037619,74.61900209775008,1009.7298214687428,0,normal
2026-08-04 05:38:00,24.720572009943766,73.37645183584722,1009.9265030753929,0,normal
2026-08-04 05:39:00,25.18028948027829,74.47673098018299,1009.8536770989494,0,normal
2026-08-04 05:40:00,25.87666555555045,72.33863400043028,1009.5610782662403,0,normal
2026-08-04 05:41:00,25.482697401009908,73.31179247552606,1009.5746852498371,0,normal
2026-08-04 05:42:00,24.958975996960977,74.5157325889916,1009.8189803003207,0,normal
2026-08-04 05:43:00,26.27949628248061,74.93425969693533,1009.8353119341291,0,normal
2026-08-04 05:44:00,25.444931793340725,73.06095492144654,1009.6554351665465,0,normal
2026-08-04 05:45:00,25.58975360136761,72.96908884282814,1010.0665684830497,0,normal
2026-08-04 05:46:00,25.59531848690225,74.13612263050815,1009.9298566107607,0,normal
2026-08-04 05:47:00,25.32714731064658,73.18482236757953,1009.6741189657595,0,normal
2026-08-04 05:48:00,25.201548634257037,73.46933580048405,1009.66001127851,0,normal
2026-08-04 05:49:00,26.199252165695075,74.38613545304854,1009.7523046858241,0,normal
2026-08-04 05:50:00,25.80832727223295,73.25040763000042,1009.7368703750395,0,normal
2026-08-04 05:51:00,25.745495332720274,72.11389135816854,1010.0260048690888,0,normal
2026-08-04 05:52:00,25.660203418645143,72.64577163824434,1009.9804022235652,0,normal
2026-08-04 05:53:00,25.108098794721844,73.69487552956112,1009.8127913566149,0,normal
2026-08-04 05:54:00,25.907225913324325,72.19630906962723,1009.9317917589201,0,normal
2026-08-04 05:55:00,25.165897158931035,73.44932044393725,1009.9611933409057,0,normal
2026-08-04 05:56:00,25.561119981473993,72.57323742742567,1009.8268328722389,0,normal
2026-08-04 05:57:00,24.889231908296313,74.9985963957054,1009.8921045135091,0,normal
2026-08-04 05:58:00,24.749839299729178,75.41835451937648,1009.9298731603608,0,normal
2026-08-04 05:59:00,25.576736077370878,72.83914273755514,1009.9139736898039,0,normal
2026-08-04 06:00:00,25.183416394853293,73.8904320833344,1009.6893042090034,0,normal
2026-08-04 06:01:00,24.77173217811563,72.91589164163037,1009.7107843301317,0,normal
2026-08-04 06:02:00,25.658566535017833,73.43581642813541,1009.7841071554502,0,normal
2026-08-04 06:03:00,26.21286653306251,75.12496347844143,1009.7121356221793,0,normal
2026-08-04 06:04:00,25.958742061894995,73.30762113959894,1009.5774569468688,0,normal
2026-08-04 06:05:00,25.38396505305655,73.4507908592974,1009.9675650900073,0,normal
2026-08-04 06:06:00,25.478825123007514,72.924111192952,1009.911524686349,0,normal
2026-08-04 06:07:00,25.78820199612974,74.59346485212745,1009.6113614954141,0,normal
2026-08-04 06:08:00,25.872097716813887,71.0641437386631,1009.8123574655532,0,normal
2026-08-04 06:09:00,25.361036048746232,73.31862804591637,1009.8258247296351,0,normal
2026-08-04 06:10:00,25.49522890059886,73.63413092894754,1009.8950185551347,0,normal
2026-08-04 06:11:00,25.590547512595524,73.13981698956096,1009.6707935462736,0,normal
2026-08-04 06:12:00,25.68132712253454,74.3572195088339,1009.6250902708741,0,normal
2026-08-04 06:13:00,25.443104154350088,74.6255744335363,1009.9656278757412,0,normal
2026-08-04 06:14:00,25.449933957265507,72.5317558112844,1009.5992310935648,0,normal
2026-08-04 06:15:00,25.97726034339724,75.33347693089338,1009.8367301419476,0,normal
2026-08-04 06:16:00,25.920078823959507,72.51724616781573,1009.8231794871364,0,normal
2026-08-04 06:17:00,25.666340106956167,74.6837888897942,1009.8629444774177,0,normal
2026-08-04 06:18:00,26.103506648419717,73.7696431852969,1009.9338855341412,0,normal
2026-08-04 06:19:00,25.369206724413047,73.24358246530363,1010.1793981838807,0,normal
2026-08-04 06:20:00,26.075219873861656,73.31567782246742,1009.6070043587955,0,normal
2026-08-04 06:21:00,25.699848113475895,73.61285493827819,1010.0559534630258,0,normal
2026-08-04 06:22:00,50.16538173319839,73.80275912349953,1009.4492344883475,1,spike
2026-08-04 06:23:00,25.09839228659302,72.89612695445526,1010.155543330679,0,normal
2026-08-04 06:24:00,25.277494741955888,73.44119009155182,1009.5402095031562,0,normal
2026-08-04 06:25:00,25.668421370984383,73.00776152686485,1010.3497258969354,0,normal
2026-08-04 06:26:00,25.664022482715577,72.64808408371759,1009.8442637164095,0,normal
2026-08-04 06:27:00,26.210759473067444,72.96196454603738,1010.1499360951452,0,normal
2026-08-04 06:28:00,25.29757173309669,72.69139077924271,1010.1160585706101,0,normal
2026-08-04 06:29:00,25.85158812312996,73.27066960218285,1009.8455838846461,0,normal
2026-08-04 06:30:00,25.945164133371303,73.9480630706591,1009.862636557744,0,normal
2026-08-04 06:31:00,25.78843587772758,73.69380771027846,1009.7799403295617,0,normal
2026-08-04 06:32:00,25.209039028472773,75.17173829800447,1010.0755910974456,0,normal
2026-08-04 06:33:00,26.041753439710046,71.81878998936725,1009.860873700583,0,normal
2026-08-04 06:34:00,25.983023131281623,73.95738207824813,1009.7929123520545,0,normal
2026-08-04 06:35:00,25.76640691076684,73.5816694921329,1010.0402684014932,0,normal
2026-08-04 06:36:00,25.631938255942732,74.22356077468288,1009.7852941651382,0,normal
2026-08-04 06:37:00,25.64348985421581,74.13855518196635,1009.89079415884,0,normal
2026-08-04 06:38:00,25.540801191689873,73.42761557172018,1009.9725128837774,0,normal
2026-08-04 06:39:00,25.79671130017129,73.69182350840724,1009.8408171551927,0,normal
2026-08-04 06:40:00,25.58748253345478,72.95240829655604,1009.8711940826669,0,normal
2026-08-04 06:41:00,25.283821403074185,74.0324366391953,1010.239185918591,0,normal
2026-08-04 06:42:00,25.21808878496995,72.0320887325447,1009.9293403870032,0,normal
2026-08-04 06:43:00,25.326244722344686,74.15021570314128,1009.90458130278,0,normal
2026-08-04 06:44:00,25.671636006951328,73.50364896647427,1009.9410006832646,0,normal
2026-08-04 06:45:00,25.58895817559632,73.12583958759087,1010.0575317469531,0,normal
2026-08-04 06:46:00,25.678336651184964,73.32263261780274,1009.7928385835892,0,normal
2026-08-04 06:47:00,25.782895056560506,73.37434075233526,1010.0590345407221,0,normal
2026-08-04 06:48:00,25.392762724002704,74.53244805627375,1010.0313826178932,0,normal
2026-08-04 06:49:00,26.130091066751582,76.0741761761688,1009.6665736905893,0,normal
2026-08-04 06:50:00,25.52826646782511,74.45592313938886,1010.3146917734688,0,normal
2026-08-04 06:51:00,25.47519126865274,73.02028027215187,1010.2578637080853,0,normal
2026-08-04 06:52:00,25.800721474540424,73.96875011931745,1009.8540048067476,0,normal
2026-08-04 06:53:00,24.994173335115256,73.9958412443773,1009.7992555585654,0,normal
2026-08-04 06:54:00,25.365400412225387,72.70917223466762,1010.0455251067285,0,normal
2026-08-04 06:55:00,25.990668373621524,72.4326540846766,1009.7510012165346,0,normal
2026-08-04 06:56:00,25.044470414364035,73.38253145960606,1010.2564055481963,0,normal
2026-08-04 06:57:00,26.04906393383882,74.07105509981058,1009.9296881572999,0,normal
2026-08-04 06:58:00,26.19222522602906,72.12704551970383,1010.3091074629461,0,normal
2026-08-04 06:59:00,25.539502016247347,72.83124742605834,1009.8719591360734,0,normal
2026-08-04 07:00:00,25.77649920851828,73.85743131549867,1010.0033220028552,0,normal
2026-08-04 07:01:00,26.07166787744678,73.4239038826684,1010.2547803593994,0,normal
2026-08-04 07:02:00,25.522303044492425,74.51462992421514,1009.9716597400841,0,normal
2026-08-04 07:03:00,25.995161660800896,72.24347427083515,1010.0819771284193,0,normal
2026-08-04 07:04:00,25.462368124092716,75.24512873904729,1010.2328339386756,0,normal
2026-08-04 07:05:00,25.53600827736127,72.12370293102329,1009.9392185170478,0,normal
2026-08-04 07:06:00,25.429368996120992,71.72133772578584,1009.815342632681,0,normal
2026-08-04 07:07:00,25.83509965372354,73.2879822019835,1009.7830332553715,0,normal
2026-08-04 07:08:00,26.12656726903259,72.41786110826877,1010.1537614019617,0,normal
2026-08-04 07:09:00,25.663012025477084,73.28461183865241,1010.1218627793726,0,normal
2026-08-04 07:10:00,25.288756173184396,73.24669547506858,1010.2461179894601,0,normal
2026-08-04 07:11:00,25.361056085743886,73.1389909041861,1010.0088232710555,0,normal
2026-08-04 07:12:00,25.884491521678743,72.61148763141252,1009.8037480374603,0,normal
2026-08-04 07:13:00,26.39826876382423,73.6212206529364,1009.6409114408434,0,normal
2026-08-04 07:14:00,25.89714599484489,73.01077860829324,1010.5837628806777,0,normal
2026-08-04 07:15:00,25.630510494759026,74.1370062689799,1010.1654951602966,0,normal
2026-08-04 07:16:00,26.04073841889745,73.09907635553286,1010.098387517022,0,normal
2026-08-04 07:17:00,25.695466834542778,72.46082992959576,1010.1270327007963,0,normal
2026-08-04 07:18:00,25.653676322498615,71.87142727651005,1009.8223456028469,0,normal
2026-08-04 07:19:00,25.457467598556406,73.07283037965216,1009.9400152188385,0,normal
2026-08-04 07:20:00,26.292804742445515,72.1839510506015,1010.3999936255349,0,normal
2026-08-04 07:21:00,24.918111339447776,72.10801680509901,1010.2077951683312,0,normal
2026-08-04 07:22:00,26.09313827297862,73.59849873798578,1009.9549399294685,0,normal
2026-08-04 07:23:00,25.658697120885254,71.74281869222366,1009.8746519638074,0,normal
2026-08-04 07:24:00,25.684575617223363,74.2830067711334,1010.0057413297961,0,normal
2026-08-04 07:25:00,26.427758802568615,73.2691982111629,1010.0448725984298,0,normal
2026-08-04 07:26:00,25.59282271236577,73.09439997524292,1010.4735765133344,0,normal
2026-08-04 07:27:00,25.61213082962087,72.2895864809718,1010.0739184450293,0,normal
2026-08-04 07:28:00,25.811969699907813,73.71669863878604,1009.896759798683,0,normal
2026-08-04 07:29:00,26.009972997329303,73.09055507841687,1010.1033994102303,0,normal
2026-08-04 07:30:00,25.71806156243518,72.53155683261454,1010.1645936119914,0,normal
2026-08-04 07:31:00,25.3295109448314,73.22772616852308,1009.8895752592866,0,normal
2026-08-04 07:32:00,25.58508336574465,71.70894770138274,1010.1955204659985,0,normal
2026-08-04 07:33:00,26.34432627427327,71.73410165471869,1010.3437886061319,0,normal
2026-08-04 07:34:00,25.929878394517036,72.13327967747882,1010.1541936364177,0,normal
2026-08-04 07:35:00,26.069499419965616,73.29599369124197,1009.9888061219913,0,normal
2026-08-04 07:36:00,25.828098918001952,73.00058695323507,1010.0401221550311,0,normal
2026-08-04 07:37:00,25.69681459190768,73.8290774174385,1009.8397652504358,0,normal
2026-08-04 07:38:00,26.522895369781004,72.24048143933166,1010.1172981519013,0,normal
2026-08-04 07:39:00,25.878050876073022,73.42266609452201,1010.2003574968288,0,normal
2026-08-04 07:40:00,25.796975072916567,72.85817333179165,1009.9860476600284,0,normal
2026-08-04 07:41:00,26.344105257490448,72.18105128774772,1010.4996077507296,0,normal
2026-08-04 07:42:00,25.715994447573237,73.22983123821965,1010.2960879758933,0,normal
2026-08-04 07:43:00,25.769095242535972,72.85475353370094,1009.8337894011878,0,normal
2026-08-04 07:44:00,25.989329336871258,72.3901261186734,1009.8404893968666,0,normal
2026-08-04 07:45:00,25.994394511380595,72.91276000918583,1009.9853753552203,0,normal
2026-08-04 07:46:00,26.093784563814935,72.76115678696569,1010.4486716097413,0,normal
2026-08-04 07:47:00,26.743688875583924,72.72733236911394,1010.3288583231526,0,normal
2026-08-04 07:48:00,26.138039012243148,72.50559168760377,1010.4637503385002,0,normal
2026-08-04 07:49:00,25.196843843389033,71.77697270105524,1010.1763050596563,0,normal
2026-08-04 07:50:00,26.15224097942559,72.86589141840912,1010.139740037962,0,normal
2026-08-04 07:51:00,26.060230821448393,72.14893765918187,1009.9558725899914,0,normal
2026-08-04 07:52:00,26.071179500880355,71.95975894770945,1010.2463390034493,0,normal
2026-08-04 07:53:00,26.151115252814233,72.5682581558597,1010.1510526128307,0,normal
2026-08-04 07:54:00,26.064120366370737,73.33271865808803,1010.1470842283724,0,normal
2026-08-04 07:55:00,26.064929813375368,72.87855132162598,1010.483532035154,0,normal
2026-08-04 07:56:00,26.307157839423528,72.28959384362469,1010.1724936251345,0,normal
2026-08-04 07:57:00,25.91217428185493,72.24176216414037,1010.4377606997125,0,normal
2026-08-04 07:58:00,25.779584245545458,73.19170563093326,1009.915274030637,0,normal
2026-08-04 07:59:00,27.17903141215746,70.74976733449296,1010.6879262926293,0,normal
2026-08-04 08:00:00,25.87965260784227,73.28903409805098,1010.1398111873797,0,normal
2026-08-04 08:01:00,26.174808739626894,71.13580118295911,1010.3372219006865,0,normal
2026-08-04 08:02:00,25.62589466504259,71.48644502596969,1010.3687819003898,0,normal
2026-08-04 08:03:00,26.199817582835507,72.1910024069323,1010.1262476257883,0,normal
2026-08-04 08:04:00,25.842163257179646,74.32204459340002,1010.3661113433039,0,normal
2026-08-04 08:05:00,26.023725734261326,73.91129778230834,1010.3783755850963,0,normal
2026-08-04 08:06:00,26.55422328680438,73.11785664475465,1010.0961330532966,0,normal
2026-08-04 08:07:00,26.363573539490325,72.82109194371283,1010.1011640048489,0,normal
2026-08-04 08:08:00,26.407293029100934,71.02911584943206,1010.2384471542931,0,normal
2026-08-04 08:09:00,25.598467294956656,72.62731144748403,1010.212391763114,0,normal
2026-08-04 08:10:00,26.871401197331465,72.04538363709956,1010.4868276729851,0,normal
2026-08-04 08:11:00,25.821487752684252,71.81417009419356,1010.3654229131133,0,normal
2026-08-04 08:12:00,26.78386006066007,72.57398185161752,1010.2291395511372,0,normal
2026-08-04 08:13:00,26.616680748687834,72.05577463712804,1010.3537777174404,0,normal
2026-08-04 08:14:00,26.471542345103845,73.11051533217679,1009.8791487272238,0,normal
2026-08-04 08:15:00,25.980625385032436,70.8486150589247,1010.1396475751757,0,normal
2026-08-04 08:16:00,26.343379171821123,72.43958165868419,1010.3050632417226,0,normal
2026-08-04 08:17:00,26.136011205923314,71.65837920529869,1010.4568677687213,0,normal
2026-08-04 08:18:00,26.32156663863461,72.01592394716177,1010.2949015529208,0,normal
2026-08-04 08:19:00,26.234574510942533,72.5692008843505,1010.5242617309357,0,normal
2026-08-04 08:20:00,25.61920086890717,71.4134124608748,1010.420838035426,0,normal
2026-08-04 08:21:00,26.736081281627854,72.42029568178745,1010.1795341943279,0,normal
2026-08-04 08:22:00,26.325868949887465,72.10058319819407,1010.2450470515815,0,normal
2026-08-04 08:23:00,26.19543308831467,71.72342099237156,1010.3465819639812,0,normal
2026-08-04 08:24:00,26.1799124208355,71.85676250746272,1010.1951195368853,0,normal
2026-08-04 08:25:00,26.512458281045888,72.0908026461604,1010.5543083956497,0,normal
2026-08-04 08:26:00,26.08520974171811,71.58129262643844,1010.081902005935,0,normal
2026-08-04 08:27:00,25.61979639920526,72.1822494741099,1010.3411627049242,0,normal
2026-08-04 08:28:00,26.562742812956827,71.9349394012723,1010.4194290593193,0,normal
2026-08-04 08:29:00,26.613128918696685,71.64925659048299,1010.2334074871256,0,normal
2026-08-04 08:30:00,26.37282296550973,73.3908538169055,1010.1956175691257,0,normal
2026-08-04 08:31:00,26.05223487540849,72.43176523888576,1010.2816744789395,0,normal
2026-08-04 08:32:00,26.496490436090582,71.77389302243489,1010.4442906355606,0,normal
2026-08-04 08:33:00,25.964193913984804,72.17713727470772,1010.2109141504899,0,normal
2026-08-04 08:34:00,26.12872170376993,71.21927593506688,1010.1112309272097,0,normal
2026-08-04 08:35:00,26.237035019650197,71.67149524745213,1010.5134859837694,0,normal
2026-08-04 08:36:00,26.806739362617098,71.74492881780999,1010.3809920726026,0,normal
2026-08-04 08:37:00,26.39608254052238,70.98353203726802,1010.4932649973199,0,normal
2026-08-04 08:38:00,26.377932897816297,72.27072531913154,1010.4512562609323,0,normal
2026-08-04 08:39:00,27.23057216186307,71.5361257513397,1010.7096764197347,0,normal
2026-08-04 08:40:00,26.681588952139556,71.63591571985562,1010.5207049794465,0,normal
2026-08-04 08:41:00,26.688725895905588,71.44488600700309,1010.1923832029663,0,normal
2026-08-04 08:42:00,26.452586522319265,74.24660730169596,1010.4100670799987,0,normal
2026-08-04 08:43:00,26.385208675476353,71.3286161344644,1010.2277659771175,0,normal
2026-08-04 08:44:00,25.840706273566475,70.1830410054672,1010.2490600861621,0,normal
2026-08-04 08:45:00,26.957070055897358,70.53721259418795,1010.079235288588,0,normal
2026-08-04 08:46:00,26.78703396293466,72.40367756159556,1010.2846612379033,0,normal
2026-08-04 08:47:00,26.579584297858954,72.84437700290695,1010.4369376860432,0,normal
2026-08-04 08:48:00,26.606481791108415,71.2086589815785,1010.3296111328484,0,normal
2026-08-04 08:49:00,26.924432058865822,72.756041261673,1010.1462658437591,0,normal
2026-08-04 08:50:00,26.134954937248423,72.30484163228505,1010.0726593527243,0,normal
2026-08-04 08:51:00,26.485018133360494,71.53857736001682,1010.7295793056186,0,normal
2026-08-04 08:52:00,26.306194749222428,71.46030040871696,1010.4106136747079,0,normal
2026-08-04 08:53:00,27.336403940647983,71.79175414069844,1010.2063834566917,0,normal
2026-08-04 08:54:00,27.03538062967882,72.32732811017716,1010.4404615330628,0,normal
2026-08-04 08:55:00,25.970534603634363,71.92140998479661,1010.7540120114038,0,normal
2026-08-04 08:56:00,26.224286396543935,71.04024437741144,1010.4742531221926,0,normal
2026-08-04 08:57:00,26.72045779099975,71.42034829586332,1009.8635024030967,0,normal
2026-08-04 08:58:00,26.614150154918345,73.12265426318805,1010.845185156508,0,normal
2026-08-04 08:59:00,26.328745318197946,71.71645117939282,1010.0374995995684,0,normal
2026-08-04 09:00:00,27.485769912310246,72.18868462808466,1010.3358663785673,0,normal
2026-08-04 09:01:00,26.927365079243145,71.90278435265907,1010.1715135360158,0,normal
2026-08-04 09:02:00,26.99708350963193,71.6671229956931,1010.2448968993373,0,normal
2026-08-04 09:03:00,26.60166272277518,71.51286515129874,1010.4318551486623,0,normal
2026-08-04 09:04:00,27.10968229910496,72.1211969889955,1010.0104344264814,0,normal
2026-08-04 09:05:00,26.7368012702444,71.95548639628058,1010.3695248012343,0,normal
2026-08-04 09:06:00,26.783896772485324,71.56888560845786,1010.5948340565694,0,normal
2026-08-04 09:07:00,27.11007923400128,70.77986956089273,1010.2390656106855,0,normal
2026-08-04 09:08:00,26.339288342640312,71.6203463585289,1010.1431270112738,0,normal
2026-08-04 09:09:00,27.481653219866743,71.23522411701883,1010.3708258305273,0,normal
2026-08-04 09:10:00,26.999832466436008,71.01906875208017,1010.3375146510907,0,normal
2026-08-04 09:11:00,27.397676037386923,73.38544958410718,1010.2937834222398,0,normal
2026-08-04 09:12:00,26.586344279124734,69.98785583574805,1010.1895232757477,0,normal
2026-08-04 09:13:00,26.65307509180706,71.96248845015162,1010.499372813344,0,normal
2026-08-04 09:14:00,26.583005314759518,70.48203634172889,1010.5155538626404,0,normal
2026-08-04 09:15:00,27.090807653992346,71.25353852769724,1010.2190696526857,0,normal
2026-08-04 09:16:00,27.039876022056216,73.17977574867582,1010.2464528055633,0,normal
2026-08-04 09:17:00,26.86786120065264,70.33124914763077,1010.440392149608,0,normal
2026-08-04 09:18:00,26.689149414780513,70.49820029901416,1010.2445865237644,0,normal
2026-08-04 09:19:00,26.6144778065847,71.03935743980557,1010.4528910831785,0,normal
2026-08-04 09:20:00,27.054574327359884,70.35158125686523,1010.687423448213,0,normal
2026-08-04 09:21:00,26.92238958223759,71.71250314503972,1010.4148427501176,0,normal
2026-08-04 09:22:00,26.8592275887379,70.55345506725355,1010.2095882294512,0,normal
2026-08-04 09:23:00,27.654560002115367,71.48002465470168,1010.5010387014587,0,normal
2026-08-04 09:24:00,27.098196651154353,69.86912220397025,1010.4008956408568,0,normal
2026-08-04 09:25:00,27.585500677484806,69.46258358207209,1010.4082511399689,0,normal
2026-08-04 09:26:00,26.96836519836988,70.70035525129148,1010.5232359031951,0,normal
2026-08-04 09:27:00,27.25473551620955,69.60415106117213,1010.5644553333041,0,normal
2026-08-04 09:28:00,27.163749851091104,72.04890667716066,1010.4488422112966,0,normal
2026-08-04 09:29:00,26.60314331533556,69.58570356128642,1010.4339049618638,0,normal
2026-08-04 09:30:00,27.711415965590053,69.95457287633174,1010.8186328319024,0,normal
2026-08-04 09:31:00,27.178421738579896,71.09071554981351,1010.6656553463449,0,normal
2026-08-04 09:32:00,27.50124106775076,70.26574791611266,1010.6019464797503,0,normal
2026-08-04 09:33:00,26.99109481355027,69.49507063378879,1010.4778700606622,0,normal
2026-08-04 09:34:00,27.210960231809764,72.31661725051957,1010.2755562507739,0,normal
2026-08-04 09:35:00,26.979648798710787,69.85812725386612,1010.6618488275003,0,normal
2026-08-04 09:36:00,27.730078149528413,70.47714036879381,1010.4872136423082,0,normal
2026-08-04 09:37:00,27.42094344002626,70.4414293462912,1010.3596638355139,0,normal
2026-08-04 09:38:00,27.454930057261663,71.1515923468445,1010.4220946539265,0,normal
2026-08-04 09:39:00,27.81637632947847,70.92771405952685,1010.2942448379823,0,normal
2026-08-04 09:40:00,27.760321020707877,69.87080421824263,1010.6607667500991,0,normal
2026-08-04 09:41:00,27.638100009403708,70.24592261389621,1010.5956760493299,0,normal
2026-08-04 09:42:00,26.887292703108848,70.29931265405723,1010.5076970704914,0,normal
2026-08-04 09:43:00,27.156115064370876,71.05421177908974,1010.4695676498136,0,normal
2026-08-04 09:44:00,27.062985449275843,69.4945080892128,1010.3570064250384,0,normal
2026-08-04 09:45:00,27.683764418888803,72.01770386366469,1010.0983634328655,0,normal
2026-08-04 09:46:00,27.503674652331764,69.76984735903284,1010.2296912408252,0,normal
2026-08-04 09:47:00,26.972123212994454,70.34410255421967,1010.3525753541066,0,normal
2026-08-04 09:48:00,27.407635155084947,69.39694837398977,1010.3277428308675,1,drift
2026-08-04 09:49:00,27.289225780316368,69.26018092295368,1010.5427787598542,1,drift
2026-08-04 09:50:00,28.132066220667095,69.57286446612308,1010.6389715641948,1,drift
2026-08-04 09:51:00,27.909832659559797,69.46961903844262,1010.4719842219868,1,drift
2026-08-04 09:52:00,29.012880578504895,69.88819427524955,1010.750900640175,1,drift
2026-08-04 09:53:00,29.29869139412968,69.4099225223717,1010.3585580047594,1,drift
2026-08-04 09:54:00,30.172835289476147,70.72296400928542,1010.4772585781953,1,drift
2026-08-04 09:55:00,30.140492855093207,69.51349586740821,1010.4946448721556,1,drift
2026-08-04 09:56:00,30.03443586829715,69.39812539457674,1010.7025750161932,1,drift
2026-08-04 09:57:00,30.807533532914004,69.77203190891916,1010.5271916460616,1,drift
2026-08-04 09:58:00,30.370813993349294,70.85384223139096,1010.5343164245161,1,drift
2026-08-04 09:59:00,30.861952220747447,70.20457162623667,1010.2145358348213,1,drift
2026-08-04 10:00:00,31.65427244688301,69.92595456758418,1010.3525494632784,1,drift
2026-08-04 10:01:00,31.12117347426531,68.83224234061495,1010.7139206282461,1,drift
2026-08-04 10:02:00,32.202475962072356,69.03742033163412,1010.1451956051277,1,drift
2026-08-04 10:03:00,32.19734426755733,68.90170558631864,1010.7625953021544,1,drift
2026-08-04 10:04:00,32.92888059133376,70.94269897120535,1010.6128870364907,1,drift
2026-08-04 10:05:00,32.85523433436518,70.29439148012493,1010.3904757579071,1,drift
2026-08-04 10:06:00,33.71997979644081,69.153306620742,1010.3773342877934,1,drift
2026-08-04 10:07:00,33.91734010123582,69.36370733858817,1010.8704398753613,1,drift
2026-08-04 10:08:00,34.73981750882549,69.12751424163933,1010.785277069091,1,drift
2026-08-04 10:09:00,34.591191553940185,69.0515397665274,1010.5117720457431,1,drift
2026-08-04 10:10:00,34.65898532166839,70.10089307553055,1010.5595364883242,1,drift
2026-08-04 10:11:00,35.18080661018478,69.47498846576084,1010.4210271297923,1,drift
2026-08-04 10:12:00,35.13597050903551,71.34225903861568,1010.5636218675368,1,drift
2026-08-04 10:13:00,36.087867818808874,70.6498628416545,1010.420070217184,1,drift
2026-08-04 10:14:00,36.49146355183539,70.66935266151769,1010.5292383930703,1,drift
2026-08-04 10:15:00,37.48856012905041,70.1309911756541,1010.8712297827228,1,drift
2026-08-04 10:16:00,36.746053544470364,69.22785987752785,1010.5301453976132,1,drift
2026-08-04 10:17:00,37.20935144898138,70.01624624474175,1010.3606884677914,1,drift
2026-08-04 10:18:00,27.73478485318991,69.23091918389677,1010.3053529412148,0,normal
2026-08-04 10:19:00,28.026440529639597,70.78612391699244,1010.5761396068979,0,normal
2026-08-04 10:20:00,28.10172072683777,69.77719079048991,1010.418246755143,0,normal
2026-08-04 10:21:00,27.9654037648458,69.63546678656479,1010.6015368670019,0,normal
2026-08-04 10:22:00,28.38028227357773,69.49899539146257,1010.2675690838305,0,normal
2026-08-04 10:23:00,27.8001356463185,70.76125725062022,1010.6852468992475,0,normal
2026-08-04 10:24:00,28.377276392560905,68.1936993143719,1010.3720853025261,0,normal
2026-08-04 10:25:00,28.236653165961723,70.78293448284383,1010.5731524353384,0,normal
2026-08-04 10:26:00,28.06005802934779,69.13493552256013,1010.5058191184307,0,normal
2026-08-04 10:27:00,27.97015610792964,68.13044398714058,1010.8779092743383,0,normal
2026-08-04 10:28:00,28.94585862892091,68.62505077701952,1010.6013436456237,0,normal
2026-08-04 10:29:00,27.8267381201108,67.87757948668128,1010.9225276232168,0,normal
2026-08-04 10:30:00,28.233158950219554,69.69250931344169,1010.6751341028296,0,normal
2026-08-04 10:31:00,27.882521512107186,68.31026060887457,1010.8326220305396,0,normal
2026-08-04 10:32:00,28.786305656751953,69.2470931337051,1010.5403044519354,0,normal
2026-08-04 10:33:00,28.487991878656917,69.99075018407618,1010.6419084889419,0,normal
2026-08-04 10:34:00,27.95646823633908,68.5169346529529,1010.8008942189749,0,normal
2026-08-04 10:35:00,28.389610433768002,68.81119150379165,1010.7462421942828,0,normal
2026-08-04 10:36:00,28.31673034224439,67.95406260993455,1010.6807297976501,0,normal
2026-08-04 10:37:00,28.062075687815163,68.65710737913568,1010.5279148910444,0,normal
2026-08-04 10:38:00,28.524631905171724,70.99800541604387,1010.5601460707294,0,normal
2026-08-04 10:39:00,28.411933649112395,69.53208333086089,1010.7952781709336,0,normal
2026-08-04 10:40:00,28.367595601718786,68.66886013632624,1010.8345267019648,0,normal
2026-08-04 10:41:00,28.29387509679051,68.36215965716036,1010.4873014972384,0,normal
2026-08-04 10:42:00,28.47588336351074,68.78822748247771,1010.461884714552,0,normal
2026-08-04 10:43:00,28.42178831637877,68.89715796807512,1010.4347521960251,0,normal
2026-08-04 10:44:00,28.37869439002357,68.42860437926946,1010.7485677198077,0,normal
2026-08-04 10:45:00,28.150185682410747,69.15861044927563,1010.4336317957818,0,normal
2026-08-04 10:46:00,28.983909103441608,67.94246877566748,1010.7498119400541,0,normal
2026-08-04 10:47:00,28.04001343711045,67.9091415892563,1010.7025639292111,0,normal
2026-08-04 10:48:00,28.57392211887482,68.94259490266705,1010.5079097661239,0,normal
2026-08-04 10:49:00,28.328773428890656,67.68207434868576,1010.889197872461,0,normal
2026-08-04 10:50:00,29.073326395081843,69.17071373621353,1010.346163734679,0,normal
2026-08-04 10:51:00,28.157911734320447,68.54655115608273,1010.9097435697868,0,normal
2026-08-04 10:52:00,28.233452555297266,67.06608807526396,1010.6700747199219,0,normal
2026-08-04 10:53:00,28.16804044547513,68.5864192101994,1010.2410890589302,0,normal
2026-08-04 10:54:00,28.637389295099737,67.12107228861649,1010.9024792301005,0,normal
2026-08-04 10:55:00,28.06032593748866,68.99421465794538,1010.7925571702974,0,normal
2026-08-04 10:56:00,28.390142909808375,68.210855397134,1010.5420889494786,0,normal
2026-08-04 10:57:00,27.82105082499775,69.86096295802012,1010.4471155705845,1,frozen
2026-08-04 10:58:00,27.82105082499775,69.86096295802012,1010.4471155705845,1,frozen
2026-08-04 10:59:00,27.82105082499775,69.86096295802012,1010.4471155705845,1,frozen
2026-08-04 11:00:00,27.82105082499775,69.86096295802012,1010.4471155705845,1,frozen
2026-08-04 11:01:00,27.82105082499775,69.86096295802012,1010.4471155705845,1,frozen
2026-08-04 11:02:00,27.82105082499775,69.86096295802012,1010.4471155705845,1,frozen
2026-08-04 11:03:00,27.82105082499775,69.86096295802012,1010.4471155705845,1,frozen
2026-08-04 11:04:00,27.82105082499775,69.86096295802012,1010.4471155705845,1,frozen
2026-08-04 11:05:00,27.82105082499775,69.86096295802012,1010.4471155705845,1,frozen
2026-08-04 11:06:00,27.82105082499775,69.86096295802012,1010.4471155705845,1,frozen
2026-08-04 11:07:00,27.82105082499775,69.86096295802012,1010.4471155705845,1,frozen
2026-08-04 11:08:00,28.438678821044675,68.02492858322418,1010.6409803810157,0,normal
2026-08-04 11:09:00,28.98851955341506,68.90617766799001,1010.5595180531167,0,normal
2026-08-04 11:10:00,28.70169413546877,68.24013634596741,1010.629470519263,0,normal
2026-08-04 11:11:00,28.751209773671864,67.1148346842596,1010.5049612394764,0,normal
2026-08-04 11:12:00,29.27272853062698,69.22855374973838,1010.5390911405658,0,normal
2026-08-04 11:13:00,28.582380896625608,67.66610675666544,1010.5350488288938,0,normal
2026-08-04 11:14:00,28.893363378518632,67.50573638385447,1010.5157423412958,0,normal
2026-08-04 11:15:00,29.212530011657545,65.57631875333931,1010.8357173800554,0,normal
2026-08-04 11:16:00,29.17861198691137,68.31719094029265,1010.787840322221,0,normal
2026-08-04 11:17:00,-13.303646374770892,-8.997014617227478,1032.2401827248661,1,dropout
2026-08-04 11:18:00,28.828356287500476,67.82904391897675,1010.4370088652981,0,normal
2026-08-04 11:19:00,28.337929204251886,67.39652866271334,1010.6250646776627,0,normal
2026-08-04 11:20:00,28.593879740743716,67.22827919702317,1011.0426905717399,0,normal
2026-08-04 11:21:00,29.09205137706745,67.36243483758662,1010.4711057834941,0,normal
2026-08-04 11:22:00,28.949436014439012,67.99825480337172,1010.6284158120641,0,normal
2026-08-04 11:23:00,29.040997049578408,68.10862904723466,1010.6747389052307,0,normal
2026-08-04 11:24:00,29.39559747100552,67.382100653095,1010.6405361951543,0,normal
2026-08-04 11:25:00,28.633389784232936,68.29564996490952,1010.5789260727955,0,normal
2026-08-04 11:26:00,28.983391645636786,67.44287819929008,1010.8706197976683,0,normal
2026-08-04 11:27:00,29.149212866747323,67.07221809182604,1010.7457989771701,0,normal
2026-08-04 11:28:00,28.853824413399284,67.60385805489476,1010.8175218566496,0,normal
2026-08-04 11:29:00,29.61842051189051,66.3271280943434,1010.7726351948477,0,normal
2026-08-04 11:30:00,29.452538485994154,67.57030935544145,1010.828716820905,0,normal
2026-08-04 11:31:00,29.253215490630538,66.11987292724136,1010.9542478869832,0,normal
2026-08-04 11:32:00,29.796791491183562,66.50090795139906,1010.9098808417032,0,normal
2026-08-04 11:33:00,28.661344068506796,65.67759488597848,1011.0899850892906,0,normal
2026-08-04 11:34:00,29.200405455648074,67.12190110562277,1010.891858596145,0,normal
2026-08-04 11:35:00,29.348484704472497,68.51913703084469,1010.5534428566034,0,normal
2026-08-04 11:36:00,28.91733416776555,67.10719346676113,1010.8276548587758,0,normal
2026-08-04 11:37:00,29.359844433821007,67.68513773191957,1010.8042017244684,0,normal
2026-08-04 11:38:00,28.884460306320822,69.02152566596745,1011.0231504445788,0,normal
2026-08-04 11:39:00,29.530632684028262,67.43231541437778,1010.5045720487809,0,normal
2026-08-04 11:40:00,29.676356527023195,66.46628893714828,1010.7802442298284,0,normal
2026-08-04 11:41:00,29.418610759653777,66.54578375801312,1010.558362042371,0,normal
2026-08-04 11:42:00,28.69199720402144,67.01773808599171,1010.7743436909977,0,normal
2026-08-04 11:43:00,29.01928341924613,66.48026207572478,1010.6445512218822,0,normal
2026-08-04 11:44:00,29.57249639079061,66.50946843947891,1010.7706192198932,0,normal
2026-08-04 11:45:00,29.399455861848434,67.71349597065232,1010.4315523227266,0,normal
2026-08-04 11:46:00,28.46632525957953,67.71556781000436,1010.8292814546315,0,normal
2026-08-04 11:47:00,29.86140772471136,65.54647446187784,1010.7246680063754,0,normal
2026-08-04 11:48:00,29.491438540778493,66.17879479711927,1010.7160377154423,0,normal
2026-08-04 11:49:00,29.17412474626899,66.43146574945962,1011.0407388747188,0,normal
2026-08-04 11:50:00,29.826227577937207,67.25127672895793,1010.621894617692,0,normal
2026-08-04 11:51:00,29.25804616262396,67.65580040321576,1010.7533823028729,0,normal
2026-08-04 11:52:00,29.27141846576191,68.87224726942999,1010.7108451815837,0,normal
2026-08-04 11:53:00,29.654990849197535,66.30746648564985,1010.7294544502813,0,normal
2026-08-04 11:54:00,30.170120454358393,66.31675414476038,1011.094732050443,0,normal
2026-08-04 11:55:00,30.132200619304122,67.08952549698779,1010.70728155517,0,normal
2026-08-04 11:56:00,29.70703046940529,66.04222943398963,1010.5946638147066,0,normal
2026-08-04 11:57:00,29.760150670857918,66.44456818275896,1011.0345035355375,0,normal
2026-08-04 11:58:00,29.892522153009534,66.19464416746601,1010.6433128466196,0,normal
2026-08-04 11:59:00,29.1927323513669,64.39869120079709,1010.410709472998,0,normal
2026-08-04 12:00:00,29.87530462461408,66.56394388900766,1010.5672232953702,0,normal
2026-08-04 12:01:00,29.410099703034206,66.2888153680996,1010.4771119295681,0,normal
2026-08-04 12:02:00,29.795661775521,67.42104025173093,1010.3784152885885,0,normal
2026-08-04 12:03:00,29.621745826367814,66.37780403998148,1010.6379666290768,0,normal
2026-08-04 12:04:00,29.89394314676209,65.3389756411524,1010.6915595621314,0,normal
2026-08-04 12:05:00,29.777012557425692,66.10566262353117,1010.9175714007957,0,normal
2026-08-04 12:06:00,28.677266922341776,64.6086503144551,1010.8192354262283,0,normal
2026-08-04 12:07:00,29.83258553272613,65.2821645373041,1010.8118888770405,0,normal
2026-08-04 12:08:00,30.01186731156913,66.72869372626803,1010.5468652575648,0,normal
2026-08-04 12:09:00,29.960323157150476,65.99181525598988,1010.8677641799716,0,normal
2026-08-04 12:10:00,29.785471407669647,66.89710194562596,1010.9597200011992,0,normal
2026-08-04 12:11:00,30.413254815701254,64.55499896899782,1010.7811314987088,0,normal
2026-08-04 12:12:00,29.964593719027654,65.90397131661972,1010.7869612784687,0,normal
2026-08-04 12:13:00,30.02590652952364,65.68696892892656,1010.4840516143083,0,normal
2026-08-04 12:14:00,30.255393323128082,66.80150769429407,1010.902271489177,0,normal
2026-08-04 12:15:00,30.033821215956525,66.54450092948545,1011.0337880541183,0,normal
2026-08-04 12:16:00,29.609691863431518,66.48956688645971,1010.7721241815551,0,normal
2026-08-04 12:17:00,29.087655983847014,67.17838079121009,1010.6077513038567,0,normal
2026-08-04 12:18:00,29.79114904041549,65.62028438852376,1010.6863080610981,0,normal
2026-08-04 12:19:00,30.241530529136316,66.95233435790014,1010.6405115719166,0,normal
2026-08-04 12:20:00,29.86866476531026,65.01843525848764,1010.6520151601036,0,normal
2026-08-04 12:21:00,30.28970013105305,64.95864392174322,1010.8342304653097,0,normal
2026-08-04 12:22:00,30.078371801125385,66.39510535062568,1010.768583076873,0,normal
2026-08-04 12:23:00,30.494159008616855,64.55869408040871,1010.8996627432942,0,normal
2026-08-04 12:24:00,29.95701837319617,66.19029493339309,1010.7863798121391,0,normal
2026-08-04 12:25:00,30.24100682556292,65.78274650258075,1010.5647332890564,0,normal
2026-08-04 12:26:00,30.271387590269345,66.52880998013059,1010.6307848889576,0,normal
2026-08-04 12:27:00,30.636863107506265,65.593423382349,1010.6202269358903,0,normal
2026-08-04 12:28:00,29.53094216962137,65.65548795040628,1010.6885911262151,0,normal
2026-08-04 12:29:00,29.984772933437622,65.98775108275555,1011.0458101392861,0,normal
2026-08-04 12:30:00,30.45913458487224,65.01993037302013,1011.0752380486324,0,normal
2026-08-04 12:31:00,30.720143038186386,64.95481709452109,1010.8745272867973,0,normal
2026-08-04 12:32:00,30.2800165140931,65.86907959537064,1010.7458879929335,0,normal
2026-08-04 12:33:00,30.11044382220652,65.4358820470026,1010.479973028043,0,normal
2026-08-04 12:34:00,30.494766773366987,65.10326033093072,1010.7652203090885,0,normal
2026-08-04 12:35:00,30.550692303801867,65.33270684649142,1010.5839543449748,0,normal
2026-08-04 12:36:00,30.13762145097937,66.64442845587077,1011.0201748912159,0,normal
2026-08-04 12:37:00,30.395952606332386,64.98423747980415,1010.4380956539786,0,normal
2026-08-04 12:38:00,30.710356624879147,64.93093307227468,1010.7969040129672,0,normal
2026-08-04 12:39:00,30.97564448423064,63.91251571232749,1010.5708243161827,0,normal
2026-08-04 12:40:00,30.59069173392012,65.21453741095749,1010.726953648307,0,normal
2026-08-04 12:41:00,30.363008872443167,65.74390214844541,1010.8490260299358,0,normal
2026-08-04 12:42:00,30.345397997307213,65.85735688623699,1010.9135438803387,0,normal
2026-08-04 12:43:00,54.56665910380635,65.24500357266875,1010.7191094179345,1,spike
2026-08-04 12:44:00,30.35731705016064,65.8931560575252,1010.8674851384516,0,normal
2026-08-04 12:45:00,30.480890289188327,65.68356240429323,1010.6116424051968,0,normal
2026-08-04 12:46:00,30.060955548754944,65.95905689171823,1010.7754931447171,0,normal
2026-08-04 12:47:00,30.90186063690198,65.82628776377861,1010.9120911224556,0,normal
2026-08-04 12:48:00,30.06548628340525,66.26500799816584,1010.791857577247,0,normal
2026-08-04 12:49:00,30.329953777866457,64.84348214393047,1010.6371720112578,0,normal
2026-08-04 12:50:00,30.531973821483625,63.887833476149495,1010.6825887692695,0,normal
2026-08-04 12:51:00,31.21126589840742,65.45073069707841,1010.9159853103579,0,normal
2026-08-04 12:52:00,30.38306647452831,65.51450716654212,1010.5369743081359,0,normal
2026-08-04 12:53:00,30.314465426425983,66.11640352456254,1010.5638570232675,0,normal
2026-08-04 12:54:00,30.37133059079482,65.85581633166494,1010.8424354123247,0,normal
2026-08-04 12:55:00,31.16125587507653,66.35757364997806,1010.6554075486507,0,normal
2026-08-04 12:56:00,29.61282527315954,65.26752586867758,1010.473195144485,0,normal
2026-08-04 12:57:00,30.26267246734378,64.92517407584555,1010.9781734603505,0,normal
2026-08-04 12:58:00,31.58604476345366,63.60465849931434,1010.5373667775954,0,normal
2026-08-04 12:59:00,30.853343974674306,64.92967865098946,1010.699654397338,0,normal
2026-08-04 13:00:00,30.275860337957223,64.21179275378519,1010.6242832880348,0,normal
2026-08-04 13:01:00,30.66468158323788,64.7936356100571,1010.6824474072913,0,normal
2026-08-04 13:02:00,30.719337465744246,64.63870900697225,1010.5770205826499,0,normal
2026-08-04 13:03:00,31.008225076930817,64.94319543988738,1010.8650322107558,0,normal
2026-08-04 13:04:00,31.37223689692094,64.45869391722799,1010.7566082510881,0,normal
2026-08-04 13:05:00,30.88071102091572,65.25536491076869,1010.9139039317196,0,normal
2026-08-04 13:06:00,30.572075244495842,62.29965648977583,1010.627370466964,0,normal
2026-08-04 13:07:00,31.052740105443668,64.60104744114504,1011.1211273102846,0,normal
2026-08-04 13:08:00,30.549107390024954,65.3819590539862,1010.3944974368848,0,normal
2026-08-04 13:09:00,30.44803857804817,65.88696324459207,1010.4521489352343,0,normal
2026-08-04 13:10:00,30.209924750582097,64.94749382118249,1011.0531556594474,0,normal
2026-08-04 13:11:00,30.294259060594914,65.68087513378038,1010.8230432171569,0,normal
2026-08-04 13:12:00,30.544434028561703,64.43920567639294,1010.7992686983686,0,normal
2026-08-04 13:13:00,30.46207364400965,64.27747984879056,1010.8155403958021,0,normal
2026-08-04 13:14:00,31.000017175570136,64.66990049955528,1010.8408079314005,0,normal
2026-08-04 13:15:00,30.486651883331174,64.21503658781533,1010.7920167346568,0,normal
2026-08-04 13:16:00,29.822190955948656,63.56297644375955,1010.5642517934403,0,normal
2026-08-04 13:17:00,30.573109893060245,63.74798754354174,1010.8854331515184,0,normal
2026-08-04 13:18:00,30.789305909018623,63.24182219209602,1010.8571131781799,0,normal
2026-08-04 13:19:00,30.758499861904657,64.52565896826064,1010.9953291380835,0,normal
2026-08-04 13:20:00,31.518163549600366,64.08353205399638,1011.0557834725317,0,normal
2026-08-04 13:21:00,30.7874847849024,63.75770009638553,1010.7977024310162,0,normal
2026-08-04 13:22:00,31.326414409131182,63.56414198126689,1010.5172426781272,0,normal
2026-08-04 13:23:00,31.027285259481932,64.39314420778781,1011.0572284959632,0,normal
2026-08-04 13:24:00,31.034931652741783,64.58511850155965,1010.5548683454512,0,normal
2026-08-04 13:25:00,30.773135217531088,63.02806080226579,1010.7989179484487,0,normal
2026-08-04 13:26:00,31.06069498711846,62.87408805519256,1010.6918094373091,0,normal
2026-08-04 13:27:00,30.829206162603246,64.63965982816471,1010.6604342184986,0,normal
2026-08-04 13:28:00,31.172189215377298,62.747814157577515,1010.8754341243512,0,normal
2026-08-04 13:29:00,31.04565395065973,64.25783244206323,1010.7817642313894,0,normal
2026-08-04 13:30:00,30.81335159283922,65.08534643141917,1010.830034449861,0,normal
2026-08-04 13:31:00,31.50673357936883,65.05923741108926,1010.5907050008835,0,normal
2026-08-04 13:32:00,31.324532776674847,64.32623306208819,1010.7060606618354,0,normal
2026-08-04 13:33:00,31.033853271217026,64.27512347391453,1010.5987315497113,0,normal
2026-08-04 13:34:00,31.257102700161248,65.48179866927912,1010.701256716035,0,normal
2026-08-04 13:35:00,31.192315158067647,61.78500952508386,1010.7155422199495,0,normal
2026-08-04 13:36:00,30.93343683674608,63.25336788193083,1011.0687120505203,0,normal
2026-08-04 13:37:00,31.277175402992736,64.27599781175721,1010.6898533037554,0,normal
2026-08-04 13:38:00,31.05052281772292,63.299800698278624,1010.3537295309343,0,normal
2026-08-04 13:39:00,30.95249216732697,64.53393750475834,1010.9872357530452,0,normal
2026-08-04 13:40:00,30.73055910933263,63.48317526196516,1010.8167560627704,0,normal
2026-08-04 13:41:00,31.188290072622916,63.59265686643718,1010.7120656467772,0,normal
2026-08-04 13:42:00,31.52748337465554,63.240185445758044,1010.6566949573773,0,normal
2026-08-04 13:43:00,31.101119613909148,63.01464045436837,1010.5646813511731,0,normal
2026-08-04 13:44:00,32.24167064098579,62.96774645347549,1011.083698918736,0,normal
2026-08-04 13:45:00,31.684549977649855,63.59521433420521,1010.7438926782115,0,normal
2026-08-04 13:46:00,31.846177856761155,62.73153837761621,1010.4214637734032,0,normal
2026-08-04 13:47:00,31.683064310314567,64.08672600081475,1010.7929386093115,0,normal
2026-08-04 13:48:00,32.06826330103083,63.81977777584074,1010.9507307761583,0,normal
2026-08-04 13:49:00,31.159305251587423,64.1498288364012,1010.7614406183562,0,normal
2026-08-04 13:50:00,30.553457054124383,62.34031905731822,1010.5706461026548,0,normal
2026-08-04 13:51:00,31.308493902487676,61.8571048786218,1010.5541781467861,0,normal
2026-08-04 13:52:00,31.674900352558947,63.18663030409615,1010.567080742751,0,normal
2026-08-04 13:53:00,31.547403763428953,65.48237791249436,1011.0057112614948,0,normal
2026-08-04 13:54:00,31.605599923646817,64.14972917825602,1010.7185160052912,0,normal
2026-08-04 13:55:00,31.986277140030474,62.66669656349298,1010.428835894966,0,normal
2026-08-04 13:56:00,31.672415091462486,63.42342199073417,1010.7997291921868,0,normal
2026-08-04 13:57:00,31.833012668317274,63.63950819707913,1010.7555385449414,0,normal
2026-08-04 13:58:00,31.239206019889515,61.93642267686249,1010.648905620244,0,normal
2026-08-04 13:59:00,31.199286388199354,64.10059726740002,1010.5455765124776,0,normal
2026-08-04 14:00:00,32.16219634850581,62.844789770502395,1010.5372796153945,0,normal
2026-08-04 14:01:00,31.647115137771404,62.880086584432725,1010.9238937984909,0,normal
2026-08-04 14:02:00,31.4081730738964,62.945631354144986,1010.7723590869017,0,normal
2026-08-04 14:03:00,31.423279199962504,63.81627877141496,1010.8134577418056,0,normal
2026-08-04 14:04:00,31.42799819681422,62.270615120860526,1010.7708416268629,0,normal
2026-08-04 14:05:00,31.421439416660142,61.48337067092811,1010.7852402182995,0,normal
2026-08-04 14:06:00,31.234816632345737,63.08156886068857,1010.6414044753622,0,normal
2026-08-04 14:07:00,31.173073753709662,61.162608716309485,1010.6881135493453,0,normal
2026-08-04 14:08:00,31.6442308737178,62.53105595685406,1010.9342823335716,0,normal
2026-08-04 14:09:00,31.519178581835508,63.69591548153914,1010.9786478735172,0,normal
2026-08-04 14:10:00,32.12838707578937,63.18424243682627,1010.5034565818396,0,normal
2026-08-04 14:11:00,31.85759504338423,63.52947795590015,1010.6853461100959,0,normal
2026-08-04 14:12:00,31.861974232373214,63.1665749855165,1010.8732916918054,0,normal
2026-08-04 14:13:00,31.523073414183106,64.57333774948434,1011.0603703755885,0,normal
2026-08-04 14:14:00,31.75481554959317,62.149330669366314,1011.0417125174027,0,normal
2026-08-04 14:15:00,31.937492989224435,62.913356345442345,1010.5770752304552,0,normal
2026-08-04 14:16:00,32.075735133792676,62.219360148406544,1010.9491598613919,0,normal
2026-08-04 14:17:00,31.806085167027014,63.31038042043332,1010.7295340993669,0,normal
2026-08-04 14:18:00,32.23047771615878,62.470840207246766,1010.9062906502188,0,normal
2026-08-04 14:19:00,31.869373891296128,63.870415005048,1010.8594899969587,0,normal
2026-08-04 14:20:00,32.1578232649963,62.0460040842283,1010.4893785786303,0,normal
2026-08-04 14:21:00,31.722583290094743,63.57175503212777,1010.8151677869316,0,normal
2026-08-04 14:22:00,31.273285823174746,62.896042075691724,1010.8964663301753,0,normal
2026-08-04 14:23:00,32.015232734825325,62.371118371584764,1010.7110695716177,0,normal
2026-08-04 14:24:00,32.188740749074796,62.80667846627062,1010.6696052433889,0,normal
2026-08-04 14:25:00,32.1497737835644,62.557454524729074,1010.4302754924206,0,normal
2026-08-04 14:26:00,32.10964684485233,62.6090066817095,1010.8354470637784,0,normal
2026-08-04 14:27:00,31.853309530463374,62.13462795881052,1010.7491796539974,0,normal
2026-08-04 14:28:00,31.706341149713516,61.714818299295196,1010.5448090077143,0,normal
2026-08-04 14:29:00,32.19514827059814,61.984079355391614,1010.6513362100612,0,normal
2026-08-04 14:30:00,32.164594436805174,60.88175072107505,1010.7369714291693,0,normal
2026-08-04 14:31:00,31.832270807365877,62.878039574039015,1010.6077679800778,0,normal
2026-08-04 14:32:00,32.43008454494855,61.19264813218596,1010.7079540311958,0,normal
2026-08-04 14:33:00,31.745936438870547,61.98304470817289,1010.3916221517798,0,normal
2026-08-04 14:34:00,31.863811937291587,62.6520665100428,1010.9486319733167,0,normal
2026-08-04 14:35:00,32.65385191668726,62.781701496979416,1010.7077139441758,0,normal
2026-08-04 14:36:00,32.398116726491914,60.6671021804353,1010.506069018059,0,normal
2026-08-04 14:37:00,31.981771493295952,61.990071273041,1010.2602956103026,0,normal
2026-08-04 14:38:00,32.22057121061505,62.40815832767162,1010.8873662298548,0,normal
2026-08-04 14:39:00,32.18702973408926,62.05887555516525,1010.8016453474562,0,normal
2026-08-04 14:40:00,31.184703121914435,63.06951042976662,1010.738167420435,0,normal
2026-08-04 14:41:00,31.841168424806323,61.313880865570525,1010.8547439594756,0,normal
2026-08-04 14:42:00,32.153354897278874,60.30925795728502,1010.8532805677937,0,normal
2026-08-04 14:43:00,32.05900444459965,62.574005131184,1010.7323374631775,0,normal
2026-08-04 14:44:00,32.28292171844427,61.47341828340977,1010.6505880295214,0,normal
2026-08-04 14:45:00,32.60432187106783,60.47368739024265,1010.6202573100844,0,normal
2026-08-04 14:46:00,32.10898243026009,61.73123289405859,1010.7700968098248,0,normal
2026-08-04 14:47:00,31.863807094271838,62.82010279381857,1010.9447655866355,0,normal
2026-08-04 14:48:00,32.3600998691556,60.80275901135113,1010.6737383155104,0,normal
2026-08-04 14:49:00,32.144448109453855,63.65995406308926,1010.9569760279003,0,normal
2026-08-04 14:50:00,32.21645728520188,61.09874013449176,1010.7573150177222,0,normal
2026-08-04 14:51:00,61.388028771824985,-1.4197571836449914,1033.7839840444067,1,dropout
2026-08-04 14:52:00,33.08019455421039,60.749793091093494,1011.1209070716856,0,normal
2026-08-04 14:53:00,31.523462967165642,61.73655362854361,1010.9843717803299,0,normal
2026-08-04 14:54:00,32.18389858325305,61.57452697054779,1010.9879300013059,0,normal
2026-08-04 14:55:00,32.330577917639765,60.46828394366083,1010.5410888253397,0,normal
2026-08-04 14:56:00,32.07047024891867,63.898988840686144,1011.078119400085,0,normal
2026-08-04 14:57:00,32.67075740629676,61.22060049413236,1010.6675831207622,0,normal
2026-08-04 14:58:00,32.65235377857361,61.19993831070014,1010.64027766248,0,normal
2026-08-04 14:59:00,32.362841466565534,62.34947074830737,1010.291393637783,0,normal
2026-08-04 15:00:00,32.2966083116461,63.00447559671566,1010.7376113334495,0,normal
2026-08-04 15:01:00,32.36389411391552,62.43314718057428,1010.48268427025,0,normal
2026-08-04 15:02:00,32.37808468085474,60.55007632692366,1010.7499710438829,0,normal
2026-08-04 15:03:00,32.398956365354444,61.66126750539605,1010.4661893868008,0,normal
2026-08-04 15:04:00,32.37215985607131,59.96425970598538,1010.99763123141,0,normal
2026-08-04 15:05:00,32.53783490898576,62.170037059146125,1010.7720911274477,0,normal
2026-08-04 15:06:00,32.724565260787784,60.11993607812519,1011.0819356650376,0,normal
2026-08-04 15:07:00,32.0417584497115,60.76503780024779,1010.4861538469412,0,normal
2026-08-04 15:08:00,32.11597046711871,61.38464898216377,1010.9478782621173,0,normal
2026-08-04 15:09:00,31.883019513416652,61.722926195445766,1010.3432540331698,0,normal
2026-08-04 15:10:00,32.80948236240367,61.13798382074534,1010.7039005794596,0,normal
2026-08-04 15:11:00,32.605043126400325,62.54190922051937,1010.5514480235764,0,normal
2026-08-04 15:12:00,32.7054043561919,61.885245264316865,1010.5831896771597,0,normal
2026-08-04 15:13:00,32.03931094277306,61.80254565206868,1010.5695226544743,0,normal
2026-08-04 15:14:00,33.17538541803897,60.28345867741716,1010.496501751503,0,normal
2026-08-04 15:15:00,32.34851745481926,62.60678893430723,1010.4330539350665,0,normal
2026-08-04 15:16:00,32.6313922532434,60.58525975036693,1010.5787966920285,0,normal
2026-08-04 15:17:00,32.88240285323546,62.59826545714765,1010.6779428489351,0,normal
2026-08-04 15:18:00,32.248716165667666,62.80660995792812,1010.8651354865498,0,normal
2026-08-04 15:19:00,32.413679074750256,61.57970465579036,1010.707434895253,0,normal
2026-08-04 15:20:00,32.67827870917772,61.97601889865884,1010.8628389500849,0,normal
2026-08-04 15:21:00,33.626302427183646,58.66500542900733,1010.3853683474249,0,normal
2026-08-04 15:22:00,32.74214085649629,60.9563763075251,1010.5720727545895,0,normal
2026-08-04 15:23:00,33.20947583722669,61.975252285031665,1010.7765438013275,0,normal
2026-08-04 15:24:00,33.07967897597235,61.81437440280191,1010.7088815376597,0,normal
2026-08-04 15:25:00,32.79688234268628,60.08033916173148,1010.4906285967556,0,normal
2026-08-04 15:26:00,32.33218709128723,60.80259741847582,1010.8122940765084,0,normal
2026-08-04 15:27:00,33.059587296967784,58.99004578151291,1010.547042717274,0,normal
2026-08-04 15:28:00,32.174543790616106,61.33120185125636,1010.5012453316308,0,normal
2026-08-04 15:29:00,33.269338351610024,59.47592084865945,1010.7273089338722,0,normal
2026-08-04 15:30:00,32.789124152503135,61.868848768345735,1010.6392450819161,0,normal
2026-08-04 15:31:00,52.640825336045566,61.89263657591933,1010.5424753432521,1,spike
2026-08-04 15:32:00,32.61994667235716,60.54906103053088,1010.5348169181285,0,normal
2026-08-04 15:33:00,32.97791645739287,61.32778095325368,1010.440932253153,0,normal
2026-08-04 15:34:00,32.67592714666525,60.71939521715317,1010.5606921663477,0,normal
2026-08-04 15:35:00,33.018928008673164,61.06902348705891,1010.8283484854943,0,normal
2026-08-04 15:36:00,32.4808975030334,59.94022071858765,1010.6727745838638,0,normal
2026-08-04 15:37:00,32.3309814574978,61.338663075646394,1010.7996999395672,0,normal
2026-08-04 15:38:00,32.77267788865512,59.51047106661756,1010.7184316516516,0,normal
2026-08-04 15:39:00,32.818279247858094,59.34233526655949,1010.5137101271871,0,normal
2026-08-04 15:40:00,32.69478304734336,60.69170707648525,1010.3254329787974,0,normal
2026-08-04 15:41:00,33.25569442842078,60.60333594105001,1010.453797435316,0,normal
2026-08-04 15:42:00,32.53793338446376,60.9733635972412,1010.4981504513273,0,normal
2026-08-04 15:43:00,32.95441568076184,60.219218991284194,1010.4825585355901,0,normal
2026-08-04 15:44:00,32.87783710745472,62.23079251671,1010.7922064875754,0,normal
2026-08-04 15:45:00,32.31837491489696,60.83424911129454,1010.788637182003,0,normal
2026-08-04 15:46:00,32.41068063120661,60.87570851641944,1011.0103668744581,0,normal
2026-08-04 15:47:00,32.88556340195663,60.8309405082911,1010.4730449490446,0,normal
2026-08-04 15:48:00,33.58380538788973,61.459344251890975,1010.8963306305441,0,normal
2026-08-04 15:49:00,33.10205799494851,61.101806172781075,1010.8934821786631,0,normal
2026-08-04 15:50:00,32.30420671501679,60.978695673816695,1010.5634997377659,0,normal
2026-08-04 15:51:00,31.82831043609456,61.198071271306496,1010.6887893205159,0,normal
2026-08-04 15:52:00,33.18228922617447,59.13390872156407,1010.8251124870808,0,normal
2026-08-04 15:53:00,32.90072165783325,59.14855285266044,1010.5893942577952,0,normal
2026-08-04 15:54:00,33.342451917953035,60.50172890246394,1010.573659408365,0,normal
2026-08-04 15:55:00,32.64330639790981,60.38909638508204,1010.4834874980056,0,normal
2026-08-04 15:56:00,33.0826171231563,60.99585790701562,1010.1697886896719,0,normal
2026-08-04 15:57:00,33.26462462557996,60.53291332095863,1010.6054570035566,0,normal
2026-08-04 15:58:00,32.82020874049771,60.96739701772581,1010.4631612403117,0,normal
2026-08-04 15:59:00,32.83598395145828,59.49054990337761,1010.3955297076716,0,normal
2026-08-04 16:00:00,33.00218441821502,60.46366756163713,1010.6632308486426,0,normal
2026-08-04 16:01:00,33.1914431675649,59.38477124652498,1010.3241332081302,0,normal
2026-08-04 16:02:00,33.004588911023475,60.75257299097326,1010.7285860372023,1,drift
2026-08-04 16:03:00,33.65444263187256,58.92604546924299,1010.668650981631,1,drift
2026-08-04 16:04:00,33.455739759045045,60.69302555785278,1010.5076689952182,1,drift
2026-08-04 16:05:00,33.45628683402436,59.22499932731072,1010.5663978342077,1,drift
2026-08-04 16:06:00,34.91690939411392,60.07931558620588,1010.361633044875,1,drift
2026-08-04 16:07:00,34.31702370642391,61.0881368547957,1010.70900222611,1,drift
2026-08-04 16:08:00,34.633302785605814,60.54027371953951,1010.6057245681449,1,drift
2026-08-04 16:09:00,35.112772718374174,59.02813497466792,1010.6171790335151,1,drift
2026-08-04 16:10:00,35.462797864760944,59.79316015034381,1010.6584226748768,1,drift
2026-08-04 16:11:00,35.60735989282332,59.11650337284504,1010.4504733431461,1,drift
2026-08-04 16:12:00,36.03994595789394,58.948449500259244,1010.2906927040069,1,drift
2026-08-04 16:13:00,36.3354135261713,60.38515632976903,1010.7344449601471,1,drift
2026-08-04 16:14:00,36.71373325783601,60.72615357513579,1010.6840908283152,1,drift
2026-08-04 16:15:00,36.13057564071078,60.617408608788644,1010.4617402113365,1,drift
2026-08-04 16:16:00,37.91708616072505,60.73415439223073,1010.6297173536315,1,drift
2026-08-04 16:17:00,37.51024506282092,60.22977365727173,1010.780474917484,1,drift
2026-08-04 16:18:00,38.067963600716844,60.007960121212626,1010.7569575018401,1,drift
2026-08-04 16:19:00,37.685292993757386,59.355707582081365,1010.448311922837,1,drift
2026-08-04 16:20:00,38.305594096507484,59.84971106951072,1010.279886198079,1,drift
2026-08-04 16:21:00,38.53788218315713,59.132429101529176,1010.3086846702739,1,drift
2026-08-04 16:22:00,39.59027730592841,59.501229852363245,1010.4875824781409,1,drift
2026-08-04 16:23:00,39.17345306255509,60.23647991543662,1010.8048095852245,1,drift
2026-08-04 16:24:00,39.94636212392892,60.05919159182306,1010.4083612633723,1,drift
2026-08-04 16:25:00,39.75586562419201,62.59343904733724,1010.4300209758977,1,drift
2026-08-04 16:26:00,40.127507043356225,59.053362618869066,1010.4241841793231,1,drift
2026-08-04 16:27:00,40.5023241256923,60.0183851346736,1010.4373744770814,1,drift
2026-08-04 16:28:00,41.339887498328466,58.96806617901886,1010.5289127081259,1,drift
2026-08-04 16:29:00,40.5313001916201,59.785533871218504,1010.2983617249579,1,drift
2026-08-04 16:30:00,41.03440508425461,59.806921880504156,1010.7217824820617,1,drift
2026-08-04 16:31:00,41.11540090626208,60.74945765201599,1010.4983465673319,1,drift
2026-08-04 16:32:00,32.841227989518444,59.70290115318067,1010.968465014968,0,normal
2026-08-04 16:33:00,32.94382360574117,59.898783202404104,1010.3087742215156,0,normal
2026-08-04 16:34:00,32.668776438135446,59.696912948021414,1010.8039789225259,0,normal
2026-08-04 16:35:00,32.98278567689892,58.90977848685522,1010.7660210153076,0,normal
2026-08-04 16:36:00,32.54041098663005,59.498514865819615,1010.4392413971156,0,normal
2026-08-04 16:37:00,32.89501972314025,59.70434877549189,1010.4399891476249,0,normal
2026-08-04 16:38:00,33.67714859316117,60.05878492543818,1010.3430118762715,0,normal
2026-08-04 16:39:00,33.40387381153821,60.43683298778766,1010.3428129590853,0,normal
2026-08-04 16:40:00,33.33377896605502,59.79207393655588,1010.5041970061355,0,normal
2026-08-04 16:41:00,32.92267074446713,59.76821134294723,1010.5057465665257,0,normal
2026-08-04 16:42:00,32.74142203210815,58.583628434693146,1010.2113025262739,0,normal
2026-08-04 16:43:00,32.885686147225286,60.382518751813684,1010.9102526121843,0,normal
2026-08-04 16:44:00,33.27453672577649,59.38459074319934,1010.4483938161723,0,normal
2026-08-04 16:45:00,33.598721724942266,60.52971146358244,1010.5045922958715,0,normal
2026-08-04 16:46:00,33.61581834120634,60.97599472088401,1010.3777246448328,0,normal
2026-08-04 16:47:00,33.52576408389981,59.76346686229311,1010.4400410464859,0,normal
2026-08-04 16:48:00,33.05189489873241,59.08623237101311,1010.4213301905174,0,normal
2026-08-04 16:49:00,33.32355223390775,59.882731565114916,1010.4828563899054,0,normal
2026-08-04 16:50:00,33.20733976205793,60.16638781654384,1010.4783834504392,0,normal
2026-08-04 16:51:00,33.254172866587346,59.62647283442621,1010.6235015194278,0,normal
2026-08-04 16:52:00,34.04229338419362,59.41924772968026,1010.5171313053218,0,normal
2026-08-04 16:53:00,32.71723749426764,60.31302099923316,1010.6005990209213,0,normal
2026-08-04 16:54:00,33.25636919076303,60.25210192046675,1010.469648733759,0,normal
2026-08-04 16:55:00,33.76711615810547,59.56897909738844,1010.5106170131484,0,normal
2026-08-04 16:56:00,32.83436937102662,58.514856965182894,1010.4231236923878,0,normal
2026-08-04 16:57:00,33.126476464253365,60.195439249678074,1010.6446763034784,0,normal
2026-08-04 16:58:00,33.17091049985975,59.20882960182231,1010.5197360422146,0,normal
2026-08-04 16:59:00,33.28213765264449,59.98664685580068,1010.430748705966,0,normal
2026-08-04 17:00:00,32.80584823098233,59.928710533546855,1010.4229069155052,0,normal
2026-08-04 17:01:00,33.576856570598196,58.28936580061028,1010.4345866272149,0,normal
2026-08-04 17:02:00,33.60570917452348,59.85825645025434,1010.4572390167856,0,normal
2026-08-04 17:03:00,33.554371062814766,60.19801297256815,1010.4391139712603,0,normal
2026-08-04 17:04:00,33.07566881879258,60.28923334326855,1010.3461578117717,0,normal
2026-08-04 17:05:00,33.414367056048164,59.866657197522144,1010.5819122554653,0,normal
2026-08-04 17:06:00,33.07300157641579,58.18439778916685,1010.5907552099632,0,normal
2026-08-04 17:07:00,33.275042855625934,60.78132245651261,1010.7602576923966,0,normal
2026-08-04 17:08:00,34.14874007415335,60.08211578820197,1010.3279626230127,0,normal
2026-08-04 17:09:00,-13.32007897508021,-4.3716871948848555,980.4889338425096,1,dropout
2026-08-04 17:10:00,32.986326750579096,59.110754940159374,1010.0878481088589,0,normal
2026-08-04 17:11:00,33.468438448923926,59.91997261840974,1010.5781449726956,0,normal
2026-08-04 17:12:00,32.93548089467197,60.27297796521401,1010.1641475139659,0,normal
2026-08-04 17:13:00,32.992172529363884,59.33306726376224,1010.2465584732646,0,normal
2026-08-04 17:14:00,33.05057802458119,60.378274486924845,1010.4809351371234,0,normal
2026-08-04 17:15:00,33.262535976765434,58.278187076591514,1010.3066520115539,0,normal
2026-08-04 17:16:00,33.74898475515651,58.87310956676677,1010.2793962455748,0,normal
2026-08-04 17:17:00,33.62641440917506,58.05039174820627,1010.3260018376624,0,normal
2026-08-04 17:18:00,33.60988090349746,58.97889505213347,1010.5419610750554,0,normal
2026-08-04 17:19:00,33.04499446040347,60.89834723706161,1010.2400586560784,0,normal
2026-08-04 17:20:00,33.242871531514375,61.33332379296835,1010.3955724646815,0,normal
2026-08-04 17:21:00,33.53017337685601,59.87008116635397,1010.334494529569,0,normal
2026-08-04 17:22:00,33.21763032359703,59.1671225582287,1010.547556253852,0,normal
2026-08-04 17:23:00,33.342611249819946,59.49614155413721,1010.5499160446948,0,normal
2026-08-04 17:24:00,33.596940050427925,60.04784342694189,1010.0642446052194,0,normal
2026-08-04 17:25:00,33.322746856051324,58.414635428772435,1010.5800112360073,0,normal
2026-08-04 17:26:00,33.52621868440615,59.20299998660922,1010.2792427277265,0,normal
2026-08-04 17:27:00,34.00676103527265,60.805023688401306,1010.4289897016885,0,normal
2026-08-04 17:28:00,33.39129142491071,58.81678181907743,1010.2147229390125,0,normal
2026-08-04 17:29:00,33.86627381741305,59.05050140267807,1010.4477912649841,0,normal
2026-08-04 17:30:00,33.651276308080725,59.656778551343265,1010.8374815169127,0,normal
2026-08-04 17:31:00,32.94388088023576,59.869370648110056,1010.3983713463712,0,normal
2026-08-04 17:32:00,33.073513977305645,59.13961777700342,1010.289942994411,0,normal
2026-08-04 17:33:00,33.16927727883518,59.698087701037444,1010.3281518247034,0,normal
2026-08-04 17:34:00,33.16354503410032,60.11989405389972,1010.1027319701399,0,normal
2026-08-04 17:35:00,33.432764755121774,61.19986121284883,1010.6251785487076,0,normal
2026-08-04 17:36:00,33.68104796717022,59.52699271160936,1010.4178832177828,0,normal
2026-08-04 17:37:00,33.90671183323086,59.592369995998936,1010.169953070252,0,normal
2026-08-04 17:38:00,33.57667893992662,60.84492056484219,1010.1729991972626,0,normal
2026-08-04 17:39:00,33.31416850305075,59.181308080230345,1010.3558605024255,0,normal
2026-08-04 17:40:00,32.74263800274153,58.55897168831392,1010.518033445813,0,normal
2026-08-04 17:41:00,33.49732226691155,59.81659793884272,1010.1402521360461,0,normal
2026-08-04 17:42:00,33.48275633496478,60.47541474307774,1010.5449915172516,0,normal
2026-08-04 17:43:00,33.53881004508759,59.90151973899195,1010.3252228117508,0,normal
2026-08-04 17:44:00,34.21294465198996,59.53340817545471,1010.171403584364,0,normal
2026-08-04 17:45:00,33.91087224879721,58.450776053652376,1010.251785214586,0,normal
2026-08-04 17:46:00,33.752265024745164,59.56139680126169,1010.6478228701474,0,normal
2026-08-04 17:47:00,33.14152428333178,60.59334899060373,1010.0803100639027,0,normal
2026-08-04 17:48:00,33.299388017165136,58.61839565273007,1010.1955446641624,0,normal
2026-08-04 17:49:00,33.446352789148854,59.40888727071296,1010.4958390410471,0,normal
2026-08-04 17:50:00,33.20869545003545,59.293824343721596,1010.3604165594173,0,normal
2026-08-04 17:51:00,33.65571738811522,59.04490702251295,1010.176102964749,0,normal
2026-08-04 17:52:00,33.60586708236209,59.80079906154727,1010.4892528682113,0,normal
2026-08-04 17:53:00,33.100362760315065,59.95662625610022,1010.49485887307,0,normal
2026-08-04 17:54:00,33.90040516432146,59.947896412736746,1010.3693433273617,0,normal
2026-08-04 17:55:00,33.51750409163289,58.81997131631723,1010.1965008264568,0,normal
2026-08-04 17:56:00,32.87662406879036,58.28454781187682,1010.2212684539569,0,normal
2026-08-04 17:57:00,33.4638598094258,59.81129254532539,1010.3520279476222,0,normal
2026-08-04 17:58:00,33.58021026249699,59.196824964559184,1010.061653921229,0,normal
2026-08-04 17:59:00,33.82215088629715,61.072519857761336,1010.5338092823448,0,normal
2026-08-04 18:00:00,33.363369751153485,61.10991880091735,1010.5978444754636,0,normal
2026-08-04 18:01:00,33.77100520705593,61.19543528021794,1010.2463258157879,0,normal
2026-08-04 18:02:00,33.54639423331146,58.85149840911775,1010.3498793894528,0,normal
2026-08-04 18:03:00,33.020220568480745,60.059917340850326,1010.4961999127602,0,normal
2026-08-04 18:04:00,32.98470389113104,60.30215025212595,1010.6317235618486,0,normal
2026-08-04 18:05:00,33.87235825178226,60.213168983948464,1010.5569384483052,0,normal
2026-08-04 18:06:00,33.897434270262885,59.32419575650269,1009.9612364132712,0,normal
2026-08-04 18:07:00,33.591163045709315,60.63240566644236,1010.2137770499531,0,normal
2026-08-04 18:08:00,34.000874694152415,59.61094444182903,1010.3576363674541,0,normal
2026-08-04 18:09:00,33.846350859177164,59.714671094264965,1010.1754813870508,0,normal
2026-08-04 18:10:00,33.714895106746646,58.38367216132923,1010.5822588127605,0,normal
2026-08-04 18:11:00,33.15568126584542,60.131634565113316,1010.5515609377253,0,normal
2026-08-04 18:12:00,34.079583209581045,59.409507772465325,1010.1083109289925,0,normal
2026-08-04 18:13:00,33.660159161812736,59.99180562041072,1010.2228436685574,0,normal
2026-08-04 18:14:00,33.336208288278236,59.81034965537484,1010.114045645432,0,normal
2026-08-04 18:15:00,33.236083273820626,59.76941484039368,1010.2107244181266,0,normal
2026-08-04 18:16:00,33.55850576669555,59.5906322621714,1010.2021443239165,0,normal
2026-08-04 18:17:00,32.882342217303176,60.25915104280982,1010.4113556711573,0,normal
2026-08-04 18:18:00,33.710607820052054,59.47355588815429,1010.0765252281442,0,normal
2026-08-04 18:19:00,33.13040952594475,58.47144110360131,1009.7622861117424,0,normal
2026-08-04 18:20:00,33.592237186555806,60.093823033449105,1009.9413280413178,0,normal
2026-08-04 18:21:00,33.278250208351956,58.99464395154576,1010.0418888744149,0,normal
2026-08-04 18:22:00,33.36649173748941,58.58575895813826,1010.1057886910542,0,normal
2026-08-04 18:23:00,33.19226881788699,58.830823984699954,1010.254327256103,0,normal
2026-08-04 18:24:00,33.39883402945331,59.87886485288223,1010.0230883532836,0,normal
2026-08-04 18:25:00,34.114552345151886,59.578694198183115,1009.996261278571,0,normal
2026-08-04 18:26:00,33.935973711288916,57.95360301578696,1010.0437597453787,0,normal
2026-08-04 18:27:00,33.57313202673396,59.35679470277652,1010.0070362542938,0,normal
2026-08-04 18:28:00,33.43800121324014,60.603204182443,1010.1048316237549,0,normal
2026-08-04 18:29:00,33.74004275118179,59.31101204473856,1010.0939081501036,0,normal
2026-08-04 18:30:00,33.83770846804621,59.5440262552735,1010.3222223836596,0,normal
2026-08-04 18:31:00,33.14935731364922,60.515289003152745,1010.0168420653872,0,normal
2026-08-04 18:32:00,33.41019353829028,60.32190495262026,1010.1273481138636,0,normal
2026-08-04 18:33:00,32.79704369031645,60.507661342688856,1010.0903625623798,0,normal
2026-08-04 18:34:00,33.82517533041608,57.47709363854787,1010.3308100952218,0,normal
2026-08-04 18:35:00,34.152137255280046,61.08696003016176,1010.1541777330776,0,normal
2026-08-04 18:36:00,33.45462557005981,60.21439592815926,1010.3678036961991,0,normal
2026-08-04 18:37:00,32.679989769526884,61.679719485352855,1009.9679750491354,0,normal
2026-08-04 18:38:00,33.63393049498695,59.090068981575364,1010.1632322293877,0,normal
2026-08-04 18:39:00,33.101392011160556,58.31068933284138,1010.065167548905,0,normal
2026-08-04 18:40:00,33.18258429043545,59.73287303189584,1009.94484255416,0,normal
2026-08-04 18:41:00,33.630920745465126,59.512577166267334,1010.1500750227794,0,normal
2026-08-04 18:42:00,33.49750447438487,60.261711168867095,1010.4708434354636,0,normal
2026-08-04 18:43:00,33.23429315832581,60.604755669366426,1010.0020755856583,0,normal
2026-08-04 18:44:00,33.174419207111,59.68113861834586,1010.129333339023,0,normal
2026-08-04 18:45:00,33.44240306937136,59.56469623352897,1009.9127429761986,0,normal
2026-08-04 18:46:00,33.251556175328226,60.18185492118696,1009.8829464992475,0,normal
2026-08-04 18:47:00,33.0030742635342,59.56516004951056,1010.0005583400084,0,normal
2026-08-04 18:48:00,33.27127783840896,59.50490859810899,1010.057916541125,0,normal
2026-08-04 18:49:00,33.50282969019399,60.61340076352377,1010.0625517548505,0,normal
2026-08-04 18:50:00,33.31786308707995,60.79844072313362,1010.0915089458689,0,normal
2026-08-04 18:51:00,32.88162810889416,60.66484400082712,1009.8321238793297,0,normal
2026-08-04 18:52:00,33.718615425426776,59.6702665961659,1010.0127773347582,0,normal
2026-08-04 18:53:00,32.40987545030599,58.100325176181975,1010.2123817007556,0,normal
2026-08-04 18:54:00,33.20817833499662,59.70102398124411,1009.874192242164,0,normal
2026-08-04 18:55:00,33.143213493340866,59.22076365019898,1010.0513549995186,0,normal
2026-08-04 18:56:00,33.40795258777718,59.73105262076397,1010.1645916928316,0,normal
2026-08-04 18:57:00,33.54840894532314,59.305770900292664,1009.9676641163048,0,normal
2026-08-04 18:58:00,33.74186272192935,59.83398854623876,1010.1665326872529,0,normal
2026-08-04 18:59:00,33.093751545897874,59.027222413386355,1009.8278355194974,0,normal
2026-08-04 19:00:00,33.543925861286304,58.842256953520106,1010.2581329796885,0,normal
2026-08-04 19:01:00,33.40261794408463,60.853297402569034,1010.1606238810311,0,normal
2026-08-04 19:02:00,32.73043296123221,59.107856592049366,1010.1013611328102,0,normal
2026-08-04 19:03:00,33.989981932248845,59.892411424504,1010.2903641675028,0,normal
2026-08-04 19:04:00,32.816473612969645,60.66444623876612,1010.0251636391159,0,normal
2026-08-04 19:05:00,33.46205208140831,60.6410905131854,1009.9697759339464,0,normal
2026-08-04 19:06:00,33.44682830999331,60.55446305588993,1010.3245856201579,0,normal
2026-08-04 19:07:00,33.40186076378344,60.16993922546311,1010.4053971917342,0,normal
2026-08-04 19:08:00,33.12726291216939,60.516034235463046,1009.9457663751236,0,normal
2026-08-04 19:09:00,33.58481165508935,61.044611530689274,1010.04663134416,0,normal
2026-08-04 19:10:00,32.74398459897136,60.295592202918336,1010.2517269321427,0,normal
2026-08-04 19:11:00,33.26184481525985,58.49536882410307,1010.046061537665,0,normal
2026-08-04 19:12:00,33.08223222840903,59.55198398237285,1010.1636561825749,0,normal
2026-08-04 19:13:00,33.03716946681866,60.54170952113433,1010.1935997942302,0,normal
2026-08-04 19:14:00,33.41885287218351,59.49286250042856,1009.948403534762,0,normal
2026-08-04 19:15:00,33.64040816779916,61.300672603863994,1010.1215733588203,0,normal
2026-08-04 19:16:00,33.137582937548565,59.964214727651694,1010.0414691782116,0,normal
2026-08-04 19:17:00,33.52532497219594,60.093250747515505,1009.8200218764345,0,normal
2026-08-04 19:18:00,33.26379243673927,60.935262259163785,1009.8573895565893,0,normal
2026-08-04 19:19:00,32.92815613796678,59.899723965848274,1009.9145552794421,0,normal
